family,context,variant,weight,seed,split,profile,baseline,delta_ER20,delta_F20,delta_LE_CD,delta_LF_CD,delta_SELD_LF,delta_LR_CD,delta_SELD_LR
Multi-ACCDOA,noncausal,A3_lambda005,0.05,2026,evaluation,dcase2020_source,A0,0.03732645474546703,-0.03125770480412804,0.003362057982945643,-0.04572472498963176,0.028581890659783005,,
Multi-ACCDOA,noncausal,A3_lambda005,0.05,2026,evaluation,dcase2020_web_lr,A0,0.03732645474546703,-0.03125770480412804,0.003362057982945643,,,-0.050982474774296405,0.02989632810594911
Multi-ACCDOA,noncausal,A3_lambda005,0.05,2026,evaluation,dcase2023_micro,A0,0.0375251284342194,-0.031334633862366346,-0.021245574328071726,,,-0.05033382036167533,0.02976888792244292
Multi-ACCDOA,noncausal,A3_lambda005,0.05,2026,evaluation,dcase2023_macro,A0,0.0375251284342194,-0.08239316475259967,-0.2941314887412787,,,-0.09337516673199842,0.05291484902311938
EINV2,causal,C1,0.2,2026,evaluation,dcase2020_source,C0.1,-0.020635763599120005,-0.0004937449622878232,0.6250194153201623,-0.00020684100728485255,-0.00411571188610893,,
EINV2,causal,C1,0.2,2026,evaluation,dcase2020_web_lr,C0.1,-0.020635763599120005,-0.0004937449622878232,0.6250194153201623,,,-0.017297625369850467,0.0001569842045324732
EINV2,causal,C1,0.2,2026,evaluation,dcase2023_micro,C0.1,-0.02538902538902532,-0.0003109982202859074,0.6302383431774299,,,-0.0180029768933595,-0.0008934315366541101
EINV2,causal,C1,0.2,2026,evaluation,dcase2023_macro,C0.1,-0.02538902538902532,0.0033921351301716696,0.6931603341378132,,,-0.009995037620079805,-0.003733808038476727
EINV2,causal,C2,0.2,2026,evaluation,dcase2020_source,C0.1,-0.0295121766178591,0.0058926318653131915,0.8917682547111649,0.014930980136774963,-0.011345380134554661,,
EINV2,causal,C2,0.2,2026,evaluation,dcase2020_web_lr,C0.1,-0.0295121766178591,0.0058926318653131915,0.8917682547111649,,,0.002503603671952126,-0.008238536018349008
EINV2,causal,C2,0.2,2026,evaluation,dcase2023_micro,C0.1,-0.023899932990842032,0.005214723069948524,0.8992680032821188,,,0.0030977183557434618,-0.006804110266241725
EINV2,causal,C2,0.2,2026,evaluation,dcase2023_macro,C0.1,-0.023899932990842032,0.011461987194877676,0.918591615943054,,,0.00889993924648802,-0.009789643169242135
Multi-ACCDOA,causal,C1_lambda005,0.05,2026,evaluation,dcase2020_source,C0,0.0006069342235035524,0.0036727213395276737,-0.24868096621649727,-0.003288471404118032,-0.00028971915883274635,,
Multi-ACCDOA,causal,C1_lambda005,0.05,2026,evaluation,dcase2020_web_lr,C0,0.0006069342235035524,0.0036727213395276737,-0.24868096621649727,,,-0.0059176086791593585,0.0003675651599275298
Multi-ACCDOA,causal,C1_lambda005,0.05,2026,evaluation,dcase2023_micro,C0,-0.006179733452460812,0.0035558789378680733,-0.3112258914609036,,,-0.006620500404333485,-0.0012110361790834134
Multi-ACCDOA,causal,C1_lambda005,0.05,2026,evaluation,dcase2023_macro,C0,-0.006179733452460812,0.009503435840805152,-0.10756027987680739,,,0.009421243839214999,-0.0064254925607267754
EINV2,causal,C3,0.2,2026,evaluation,dcase2020_source,C0.1,-0.021090964266747614,0.021480330088173405,-1.6065865954666805,-0.00762326441554162,-0.01096837775632642,,
EINV2,causal,C3,0.2,2026,evaluation,dcase2020_web_lr,C0.1,-0.021090964266747614,0.021480330088173405,-1.6065865954666805,,,-0.009786814353994311,-0.010427490271713191
EINV2,causal,C3,0.2,2026,evaluation,dcase2023_micro,C0.1,-0.029409574864120325,0.0253058735127073,-1.6683923921453552,,,-0.005814366796133674,-0.014542482050931005
EINV2,causal,C3,0.2,2026,evaluation,dcase2023_macro,C0.1,-0.029409574864120325,0.007742480650135386,-1.5272194418609502,,,-0.01900945860760439,-0.006656787340358683
Multi-ACCDOA,causal,C2_lambda005,0.05,2026,evaluation,dcase2020_source,C0,0.0022001365602002387,0.00028838981380430173,-0.215846652449029,-0.005749926679116113,0.0016156313390877086,,
Multi-ACCDOA,causal,C2_lambda005,0.05,2026,evaluation,dcase2020_web_lr,C0,0.0022001365602002387,0.00028838981380430173,-0.215846652449029,,,-0.007966011683483765,0.0021696525901795938
Multi-ACCDOA,causal,C2_lambda005,0.05,2026,evaluation,dcase2023_micro,C0,-0.00379718561536746,0.000519774653732874,-0.25716553308325096,,,-0.008397725184605576,0.0006630168773717471
Multi-ACCDOA,causal,C2_lambda005,0.05,2026,evaluation,dcase2023_macro,C0,-0.00379718561536746,-0.017508471379415413,-0.029503043165647114,,,-0.023491289943154914,0.009259667477959588
Multi-ACCDOA,causal,C3_lambda005,0.05,2026,evaluation,dcase2020_source,C0,0.0010621348911311612,0.009322824792361017,-0.6008430243572818,-0.004312559768644975,-0.001821536733642437,,
Multi-ACCDOA,causal,C3_lambda005,0.05,2026,evaluation,dcase2020_web_lr,C0,0.0010621348911311612,0.009322824792361017,-0.6008430243572818,,,-0.004476139898338505,-0.00178064170121911
Multi-ACCDOA,causal,C3_lambda005,0.05,2026,evaluation,dcase2023_micro,C0,-0.004020549475095003,0.00922897925218974,-0.6597227381832926,,,-0.005146842311711142,-0.0029419531847035274
Multi-ACCDOA,causal,C3_lambda005,0.05,2026,evaluation,dcase2023_macro,C0,-0.004020549475095003,-0.02943209486530851,-12.647467880521088,,,-0.03240527446859692,-0.00311172264713222
EINV2,noncausal,E1,0.2,2026,evaluation,dcase2020_source,E0,-0.0025794704498899867,-0.005741465562897452,-0.062628348133563,-0.0007418541901458298,0.0008889785089361835,,
EINV2,noncausal,E1,0.2,2026,evaluation,dcase2020_web_lr,E0,-0.0025794704498899867,-0.005741465562897452,-0.062628348133563,,,-0.010166148243684114,0.0032450520223207546
EINV2,noncausal,E1,0.2,2026,evaluation,dcase2023_micro,E0,-0.007892189710371478,-0.004255852403576399,-0.055318679712030416,,,-0.009687654186653849,0.001435997720364679
EINV2,noncausal,E1,0.2,2026,evaluation,dcase2023_macro,E0,-0.007892189710371478,-0.004579914263195928,-0.2751161591462665,,,-0.016624028613061226,0.002945832514879454
EINV2,noncausal,E2,0.2,2026,evaluation,dcase2020_source,E0,0.007131477126166463,-0.015100327695496185,1.4179489773999734,-0.003505587328459625,0.008403721617252752,,
EINV2,noncausal,E2,0.2,2026,evaluation,dcase2020_web_lr,E0,0.007131477126166463,-0.015100327695496185,1.4179489773999734,,,-0.008876413018739093,0.009746428039822619
EINV2,noncausal,E2,0.2,2026,evaluation,dcase2023_micro,E0,0.0018613654977291394,-0.013820700133235109,1.4219812611375158,,,-0.008662134211154804,0.00806102393433189
EINV2,noncausal,E2,0.2,2026,evaluation,dcase2023_macro,E0,0.0018613654977291394,-0.015672336935707687,1.1653822212325107,,,-0.01401344994063769,0.009505374511897063
Multi-ACCDOA,noncausal,A3_lambda005,0.05,2026,validation,dcase2020_source,A0,0.03194888178913735,-0.028394481665601545,0.4958553619323762,-0.020274957645909697,0.02084326827784605,,
Multi-ACCDOA,noncausal,A3_lambda005,0.05,2026,validation,dcase2020_web_lr,A0,0.03194888178913735,-0.028394481665601545,0.4958553619323762,,,-0.027993305948577518,0.022772855353512977
Multi-ACCDOA,noncausal,A3_lambda005,0.05,2026,validation,dcase2023_micro,A0,0.03150194087787406,-0.028962865802841686,0.505445411474648,,,-0.0273972602739726,0.02266752425460905
Multi-ACCDOA,noncausal,A3_lambda005,0.05,2026,validation,dcase2023_macro,A0,0.03150194087787406,-0.06138246401039382,12.440421951744275,,,-0.06811249129473396,0.05752758786761758
EINV2,noncausal,E3,0.2,2026,evaluation,dcase2020_source,E0,0.005007207343904141,-0.009320696255068817,0.11794959556825724,-0.008698644302313707,0.005920455858055368,,
EINV2,noncausal,E3,0.2,2026,evaluation,dcase2020_web_lr,E0,0.005007207343904141,-0.009320696255068817,0.11794959556825724,,,-0.007586677793794183,0.005642464230925487
EINV2,noncausal,E3,0.2,2026,evaluation,dcase2023_micro,E0,0.0051373687737324425,-0.008939946989019565,0.12127404819441168,,,-0.005767797961350407,0.00512971460907341
EINV2,noncausal,E3,0.2,2026,evaluation,dcase2023_macro,E0,0.0051373687737324425,-0.008798422741045142,0.0900848672317629,,,-0.00574019454746999,0.005044114386717147
EINV2,causal,C1,0.2,2026,validation,dcase2020_source,C0.1,-0.00030427506465846577,-0.004919971054097805,0.5069825155426244,-0.004721881206202538,0.003038536681608528,,
EINV2,causal,C1,0.2,2026,validation,dcase2020_web_lr,C0.1,-0.00030427506465846577,-0.004919971054097805,0.5069825155426244,,,-0.012323140118667308,0.0049388514097247205
EINV2,causal,C1,0.2,2026,validation,dcase2023_micro,C0.1,-0.014780531501940919,-0.0026218182611132956,0.5014299558798925,,,-0.012702406834356528,0.0008323538926598428
EINV2,causal,C1,0.2,2026,validation,dcase2023_macro,C0.1,-0.014780531501940919,0.0008241339770093115,0.9202963955439465,,,-0.01336569464968218,0.0007184467309384046
Multi-ACCDOA,causal,C1_lambda005,0.05,2026,validation,dcase2020_source,C0,-0.013083827780313473,0.013322972396814736,-1.1338842932461102,0.005551582335061589,-0.009564434924222598,,
Multi-ACCDOA,causal,C1_lambda005,0.05,2026,validation,dcase2020_web_lr,C0,-0.013083827780313473,0.013322972396814736,-1.1338842932461102,,,-0.0018256503879507946,-0.007720126743469502
Multi-ACCDOA,causal,C1_lambda005,0.05,2026,validation,dcase2023_micro,C0,-0.022693341295909164,0.013367151013579492,-1.1439456444672604,,,-0.0019234265085000812,-0.010123079845340499
Multi-ACCDOA,causal,C1_lambda005,0.05,2026,validation,dcase2023_macro,C0,-0.022693341295909164,0.01901081402713667,-0.6290655237749903,,,0.01563481571996861,-0.015208444877107874
EINV2,causal,C2,0.2,2026,validation,dcase2020_source,C0.1,-0.00045641259698769865,-0.00950265183779464,-0.013446054810511754,-0.0019810559349582313,0.002738148717815525,,
EINV2,causal,C2,0.2,2026,validation,dcase2020_web_lr,C0.1,-0.00045641259698769865,-0.00950265183779464,-0.013446054810511754,,,-0.009280389472082762,0.004562982102096713
EINV2,causal,C2,0.2,2026,validation,dcase2023_micro,C0.1,-0.0016422812779934848,-0.010441509263919624,0.008805186639140317,,,-0.010320036375750186,0.004792045516306798
EINV2,causal,C2,0.2,2026,validation,dcase2023_macro,C0.1,-0.0016422812779934848,0.0037447306441869,-0.2400882134769624,,,-0.011075169782992278,0.001088583613151728
EINV2,causal,C3,0.2,2026,validation,dcase2020_source,C0.1,-0.04092499619656176,0.047493895767329875,-4.670654223994401,0.005089948924480336,-0.029864229977640766,,
EINV2,causal,C3,0.2,2026,validation,dcase2020_web_lr,C0.1,-0.04092499619656176,0.047493895767329875,-4.670654223994401,,,0.005933363760839749,-0.03007508368673062
EINV2,causal,C3,0.2,2026,validation,dcase2023_micro,C0.1,-0.04478948939982086,0.04654609836924417,-4.649610497017987,,,0.006428820474261521,-0.030898894417801026
EINV2,causal,C3,0.2,2026,validation,dcase2023_macro,C0.1,-0.04478948939982086,0.03850654503483675,-4.357713239835363,,,-0.005309477664864226,-0.025549018692219594
Multi-ACCDOA,causal,C2_lambda005,0.05,2026,validation,dcase2020_source,C0,-0.006846188954815147,0.012197625628063258,-0.6465577418558581,0.01593481818384135,-0.009642655055368654,,
Multi-ACCDOA,causal,C2_lambda005,0.05,2026,validation,dcase2020_web_lr,C0,-0.006846188954815147,0.012197625628063258,-0.6465577418558581,,,0.014909478168264045,-0.009386320051474273
Multi-ACCDOA,causal,C2_lambda005,0.05,2026,validation,dcase2023_micro,C0,-0.016273514481934925,0.01242892301782439,-0.6558642023854979,,,0.014727522144885596,-0.01176841241447435
Multi-ACCDOA,causal,C2_lambda005,0.05,2026,validation,dcase2023_macro,C0,-0.016273514481934925,-0.010283408156533724,-0.03990324383846655,,,-0.007856451010595566,0.00041116499930071715
Multi-ACCDOA,causal,C3_lambda005,0.05,2026,validation,dcase2020_source,C0,0.00030427506465835474,0.0020705691628865597,-0.8338599822489758,0.0028360272760524774,-0.0023087192078048435,,
Multi-ACCDOA,causal,C3_lambda005,0.05,2026,validation,dcase2020_web_lr,C0,0.00030427506465835474,0.0020705691628865597,-0.8338599822489758,,,0.0021299254526091493,-0.0021321937519440115
Multi-ACCDOA,causal,C3_lambda005,0.05,2026,validation,dcase2023_micro,C0,-0.005673335323977291,0.0023517787198674145,-0.8510795114541985,,,0.0018827211909434594,-0.0036590136857166944
Multi-ACCDOA,causal,C3_lambda005,0.05,2026,validation,dcase2023_macro,C0,-0.005673335323977291,-0.03016821392216723,-0.17191967142527886,,,-0.02142569460424243,0.011241365979183904
EINV2,noncausal,E1,0.2,2026,validation,dcase2020_source,E0,-0.0021299254526091493,-0.0007015797728101569,0.05100143538625446,0.0020235416391239935,-0.0007921365028054073,,
EINV2,noncausal,E1,0.2,2026,validation,dcase2020_web_lr,E0,-0.0021299254526091493,-0.0007015797728101569,0.05100143538625446,,,0.002586338049596848,-0.0009328356054236209
EINV2,noncausal,E1,0.2,2026,validation,dcase2023_micro,E0,-0.001492982979994062,-0.0008754453334409718,0.09211894831139844,,,0.0015572578062892362,-0.0004157558794448124
EINV2,noncausal,E1,0.2,2026,validation,dcase2023_macro,E0,-0.001492982979994062,-0.010235043160720547,-0.007525875573067609,,,-0.014730803611804566,0.005857763343170119
EINV2,noncausal,E2,0.2,2026,validation,dcase2020_source,E0,-0.007454739084132078,0.003755077167671872,0.8762833341718714,0.005301637055960984,-0.002910803140591417,,
EINV2,noncausal,E2,0.2,2026,validation,dcase2020_web_lr,E0,-0.007454739084132078,0.003755077167671872,0.8762833341718714,,,0.005172676099193696,-0.002878562901399595
EINV2,noncausal,E2,0.2,2026,validation,dcase2023_micro,E0,-0.002388772767990488,-0.0004416659258605904,0.8378739871672263,,,0.0029799341707202887,-6.804638214696901e-05
EINV2,noncausal,E2,0.2,2026,validation,dcase2023_macro,E0,-0.002388772767990488,-0.025639343772666523,1.020418275990279,,,-0.01542308552866023,0.011085661738876096
EINV2,noncausal,E3,0.2,2026,validation,dcase2020_source,E0,0.022820629849383822,-0.01517552589830673,-0.817786102611537,-0.02672507683610359,0.015044494114543588,,
EINV2,noncausal,E3,0.2,2026,validation,dcase2020_web_lr,E0,0.022820629849383822,-0.01517552589830673,-0.817786102611537,,,-0.022059942187737658,0.013878210452452161
EINV2,noncausal,E3,0.2,2026,validation,dcase2023_micro,E0,0.02269334129590922,-0.016407888042036523,-0.8507784003239944,,,-0.02453405105849349,0.01472718343199314
EINV2,noncausal,E3,0.2,2026,validation,dcase2023_macro,E0,0.02269334129590922,-0.019791726693392575,-0.6126347516067465,,,-0.022591323943387587,0.01541821638371843
Multi-ACCDOA,noncausal,A3_lambda005,0.05,2027,evaluation,dcase2020_source,A0,0.004931340565966225,-0.007470591118550196,-0.05465360190600599,-0.012783742788665453,0.006220510837870563,,
Multi-ACCDOA,noncausal,A3_lambda005,0.05,2027,evaluation,dcase2020_web_lr,A0,0.004931340565966225,-0.007470591118550196,-0.05465360190600599,,,-0.012973219027387906,0.006267879897551176
Multi-ACCDOA,noncausal,A3_lambda005,0.05,2027,evaluation,dcase2023_micro,A0,0.011168192986374725,-0.007550619189780061,-0.0576039344230157,,,-0.01298514533434536,0.007845983913148613
Multi-ACCDOA,noncausal,A3_lambda005,0.05,2027,evaluation,dcase2023_macro,A0,0.011168192986374725,-0.008384743584889498,0.06198515543230165,,,-0.00955524440412392,0.007363135737503024
EINV2,causal,C1,0.2,2027,evaluation,dcase2020_source,C0.1,-7.58667779379163e-05,-0.014618408064893451,3.1266776469612907,0.020865028757881543,0.002761985975270387,,
EINV2,causal,C1,0.2,2027,evaluation,dcase2020_web_lr,C0.1,-7.58667779379163e-05,-0.014618408064893451,3.1266776469612907,,,0.016311357256657333,0.0039004038505764393
EINV2,causal,C1,0.2,2027,evaluation,dcase2023_micro,C0.1,-0.0034249125158216653,-0.01418507908003086,3.1934800148940177,,,0.013276080575220783,0.0038064104068221694
EINV2,causal,C1,0.2,2027,evaluation,dcase2023_macro,C0.1,-0.0034249125158216653,-0.007571696960476326,2.598129813850182,,,0.011628666068382532,0.0017380432244155641
EINV2,causal,C2,0.2,2027,evaluation,dcase2020_source,C0.1,-0.019801229041802593,-0.0027020446528167597,0.3925312987313774,-0.0005939741912834862,-0.0035811201900764478,,
EINV2,causal,C2,0.2,2027,evaluation,dcase2020_web_lr,C0.1,-0.019801229041802593,-0.0027020446528167597,0.3925312987313774,,,-0.015173355587588144,6.372515899977227e-05
EINV2,causal,C2,0.2,2027,evaluation,dcase2023_micro,C0.1,-0.02136847591393043,-0.004149809101884672,0.40564919104383534,,,-0.01554144971387128,0.00014409737968390512
EINV2,causal,C2,0.2,2027,evaluation,dcase2023_macro,C0.1,-0.02136847591393043,-0.004997192674952355,0.2146099116076332,,,-0.018709014488676012,0.0008825021341017925
Multi-ACCDOA,causal,C1_lambda005,0.05,2027,evaluation,dcase2020_source,C0,0.007131477126166352,-0.00967080680727117,-0.005381375685903578,-0.015447315039298193,0.008054925610286978,,
Multi-ACCDOA,causal,C1_lambda005,0.05,2027,evaluation,dcase2020_web_lr,C0,0.007131477126166352,-0.00967080680727117,-0.005381375685903578,,,-0.023670434716637545,0.010110705529621733
Multi-ACCDOA,causal,C1_lambda005,0.05,2027,evaluation,dcase2023_micro,C0,0.002531457076911714,-0.009493801155679382,-0.021256340377167504,,,-0.023453831415334858,0.008840249717013304
Multi-ACCDOA,causal,C1_lambda005,0.05,2027,evaluation,dcase2023_macro,C0,0.002531457076911714,-0.03550361461386614,11.849226097445168,,,-0.049768378920944656,0.03840812112160441
Multi-ACCDOA,causal,C2_lambda005,0.05,2027,evaluation,dcase2020_source,C0,0.009028146574614926,-0.010167499546533898,-0.072862457056317,-0.01006409200349545,0.007213736674138438,,
Multi-ACCDOA,causal,C2_lambda005,0.05,2027,evaluation,dcase2020_web_lr,C0,0.009028146574614926,-0.010167499546533898,-0.072862457056317,,,-0.004703740232152365,0.005873648731302583
Multi-ACCDOA,causal,C2_lambda005,0.05,2027,evaluation,dcase2023_micro,C0,0.013550740823468188,-0.009742199688021536,-0.07781128637881629,,,-0.004914713877329668,0.006943842366123165
Multi-ACCDOA,causal,C2_lambda005,0.05,2027,evaluation,dcase2023_macro,C0,0.013550740823468188,-0.012879001461715556,-12.32297676458754,,,-0.0010884205241233902,-0.010235704804044787
EINV2,causal,C3,0.2,2027,evaluation,dcase2020_source,C0.1,0.0009104013352553286,0.001752552877291147,0.6593358541813146,0.008488296201800805,-0.0014168676940406466,,
EINV2,causal,C3,0.2,2027,evaluation,dcase2020_web_lr,C0.1,0.0009104013352553286,0.001752552877291147,0.6593358541813146,,,0.013352552917077598,-0.0026329318728597895
EINV2,causal,C3,0.2,2027,evaluation,dcase2023_micro,C0.1,0.012136103045193969,-0.0013578923752194383,0.663690735377406,,,0.012696762696762676,0.0011211008689369084
EINV2,causal,C3,0.2,2027,evaluation,dcase2023_macro,C0.1,0.012136103045193969,-0.0008712662712502262,0.5033840053873444,,,0.014496130644866767,0.00032695411982130995
Multi-ACCDOA,causal,C3_lambda005,0.05,2027,evaluation,dcase2020_source,C0,0.0012138684470069938,-0.006619701584099635,-0.9455643362259654,-0.02766032183221734,0.0075601891655171505,,
Multi-ACCDOA,causal,C3_lambda005,0.05,2027,evaluation,dcase2020_web_lr,C0,0.0012138684470069938,-0.006619701584099635,-0.9455643362259654,,,-0.034595250739701044,0.00929392139238805
Multi-ACCDOA,causal,C3_lambda005,0.05,2027,evaluation,dcase2023_micro,C0,0.006254188072369882,-0.006467689635773433,-0.9003542333760848,,,-0.03379029270100031,0.01037755061148582
Multi-ACCDOA,causal,C3_lambda005,0.05,2027,evaluation,dcase2023_macro,C0,0.006254188072369882,-0.020536088048882017,11.56371431723013,,,-0.03441300801330699,0.03136153536312597
EINV2,noncausal,E1,0.2,2027,evaluation,dcase2020_source,E0,-0.010166148243684114,0.010182496739067015,0.024672833069425693,0.00636388219275652,-0.006643863970169389,,
EINV2,noncausal,E1,0.2,2027,evaluation,dcase2020_web_lr,E0,-0.010166148243684114,0.010182496739067015,0.024672833069425693,,,0.0025794704498899312,-0.005697761034452742
EINV2,noncausal,E1,0.2,2027,evaluation,dcase2023_micro,E0,-0.006254188072369882,0.009250497772721689,0.02941297817812938,,,0.0037192416987623655,-0.004765130527382755
EINV2,noncausal,E1,0.2,2027,evaluation,dcase2023_macro,E0,-0.006254188072369882,0.003578982005865483,0.32861213654591737,,,0.004268146352154334,-0.0030689233623946988
EINV2,noncausal,E2,0.2,2027,evaluation,dcase2020_source,E0,-0.0008345345573173568,0.0001278065560648134,-0.07695456023966152,-0.004364358318729944,0.0007436229676707484,,
EINV2,noncausal,E2,0.2,2027,evaluation,dcase2020_web_lr,E0,-0.0008345345573173568,0.0001278065560648134,-0.07695456023966152,,,-0.013276686139139682,0.002971704922773183
EINV2,noncausal,E2,0.2,2027,evaluation,dcase2023_micro,E0,-0.004765095674186592,0.0019431985322850842,-0.08220620508287801,,,-0.012829255310656484,0.0014160649912088319
EINV2,noncausal,E2,0.2,2027,evaluation,dcase2023_macro,E0,-0.004765095674186592,0.0004397374519029551,0.02777926514331952,,,-0.008554127374529097,0.0008759058748089577
Multi-ACCDOA,noncausal,A3_lambda005,0.05,2027,validation,dcase2020_source,A0,0.0034991632435722453,0.0037145322134436443,-0.08695646816978986,-0.007227669000884784,0.0016323021352953049,,
Multi-ACCDOA,noncausal,A3_lambda005,0.05,2027,validation,dcase2020_web_lr,A0,0.0034991632435722453,0.0037145322134436443,-0.08695646816978986,,,-0.006237638825498215,0.0013847945914486348
Multi-ACCDOA,noncausal,A3_lambda005,0.05,2027,validation,dcase2023_micro,A0,0.0037324574499850716,0.004108560078985857,-0.14802488978414807,,,-0.006402355008718663,0.0013009729702292416
Multi-ACCDOA,noncausal,A3_lambda005,0.05,2027,validation,dcase2023_macro,A0,0.0037324574499850716,-0.007973672519716812,-0.050906896844058025,,,-0.015260946886379467,0.0066710651906258245
EINV2,noncausal,E3,0.2,2027,evaluation,dcase2020_source,E0,0.023215234049009936,-0.024029138092099833,2.270109497086061,-0.005419094249807022,0.016318796454793172,,
EINV2,noncausal,E3,0.2,2027,evaluation,dcase2020_web_lr,E0,0.023215234049009936,-0.024029138092099833,2.270109497086061,,,-0.01813215992716788,0.019497062874133386
EINV2,noncausal,E3,0.2,2027,evaluation,dcase2023_micro,E0,0.03231330504057778,-0.027470745584811107,2.313514276561463,,,-0.01977600889402753,0.02310322915285612
EINV2,noncausal,E3,0.2,2027,evaluation,dcase2023_macro,E0,0.03231330504057778,-0.03220072038773225,2.4377432213853965,,,-0.013575763361487247,0.022908201671595713
EINV2,causal,C1,0.2,2027,validation,dcase2020_source,C0.1,0.009584664536741117,-0.033978882078041006,3.986854349975573,0.016755242875245435,0.01223937364318356,,
EINV2,causal,C1,0.2,2027,validation,dcase2020_web_lr,C0.1,0.009584664536741117,-0.033978882078041006,3.986854349975573,,,0.008215426745778132,0.014374327675550358
EINV2,causal,C1,0.2,2027,validation,dcase2023_micro,C0.1,0.02239474469991043,-0.03549856567176535,3.9851626088827015,,,0.0074220305521436325,0.01815276802277571
EINV2,causal,C1,0.2,2027,validation,dcase2023_macro,C0.1,0.02239474469991043,-0.026412771505648913,3.566910645167047,,,0.008595651836208695,0.015007008655069598
EINV2,causal,C2,0.2,2027,validation,dcase2020_source,C0.1,-0.010497489730716625,-0.002682524181416901,1.121036541874176,0.011160005239861381,-0.0031867475002428924,,
EINV2,causal,C2,0.2,2027,validation,dcase2020_web_lr,C0.1,-0.010497489730716625,-0.002682524181416901,1.121036541874176,,,0.006389776357827448,-0.001994190279734409
EINV2,causal,C2,0.2,2027,validation,dcase2023_micro,C0.1,0.0037324574499850716,-0.006752609510943364,1.156352323212694,,,0.007649974893403688,0.0023148179102321365
EINV2,causal,C2,0.2,2027,validation,dcase2023_macro,C0.1,0.0037324574499850716,-0.0031532398513992588,0.920573385593471,,,-0.004235622947091677,0.004058904208776581
Multi-ACCDOA,causal,C1_lambda005,0.05,2027,validation,dcase2020_source,C0,-0.007150464019473612,0.006218794284851115,-0.10588061086800593,0.01665124469128154,-0.00765218215288499,,
Multi-ACCDOA,causal,C1_lambda005,0.05,2027,validation,dcase2020_web_lr,C0,-0.007150464019473612,0.006218794284851115,-0.10588061086800593,,,0.009888939601399582,-0.0059616058804145
Multi-ACCDOA,causal,C1_lambda005,0.05,2027,validation,dcase2023_micro,C0,-0.007464914899970143,0.006112502896036209,-0.09406764945490131,,,0.00981910193989366,-0.005979779447106814
Multi-ACCDOA,causal,C1_lambda005,0.05,2027,validation,dcase2023_macro,C0,-0.007464914899970143,-0.03426543785208658,11.45994558551265,,,-0.029747522371785018,0.030053602421965198
EINV2,causal,C3,0.2,2027,validation,dcase2020_source,C0.1,-0.010345352198387392,0.009826286979411236,0.5090858251670785,0.017776111309091513,-0.00877987397565716,,
EINV2,causal,C3,0.2,2027,validation,dcase2020_web_lr,C0.1,-0.010345352198387392,0.009826286979411236,0.5090858251670785,,,0.022516354784725356,-0.00996493484456562
EINV2,causal,C3,0.2,2027,validation,dcase2023_micro,C0.1,-0.005374738727978445,0.010767614482784738,0.4907170576699933,,,0.024289544426270626,-0.00942642294027235
EINV2,causal,C3,0.2,2027,validation,dcase2023_macro,C0.1,-0.005374738727978445,0.007447471235689895,0.7273517706362735,,,0.030220050364860196,-0.009750354289581709
Multi-ACCDOA,causal,C2_lambda005,0.05,2027,validation,dcase2020_source,C0,0.0044119884375475316,-0.006416658417639887,0.6037447124399815,0.001063930809177549,0.003279713334335743,,
Multi-ACCDOA,causal,C2_lambda005,0.05,2027,validation,dcase2020_web_lr,C0,0.0044119884375475316,-0.006416658417639887,0.6037447124399815,,,0.0028906131142552027,0.0028230427580663298
Multi-ACCDOA,causal,C2_lambda005,0.05,2027,validation,dcase2023_micro,C0,0.008510002985965937,-0.0065291678369487904,0.6166324347893131,,,0.002898659828681649,0.0038915616857656543
Multi-ACCDOA,causal,C2_lambda005,0.05,2027,validation,dcase2023_macro,C0,0.008510002985965937,-0.017421779901520884,12.142488685255444,,,-0.003729010635625918,0.024279765999188574
Multi-ACCDOA,causal,C3_lambda005,0.05,2027,validation,dcase2020_source,C0,-0.006846188954815147,0.002461331228474084,-0.7424763235567173,-0.001800573293033736,-0.002907953838614974,,
Multi-ACCDOA,causal,C3_lambda005,0.05,2027,validation,dcase2020_web_lr,C0,-0.006846188954815147,0.002461331228474084,-0.7424763235567173,,,-0.012018865054008843,-0.0003533808983711695
Multi-ACCDOA,causal,C3_lambda005,0.05,2027,validation,dcase2023_micro,C0,-0.007763511495968878,0.002281688192707576,-0.7353458044313328,,,-0.011842734552136469,-0.0005719299014006474
Multi-ACCDOA,causal,C3_lambda005,0.05,2027,validation,dcase2023_macro,C0,-0.007763511495968878,-0.02985430467915784,11.20637680516775,,,-0.023410313475492106,0.026939688894069946
EINV2,noncausal,E1,0.2,2027,validation,dcase2020_source,E0,-0.013692377909630293,0.006239254635772684,-0.10337923165048757,0.004156636297735661,-0.006165649476965851,,
EINV2,noncausal,E1,0.2,2027,validation,dcase2020_web_lr,E0,-0.013692377909630293,0.006239254635772684,-0.10337923165048757,,,0.0,-0.005126490402531936
EINV2,noncausal,E1,0.2,2027,validation,dcase2023_micro,E0,-0.01567632128993729,0.005935084360069287,-0.17783003603839553,,,6.603423935103159e-05,-0.005666346133503919
EINV2,noncausal,E1,0.2,2027,validation,dcase2023_macro,E0,-0.01567632128993729,-0.006783522516066065,-0.06848440777027598,,,-0.012544235277462401,0.0008177418928836389
EINV2,noncausal,E2,0.2,2027,validation,dcase2020_source,E0,-0.016582991023885607,0.013216770105006548,-0.20623407951884154,0.007953427923925505,-0.009724733484758302,,
EINV2,noncausal,E2,0.2,2027,validation,dcase2020_web_lr,E0,-0.016582991023885607,0.013216770105006548,-0.20623407951884154,,,0.0030427506465844356,-0.008497064165423063
EINV2,noncausal,E2,0.2,2027,validation,dcase2023_micro,E0,-0.007912809793968356,0.01109278510505729,-0.1959639367246524,,,0.005092526189413693,-0.006296702406449695
EINV2,noncausal,E2,0.2,2027,validation,dcase2023_macro,E0,-0.007912809793968356,0.01286818314812288,-0.3928893791729742,,,-0.00021683878713785187,-0.005686718232034205
EINV2,noncausal,E3,0.2,2027,validation,dcase2020_source,E0,0.006846188954815147,-0.0202060283212947,1.5986690539418493,0.004339569646963803,0.00789853559331688,,
EINV2,noncausal,E3,0.2,2027,validation,dcase2020_web_lr,E0,0.006846188954815147,-0.0202060283212947,1.5986690539418493,,,0.0007606876616460534,0.008793256089646262
EINV2,noncausal,E3,0.2,2027,validation,dcase2023_micro,E0,0.026724395341893137,-0.023745918670228572,1.5564492240584489,,,-0.00016012866999837172,0.014819345703944498
EINV2,noncausal,E3,0.2,2027,validation,dcase2023_macro,E0,0.026724395341893137,-0.029134092536056366,1.8062740533360788,,,-0.0010330841189123419,0.01673160696218229
Multi-ACCDOA,noncausal,A3_lambda005,0.05,2028,evaluation,dcase2020_source,A0,0.01722175859191255,-0.012974552962402575,-0.027994197569435997,-0.009407615241866285,0.009862100869087842,,
Multi-ACCDOA,noncausal,A3_lambda005,0.05,2028,evaluation,dcase2020_web_lr,A0,0.01722175859191255,-0.012974552962402575,-0.027994197569435997,,,-0.020863363932933754,0.012726038041854681
Multi-ACCDOA,noncausal,A3_lambda005,0.05,2028,evaluation,dcase2023_micro,A0,0.009604645968282366,-0.013186637597129791,-0.03527134128427356,,,-0.020726222148395923,0.01083038845444606
Multi-ACCDOA,noncausal,A3_lambda005,0.05,2028,evaluation,dcase2023_macro,A0,0.009604645968282366,-0.048192394320071386,0.1556124255807525,,,-0.052182616408083304,0.02771104254297141
EINV2,causal,C1,0.2,2028,evaluation,dcase2020_source,C0.1,0.12244897959183676,-0.04169391056205407,-1.0653024250206187,-0.0720678260653208,0.05757309235338537,,
EINV2,causal,C1,0.2,2028,evaluation,dcase2020_web_lr,C0.1,0.12244897959183676,-0.04169391056205407,-1.0653024250206187,,,-0.030953645398679952,0.047294547186725155
EINV2,causal,C1,0.2,2028,evaluation,dcase2023_micro,C0.1,0.13394386121658852,-0.042277547655574566,-1.077966568316656,,,-0.028225012157771734,0.049614429468154975
EINV2,causal,C1,0.2,2028,evaluation,dcase2023_macro,C0.1,0.13394386121658852,-0.0420301403590998,-1.3134968864811576,,,-0.04109214711563103,0.05244223594160602
EINV2,causal,C2,0.2,2028,evaluation,dcase2020_source,C0.1,0.04870647143615814,-0.03890326754377116,1.0959142225147236,-0.03449210327465213,0.032047563650471345,,
EINV2,causal,C2,0.2,2028,evaluation,dcase2020_web_lr,C0.1,0.04870647143615814,-0.03890326754377116,1.0959142225147236,,,-0.0295121766178591,0.030802581986273114
EINV2,causal,C2,0.2,2028,evaluation,dcase2023_micro,C0.1,0.06053160598615137,-0.04082843132374658,1.058212484909463,,,-0.02645723635224273,0.03342405797790943
EINV2,causal,C2,0.2,2028,evaluation,dcase2023_macro,C0.1,0.06053160598615137,-0.04250036273491209,0.7375618635689172,,,-0.033037749806247074,0.03504182110900678
Multi-ACCDOA,causal,C1_lambda005,0.05,2028,evaluation,dcase2020_source,C0,-0.006448676124724995,0.003052608162607051,-0.006516387991348793,0.0073272293794816035,-0.004216178955580296,,
Multi-ACCDOA,causal,C1_lambda005,0.05,2028,evaluation,dcase2020_web_lr,C0,-0.006448676124724995,0.003052608162607051,-0.006516387991348793,,,0.0006069342235035524,-0.002536105166585756
Multi-ACCDOA,causal,C1_lambda005,0.05,2028,evaluation,dcase2023_micro,C0,-0.009455736728464004,0.002996820965992686,-0.03519055672189708,,,0.000527428759308668,-0.00329387238666623
Multi-ACCDOA,causal,C1_lambda005,0.05,2028,evaluation,dcase2023_macro,C0,-0.009455736728464004,-0.015146820017466922,-11.734322479315672,,,-0.012031978147356903,-0.011866904751070662
Multi-ACCDOA,causal,C2_lambda005,0.05,2028,evaluation,dcase2020_source,C0,-7.58667779379163e-05,0.003272447395681388,-0.3942194612004428,-0.0026990101611998885,-0.0007098530325500008,,
Multi-ACCDOA,causal,C2_lambda005,0.05,2028,evaluation,dcase2020_web_lr,C0,-7.58667779379163e-05,0.003272447395681388,-0.3942194612004428,,,0.00174493589257263,-0.0018208395459931026
Multi-ACCDOA,causal,C2_lambda005,0.05,2028,evaluation,dcase2023_micro,C0,0.005881914972824087,0.0035397601992092076,-0.41656926761518065,,,0.0013451622648776862,-0.0003293203000589995
Multi-ACCDOA,causal,C2_lambda005,0.05,2028,evaluation,dcase2023_macro,C0,0.005881914972824087,-0.010672777390873744,-0.12515798817906187,,,-0.013595739797686412,0.007363777501208479
EINV2,causal,C3,0.2,2028,evaluation,dcase2020_source,C0.1,0.05864501934602839,-0.023839939072543004,-0.5848107422685214,-0.04597678118613757,0.03130319775913759,,
EINV2,causal,C3,0.2,2028,evaluation,dcase2020_web_lr,C0.1,0.05864501934602839,-0.023839939072543004,-0.5848107422685214,,,-0.025415370609210286,0.026162845114905797
EINV2,causal,C3,0.2,2028,evaluation,dcase2023_micro,C0.1,0.06909388727570542,-0.026845779511567636,-0.5867075638085577,,,-0.024398928857857216,0.029269777294881782
EINV2,causal,C3,0.2,2028,evaluation,dcase2023_macro,C0.1,0.06909388727570542,-0.025510606509795974,-0.6350585892731981,,,-0.02693684396988283,0.02950330862041095
Multi-ACCDOA,causal,C3_lambda005,0.05,2028,evaluation,dcase2020_source,C0,-0.002503603671952015,-0.0015600117820204762,-0.806578338448162,-0.014607115270605764,0.002295633152879395,,
Multi-ACCDOA,causal,C3_lambda005,0.05,2028,evaluation,dcase2020_web_lr,C0,-0.002503603671952015,-0.0015600117820204762,-0.806578338448162,,,-0.026553372278279364,0.00528219740479785
Multi-ACCDOA,causal,C3_lambda005,0.05,2028,evaluation,dcase2023_micro,C0,-0.00014890923981836224,-0.0009301797426491953,-0.8475652986123219,,,-0.02639087395794404,0.005615862089343282
Multi-ACCDOA,causal,C3_lambda005,0.05,2028,evaluation,dcase2023_macro,C0,-0.00014890923981836224,-0.0288577879385305,-0.4343169622390093,,,-0.04169474904901804,0.016997688933822752
EINV2,noncausal,E1,0.2,2028,evaluation,dcase2020_source,E0,-0.022835900159320244,0.015392690815680954,-0.40244542099292424,0.013151349131305778,-0.013403937000178029,,
EINV2,noncausal,E1,0.2,2028,evaluation,dcase2020_web_lr,E0,-0.022835900159320244,0.015392690815680954,-0.40244542099292424,,,0.01395948714058115,-0.013605971502496872
EINV2,noncausal,E1,0.2,2028,evaluation,dcase2023_micro,E0,-0.019283746556473857,0.014926462322568224,-0.3827028303149138,,,0.014074979752711436,-0.012602828866709076
EINV2,noncausal,E1,0.2,2028,evaluation,dcase2023_macro,E0,-0.019283746556473857,0.015669735803557572,-0.40545731827239173,,,0.008629426541210794,-0.011458862389577745
EINV2,noncausal,E2,0.2,2028,evaluation,dcase2020_source,E0,0.015021622031712312,-0.02560992930546535,2.828180275335006,0.013090445081464064,0.010813304724115902,,
EINV2,noncausal,E2,0.2,2028,evaluation,dcase2020_web_lr,E0,0.015021622031712312,-0.02560992930546535,2.828180275335006,,,0.006524542902662911,0.01245478026881619
EINV2,noncausal,E2,0.2,2028,evaluation,dcase2023_micro,E0,0.017422381058744663,-0.028135248354469122,2.8779568427772197,,,0.0032843017261056096,0.014565494203412077
EINV2,noncausal,E2,0.2,2028,evaluation,dcase2023_macro,E0,0.017422381058744663,-0.024078850536435326,2.6420949979292594,,,0.00271114011095841,0.013367099257068277
EINV2,noncausal,E3,0.2,2028,evaluation,dcase2020_source,E0,0.023898035050451405,-0.034018284585970116,2.89924903970039,0.003964782075127848,0.01751461916768507,,
EINV2,noncausal,E3,0.2,2028,evaluation,dcase2020_web_lr,E0,0.023898035050451405,-0.034018284585970116,2.89924903970039,,,0.0006828010014414687,0.018335114436106664
EINV2,noncausal,E3,0.2,2028,evaluation,dcase2023_micro,E0,0.029409574864120325,-0.034371112734355336,2.9326968002856404,,,-0.00227141985948065,0.020586216864885792
EINV2,noncausal,E3,0.2,2028,evaluation,dcase2023_macro,E0,0.029409574864120325,-0.03298361713732412,2.6360146456993014,,,-0.004352557669190293,0.02034756887001893
Multi-ACCDOA,noncausal,A3_lambda005,0.05,2028,validation,dcase2020_source,A0,0.005324813631522929,0.003740610065256167,-0.300585817999087,-0.007757007043820541,0.0019178223497453573,,
Multi-ACCDOA,noncausal,A3_lambda005,0.05,2028,validation,dcase2020_web_lr,A0,0.005324813631522929,0.003740610065256167,-0.300585817999087,,,-0.01734367868553177,0.004314490260173165
Multi-ACCDOA,noncausal,A3_lambda005,0.05,2028,validation,dcase2023_micro,A0,0.004926843833980232,0.0030112821097878495,-0.3301663556922261,,,-0.017100001543537635,0.004295326434026636
Multi-ACCDOA,noncausal,A3_lambda005,0.05,2028,validation,dcase2023_macro,A0,0.004926843833980232,-0.029948004959181762,12.013909301640927,,,-0.05528219655924671,0.039225246479270226
EINV2,causal,C1,0.2,2028,validation,dcase2020_source,C0.1,0.019017191541153222,0.023221443531175834,-3.051373876075848,-0.033641524994920124,0.0031212989788967915,,
EINV2,causal,C1,0.2,2028,validation,dcase2020_web_lr,C0.1,0.019017191541153222,0.023221443531175834,-3.051373876075848,,,-0.00973680206907035,-0.0028548817525657078
EINV2,causal,C1,0.2,2028,validation,dcase2023_micro,C0.1,0.039265452373842935,0.016695664683636147,-3.016908993383433,,,-0.008856856550777503,0.003666509680546881
EINV2,causal,C1,0.2,2028,validation,dcase2023_macro,C0.1,0.039265452373842935,0.013285212360830578,-3.653939270356311,,,-0.023352535034621424,0.007258278108635774
EINV2,causal,C2,0.2,2028,validation,dcase2020_source,C0.1,0.01886505400882399,-0.005693183500950605,1.0725605686975666,-0.014085894103920693,0.011150700359948196,,
EINV2,causal,C2,0.2,2028,validation,dcase2020_web_lr,C0.1,0.01886505400882399,-0.005693183500950605,1.0725605686975666,,,-0.010345352198387281,0.010215564883564787
EINV2,causal,C2,0.2,2028,validation,dcase2023_micro,C0.1,0.029859659599880573,-0.009932685567879962,1.1475965730448632,,,-0.008558838371668598,0.013681680014086262
EINV2,causal,C2,0.2,2028,validation,dcase2023_macro,C0.1,0.029859659599880573,-0.007847963594809548,0.1112953117248292,,,-0.019486888701852,0.014453204795975616
Multi-ACCDOA,causal,C1_lambda005,0.05,2028,validation,dcase2020_source,C0,-0.0030427506465844356,0.0015306808740719324,0.5581661854286679,0.006176001266006592,-0.0019121273835703279,,
Multi-ACCDOA,causal,C1_lambda005,0.05,2028,validation,dcase2020_web_lr,C0,-0.0030427506465844356,0.0015306808740719324,0.5581661854286679,,,0.008976114407424296,-0.0026121556689248093
Multi-ACCDOA,causal,C1_lambda005,0.05,2028,validation,dcase2023_micro,C0,-0.0028366676619886455,0.001687687311237862,0.5617956763388072,,,0.008795468097793635,-0.002549683995062224
Multi-ACCDOA,causal,C1_lambda005,0.05,2028,validation,dcase2023_macro,C0,-0.0028366676619886455,-0.0012073711324885883,-12.183585940228703,,,-0.008728407616204192,-0.015146869367530569
EINV2,causal,C3,0.2,2028,validation,dcase2020_source,C0.1,0.012475277650996541,0.014891879282348697,-1.258367630907184,-0.019595553414942568,0.0025470051251932357,,
EINV2,causal,C3,0.2,2028,validation,dcase2020_web_lr,C0.1,0.012475277650996541,0.014891879282348697,-1.258367630907184,,,-0.0045641259698767644,-0.0012108517360732707
EINV2,causal,C3,0.2,2028,validation,dcase2023_micro,C0.1,0.02045386682591821,0.01094675000580303,-1.2050044669821585,,,-0.0023542845624398012,0.0012917330303857666
EINV2,causal,C3,0.2,2028,validation,dcase2023_macro,C0.1,0.02045386682591821,0.004503783351815227,-1.802130852103522,,,-0.02467227846985587,0.0076526309691793415
Multi-ACCDOA,causal,C2_lambda005,0.05,2028,validation,dcase2020_source,C0,-0.001217100258633752,0.011255739209086513,-0.36460378510472147,-0.009967186624961322,-0.0011328073566685415,,
Multi-ACCDOA,causal,C2_lambda005,0.05,2028,validation,dcase2020_web_lr,C0,-0.001217100258633752,0.011255739209086513,-0.36460378510472147,,,-0.00030427506465846577,-0.0035485352467442555
Multi-ACCDOA,causal,C2_lambda005,0.05,2028,validation,dcase2023_micro,C0,-0.0008957897879964261,0.011090569477580692,-0.3260107283015916,,,-0.00016307240859281258,-0.0034086143924427215
Multi-ACCDOA,causal,C2_lambda005,0.05,2028,validation,dcase2023_macro,C0,-0.0008957897879964261,0.004187764615937506,-0.28870205974640584,,,-0.002970260796884283,-0.000929298484743657
Multi-ACCDOA,causal,C3_lambda005,0.05,2028,validation,dcase2020_source,C0,0.006541913890156681,-0.0024458976376240393,-0.17366484051085074,-0.01358934984766269,0.005403089176484632,,
Multi-ACCDOA,causal,C3_lambda005,0.05,2028,validation,dcase2020_web_lr,C0,0.006541913890156681,-0.0024458976376240393,-0.17366484051085074,,,-0.01947360413814092,0.00687415274910419
Multi-ACCDOA,causal,C3_lambda005,0.05,2028,validation,dcase2023_micro,C0,0.005076142131979711,-0.0021823399787987974,-0.11776878496415222,,,-0.018941015776700154,0.006386306714974921
Multi-ACCDOA,causal,C3_lambda005,0.05,2028,validation,dcase2023_macro,C0,0.005076142131979711,-0.01836824772429063,-0.33159905899626096,,,-0.03055098592542954,0.013038289696818972
EINV2,noncausal,E1,0.2,2028,validation,dcase2020_source,E0,-0.012018865054008843,0.006290799934082769,-0.17701863961871567,0.0044823360276646795,-0.005943859475631724,,
EINV2,noncausal,E1,0.2,2028,validation,dcase2020_web_lr,E0,-0.012018865054008843,0.006290799934082769,-0.17701863961871567,,,0.003955575840559833,-0.005812169428855513
EINV2,noncausal,E1,0.2,2028,validation,dcase2023_micro,E0,-0.004478948939982075,0.004010397326401849,-0.1917950792755594,,,0.002232851724473961,-0.0029469315522638317
EINV2,noncausal,E1,0.2,2028,validation,dcase2023_macro,E0,-0.004478948939982075,0.002277588968455424,-0.05457112036343936,,,0.0013049156403255324,-0.002091156609917766
EINV2,noncausal,E2,0.2,2028,validation,dcase2020_source,E0,0.034383082306404966,-0.03594469921807286,2.6128653973455283,-0.00119817556538937,0.021510468991002257,,
EINV2,noncausal,E2,0.2,2028,validation,dcase2020_web_lr,E0,0.034383082306404966,-0.03594469921807286,2.6128653973455283,,,0.0016735128556214507,0.02079254688574958
EINV2,noncausal,E2,0.2,2028,validation,dcase2023_micro,E0,0.03956404896984178,-0.03520549568573772,2.597761596998673,,,0.0005598674592256492,0.022160421517142204
EINV2,noncausal,E2,0.2,2028,validation,dcase2023_macro,E0,0.03956404896984178,-0.02815807241232593,2.671406259862062,,,0.0065406271236228,0.019005660036666816
EINV2,noncausal,E3,0.2,2028,validation,dcase2020_source,E0,0.03240529438612505,-0.039164059955190345,2.0784994013074964,-0.005480745171751122,0.02214932960230484,,
EINV2,noncausal,E3,0.2,2028,validation,dcase2020_web_lr,E0,0.03240529438612505,-0.039164059955190345,2.0784994013074964,,,-0.008367564278107364,0.0228710343788939
EINV2,noncausal,E3,0.2,2028,validation,dcase2023_micro,E0,0.04419229620782328,-0.03853753330252763,2.028437573162579,,,-0.008562286593350343,0.025640303433095535
EINV2,noncausal,E3,0.2,2028,validation,dcase2023_macro,E0,0.04419229620782328,-0.04403367691707172,1.9187593791320499,,,-0.012693589733064115,0.0278948342966176
