family,context,variant,weight,split,profile,n,seeds,ER20_mean,ER20_sample_sd,F20_mean,F20_sample_sd,LE_CD_mean,LE_CD_sample_sd,LF_CD_mean,LF_CD_sample_sd,SELD_LF_mean,SELD_LF_sample_sd,LR_CD_mean,LR_CD_sample_sd,SELD_LR_mean,SELD_LR_sample_sd
EINV2,causal,C0.1,0,evaluation,dcase2020_source,3,"2026,2027,2028",0.5881951293528563,0.0393604565080406,0.5877614448958339,0.0168724816270995,13.628006131654388,1.0640932616695464,0.6751502613262863,0.02404526980308939,0.35024864207664846,0.018959431644116988,,,,
EINV2,causal,C0.1,0,evaluation,dcase2020_web_lr,3,"2026,2027,2028",0.5881951293528563,0.0393604565080406,0.5877614448958339,0.0168724816270995,13.628006131654388,1.0640932616695464,,,,,0.7160306501782869,0.007311998967630393,0.3400285448636483,0.014761382773473233
EINV2,causal,C0.1,0,evaluation,dcase2023_macro,3,"2026,2027,2028",0.6334847243938153,0.04603935201571446,0.5774523530427562,0.014793332102255922,12.556631391661485,1.0058670058864976,,,,,0.6897851274344245,0.009448305168959498,0.3590015768009107,0.01606638377166
EINV2,causal,C0.1,0,evaluation,dcase2023_micro,3,"2026,2027,2028",0.6334847243938153,0.04603935201571446,0.5753803183823026,0.017886840839501424,13.596095754052907,1.089400438122326,,,,,0.7088382833317113,0.005673382653121105,0.35619999699502386,0.01658656728329337
EINV2,causal,C0.1,0,validation,dcase2020_source,3,"2026,2027,2028",0.5975962269891982,0.025652661791686716,0.5609046646899545,0.02057313999598679,14.742234779722452,2.2663740775568133,0.6608683814906268,0.014877434557779332,0.36443112128510213,0.013536833746889472,,,,
EINV2,causal,C0.1,0,validation,dcase2020_web_lr,3,"2026,2027,2028",0.5975962269891982,0.025652661791686716,0.5609046646899545,0.02057313999598679,14.742234779722452,2.2663740775568133,,,,,0.6936964349104924,0.006708442915690585,0.35622410793013576,0.011511509839946704
EINV2,causal,C0.1,0,validation,dcase2023_macro,3,"2026,2027,2028",0.6483527421120733,0.03564364630369805,0.5293404176038755,0.01918498376679155,13.978566180917316,2.2570278457815265,,,,,0.6701990723887749,0.012921018144081616,0.38161798828112975,0.01148978845925848
EINV2,causal,C0.1,0,validation,dcase2023_micro,3,"2026,2027,2028",0.6483527421120733,0.03564364630369805,0.5463592012014793,0.019831945466929676,14.743017461006675,2.2509468887702955,,,,,0.6835834692887628,0.00676809935659381,0.3750789310457448,0.013440404637603924
EINV2,causal,C1,0.2,evaluation,dcase2020_source,3,"2026,2027,2028",0.622107579091116,0.03821615269410734,0.5688260903660889,0.006166167983628791,14.523471010741332,1.4480382087146226,0.6580137152213783,0.024734363060349283,0.3689884308908307,0.01489169032068276,,,,
EINV2,causal,C1,0.2,evaluation,dcase2020_web_lr,3,"2026,2027,2028",0.622107579091116,0.03821615269410734,0.5688260903660889,0.006166167983628791,14.523471010741332,1.4480382087146226,,,,,0.7053840123409959,0.01706856383555159,0.3571458566109263,0.011816222545210309
EINV2,causal,C1,0.2,evaluation,dcase2023_macro,3,"2026,2027,2028",0.6685280321643958,0.04065719944344826,0.5620491189796214,0.011373696543975608,13.215895812163765,1.2352078474884125,,,,,0.6766322878786485,0.01721119594983363,0.375817067176759,0.014998660450931154
EINV2,causal,C1,0.2,evaluation,dcase2023_micro,3,"2026,2027,2028",0.6685280321643958,0.04065719944344826,0.5564557767303389,0.005664671234994065,14.511346350637837,1.4758085402047698,,,,,0.6978543138397412,0.01634423419293454,0.3737091331077982,0.011706496683315186
EINV2,causal,C1,0.2,validation,dcase2020_source,3,"2026,2027,2028",0.6070287539936102,0.016532667408157654,0.5556788614896334,0.02235935738043712,15.223055776203234,2.575397925105471,0.653665660382001,0.011022617777060525,0.3705641910529984,0.011681281640236161,,,,
EINV2,causal,C1,0.2,validation,dcase2020_web_lr,3,"2026,2027,2028",0.6070287539936102,0.016532667408157654,0.5556788614896334,0.02235935738043712,15.223055776203234,2.575397925105471,,,,,0.6890815964298392,0.005362353454905263,0.36171020704103884,0.012104867521017098
EINV2,causal,C1,0.2,validation,dcase2023_macro,3,"2026,2027,2028",0.6639792973026774,0.008004301196576042,0.5252392758812725,0.012006370119491162,14.256322104368877,2.478891529775903,,,,,0.6608248797727432,0.008515673138759406,0.38927923277934434,0.0063181267103628955
EINV2,causal,C1,0.2,validation,dcase2023_micro,3,"2026,2027,2028",0.6639792973026774,0.008004301196576042,0.5392176281183985,0.020201801041661794,15.23291198479973,2.547002754172633,,,,,0.6788710583444326,0.005285583803256598,0.3826294749110723,0.009667969521371703
EINV2,causal,C2,0.2,evaluation,dcase2020_source,3,"2026,2027,2028",0.5879928179450219,0.00395842381142593,0.5758572181187424,0.01067739046174468,14.421410723640143,1.384688164564504,0.6684318955498995,0.014112067425176497,0.3559556631852619,0.004202988547504718,,,,
EINV2,causal,C2,0.2,evaluation,dcase2020_web_lr,3,"2026,2027,2028",0.5879928179450219,0.00395842381142593,0.5758572181187424,0.01067739046174468,14.421410723640143,1.384688164564504,,,,,0.7019700073337886,0.015330784353199057,0.34757113523928956,0.00581492283671402
EINV2,causal,C2,0.2,evaluation,dcase2023_macro,3,"2026,2027,2028",0.638572456754275,0.002153185042239936,0.5654404969710939,0.014309104407894763,13.180219188701354,1.3650492710921431,,,,,0.6755028524182796,0.020614310435682837,0.36771313682553286,0.00746877855385697
EINV2,causal,C2,0.2,evaluation,dcase2023_micro,3,"2026,2027,2028",0.638572456754275,0.002153185042239936,0.5621258125970751,0.009950496240782177,14.383805647131378,1.396165106624582,,,,,0.6958712940949211,0.013693232277441044,0.3651213453588077,0.005050885341311002
EINV2,causal,C2,0.2,validation,dcase2020_source,3,"2026,2027,2028",0.6002332775495715,0.02379984109779893,0.5549452115165671,0.023922692147743094,15.468951798309527,1.8335474704800971,0.6592327332242875,0.0046204172411292875,0.3679984884776091,0.014805333164537398,,,,
EINV2,causal,C2,0.2,validation,dcase2020_web_lr,3,"2026,2027,2028",0.6002332775495715,0.02379984109779893,0.5549452115165671,0.023922692147743094,15.468951798309527,1.8335474704800971,,,,,0.6892844464729448,0.004835804204773615,0.36048556016544475,0.014526086665368318
EINV2,causal,C2,0.2,validation,dcase2023_macro,3,"2026,2027,2028",0.659002687369364,0.023207602846556173,0.5269215933365349,0.017672480024720348,14.242493008864429,1.6861347804036857,,,,,0.6585998452447962,0.009488113282815604,0.38815155248709776,0.008958770931620619
EINV2,causal,C2,0.2,validation,dcase2023_micro,3,"2026,2027,2028",0.659002687369364,0.023207602846556173,0.5373169330872316,0.021714794755124528,15.513935488638907,1.826774649550813,,,,,0.6798405026707577,0.00520407748742072,0.3820084455259532,0.01344406409634865
EINV2,causal,C3,0.2,evaluation,dcase2020_source,3,"2026,2027,2028",0.6010166148243684,0.00865779224714829,0.5875590928601412,0.006480271298109905,13.117318970469759,0.2273869024809095,0.6601130115263268,0.003991028590348577,0.35655462617957195,0.0035109820901422983,,,,
EINV2,causal,C3,0.2,evaluation,dcase2020_web_lr,3,"2026,2027,2028",0.6010166148243684,0.00865779224714829,0.5875590928601412,0.006480271298109905,13.117318970469759,0.2273869024809095,,,,,0.7087474394962446,0.012196159735205186,0.34439601918709256,0.004522849876873666
EINV2,causal,C3,0.2,evaluation,dcase2023_macro,3,"2026,2027,2028",0.6507581962127417,0.01879582265231071,0.5712392223324526,0.006244671676319213,12.003666716412551,0.42391039658512825,,,,,0.6793017367902178,0.013258215905663928,0.36672606860086854,0.003136739439935223
EINV2,causal,C3,0.2,evaluation,dcase2023_micro,3,"2026,2027,2028",0.6507581962127417,0.01879582265231071,0.5744143855909427,0.008205348900727633,13.065626013860738,0.24510814735368616,,,,,0.7029994390126353,0.012880310285540033,0.36148279569931974,0.006196860230506321
EINV2,causal,C3,0.2,validation,dcase2020_source,3,"2026,2027,2028",0.5846645367412141,0.00528992504205501,0.5849753520329843,0.011099193029201829,12.935589436477615,1.0722785507279513,0.6619585504301698,0.004386622106559742,0.35239875500906725,0.006207087129395069,,,,
EINV2,causal,C3,0.2,validation,dcase2020_web_lr,3,"2026,2027,2028",0.5846645367412141,0.00528992504205501,0.5849753520329843,0.011099193029201829,12.935589436477615,1.0722785507279513,,,,,0.7016582991023885,0.010530511170346717,0.34247381784101255,0.007864109431961634
EINV2,causal,C3,0.2,validation,dcase2023_macro,3,"2026,2027,2028",0.6384492883447795,0.0039056084718290577,0.5461596841446561,0.015194025317543833,12.16773540714978,1.159731886965262,,,,,0.6702785037988216,0.01853035389622514,0.3724024076102558,0.009764483778037342
EINV2,causal,C3,0.2,validation,dcase2023_micro,3,"2026,2027,2028",0.6384492883447795,0.0039056084718290577,0.5691126888207566,0.011120249530564895,12.955051492229957,1.1025960958874046,,,,,0.6930381627347936,0.010974002947608575,0.36206773626984895,0.006912753016984943
EINV2,noncausal,E0,0,evaluation,dcase2020_source,3,"2026,2027,2028",0.3473433983258731,0.0032862956877555004,0.7373822952540061,0.007673833116490452,10.340497993000318,0.46720401428678726,0.8043705534106085,0.0015024259480385153,0.21575944018337062,0.0028372525928342103,,,,
EINV2,noncausal,E0,0,evaluation,dcase2020_web_lr,3,"2026,2027,2028",0.3473433983258731,0.0032862956877555004,0.7373822952540061,0.007673833116490452,10.340497993000318,0.46720401428678726,,,,,0.79182156133829,0.0029392869475472934,0.21889668820145025,0.0025478235218224198
EINV2,noncausal,E0,0,evaluation,dcase2023_macro,3,"2026,2027,2028",0.37609510336783064,0.005336029859094196,0.7374681665439228,0.007532654559945769,9.582538545258636,0.25599840755463915,,,,,0.7839702118295299,0.00024405939007599486,0.2269732625614537,0.0032853239460008416
EINV2,noncausal,E0,0,evaluation,dcase2023_micro,3,"2026,2027,2028",0.37609510336783064,0.005336029859094196,0.722957017962211,0.007630686656978083,10.28638392329191,0.47367758059235204,,,,,0.7850490286610236,0.0026070177717684656,0.23130890852405445,0.002945227695359545
EINV2,noncausal,E0,0,validation,dcase2020_source,3,"2026,2027,2028",0.3943404837973528,0.01336474318539179,0.6995368154174633,0.011430099664754594,10.16835756647172,0.3167876471993061,0.7663329544011706,0.007187634495299376,0.24624039733700157,0.008425524652951927,,,,
EINV2,noncausal,E0,0,validation,dcase2020_web_lr,3,"2026,2027,2028",0.3943404837973528,0.01336474318539179,0.6995368154174633,0.011430099664754594,10.16835756647172,0.3167876471993061,,,,,0.757442060956438,0.005409625015441033,0.24846312069818474,0.007986586010365738
EINV2,noncausal,E0,0,validation,dcase2023_macro,3,"2026,2027,2028",0.4281377525629541,0.014110334769316389,0.6746168124048602,0.017770778717468343,9.788850092950227,0.41748016845588726,,,,,0.7463750166816363,0.009749383681284814,0.26538210599821194,0.010448243102493773
EINV2,noncausal,E0,0,validation,dcase2023_micro,3,"2026,2027,2028",0.4281377525629541,0.014110334769316389,0.6809402817242757,0.011959993233119824,10.226414588798251,0.33186789763358865,,,,,0.7474960244439492,0.006737879830173643,0.2641287151942354,0.00865173697034912
EINV2,noncausal,E1,0.2,evaluation,dcase2020_source,3,"2026,2027,2028",0.335482892041575,0.007216920713427801,0.7439935359179563,0.007483721369698601,10.193697680981296,0.5772227603018345,0.8106283457885807,0.007391551444192885,0.20937316602956688,0.005471346840180087,,,,
EINV2,noncausal,E1,0.2,evaluation,dcase2020_web_lr,3,"2026,2027,2028",0.335482892041575,0.007216920713427801,0.7439935359179563,0.007483721369698601,10.193697680981296,0.5772227603018345,,,,,0.7939458311205523,0.013015298992015886,0.21354379469657397,0.006651296923418008
EINV2,noncausal,E1,0.2,evaluation,dcase2023_macro,3,"2026,2027,2028",0.3649517285880922,0.004614584981957759,0.7423577677259985,0.007636315376521246,9.465218098301056,0.615708666202684,,,,,0.7827280599229645,0.013734287138261064,0.2231126114824227,0.004954507875132759
EINV2,noncausal,E1,0.2,evaluation,dcase2023_micro,3,"2026,2027,2028",0.3649517285880922,0.004614584981957759,0.7295973871927822,0.006661127632909703,10.150181079342305,0.5798023779612196,,,,,0.7877512177492968,0.01323456289092606,0.22599825463281206,0.005062542116496829
EINV2,noncausal,E1,0.2,validation,dcase2020_source,3,"2026,2027,2028",0.38506009432527005,0.008328748329938239,0.7034796403498117,0.008260572677825814,10.09189208784407,0.26594750835670666,0.7698871257226787,0.0063221796327270745,0.24193984885186726,0.006077735176094061,,,,
EINV2,noncausal,E1,0.2,validation,dcase2020_web_lr,3,"2026,2027,2028",0.38506009432527005,0.008328748329938239,0.7034796403498117,0.008260572677825814,10.09189208784407,0.26594750835670666,,,,,0.7596226989198235,0.006943540975045786,0.24450595555258103,0.006229907930420262
EINV2,noncausal,E1,0.2,validation,dcase2023_macro,3,"2026,2027,2028",0.42092166815964965,0.007340457476855694,0.6697031535020831,0.01441835253791533,9.7453229583813,0.38722831059720597,,,,,0.7377183089319892,0.005857513707041319,0.26691022220692395,0.007305555959490828
EINV2,noncausal,E1,0.2,validation,dcase2023_micro,3,"2026,2027,2028",0.42092166815964965,0.007340457476855694,0.6839636271752857,0.00852613469691361,10.133912533130733,0.22798605212999576,,,,,0.748781405700654,0.007560235855943739,0.2611190373391646,0.006027026616245991
EINV2,noncausal,E2,0.2,evaluation,dcase2020_source,3,"2026,2027,2028",0.35444958652606023,0.009505777282713774,0.7238548117723739,0.0105906951863835,11.730222890498757,1.2259283972138537,0.8061107198887,0.009382928758955614,0.22241298995305042,0.004437631941368952,,,,
EINV2,noncausal,E2,0.2,evaluation,dcase2020_web_lr,3,"2026,2027,2028",0.35444958652606023,0.009505777282713774,0.7238548117723739,0.0105906951863835,11.730222890498757,1.2259283972138537,,,,,0.7866120425865514,0.009194081104671263,0.22728765927858757,0.004450932650565795
EINV2,noncausal,E2,0.2,evaluation,dcase2023_macro,3,"2026,2027,2028",0.38093465366192636,0.015328311910906032,0.7243643498705093,0.011886075043829974,10.860957373360332,1.2105824333473572,,,,,0.777351399428127,0.0087622447099675,0.23488938910937848,0.006514790951031881
EINV2,noncausal,E2,0.2,evaluation,dcase2023_micro,3,"2026,2027,2028",0.38093465366192636,0.015328311910906032,0.709619434643738,0.013388022579944854,11.692294556235863,1.2494443047916592,,,,,0.7789799993957883,0.007704719944564926,0.23932310290037206,0.006977665374722813
EINV2,noncausal,E2,0.2,validation,dcase2020_source,3,"2026,2027,2028",0.3977889345301486,0.027057536444112774,0.6932125314356651,0.02633699879048355,11.262662450471238,1.303314295301565,0.7703519175393363,0.006743428090028325,0.24919870812555242,0.016206650196931415,,,,
EINV2,noncausal,E2,0.2,validation,dcase2020_web_lr,3,"2026,2027,2028",0.3977889345301486,0.027057536444112774,0.6932125314356651,0.02633699879048355,11.262662450471238,1.303314295301565,,,,,0.7607383741569045,0.006558404156588889,0.2516020939711604,0.015699651124322648
EINV2,noncausal,E2,0.2,validation,dcase2023_macro,3,"2026,2027,2028",0.4378919080322484,0.02800248684014968,0.6609737347259037,0.020378811469202042,10.888495145176682,1.387312676392106,,,,,0.7433419176175778,0.001515167809500421,0.2735169738460482,0.013084759334009637
EINV2,noncausal,E2,0.2,validation,dcase2023_micro,3,"2026,2027,2028",0.4378919080322484,0.02800248684014968,0.6727554895554286,0.024999642930118547,11.306305137945333,1.2965334794678347,,,,,0.7503734670504024,0.005926330792330727,0.26939393943708395,0.01567658478727617
EINV2,noncausal,E3,0.2,evaluation,dcase2020_source,3,"2026,2027,2028",0.36471689047366157,0.013890528186759376,0.7149262556096265,0.018128182983806092,12.102934037118553,1.8000469314612304,0.8009862345849442,0.006614460887549619,0.22901073067688182,0.00908186692664802,,,,
EINV2,noncausal,E3,0.2,evaluation,dcase2020_web_lr,3,"2026,2027,2028",0.36471689047366157,0.013890528186759376,0.7149262556096265,0.018128182983806092,12.102934037118553,1.8000469314612304,,,,,0.7834762157651165,0.007277281176311341,0.23338823538183875,0.010219818964332527
EINV2,noncausal,E3,0.2,evaluation,dcase2023_macro,3,"2026,2027,2028",0.3983818529273075,0.019665089370130655,0.7128072464552222,0.02114119418399102,11.303819456697456,1.628804444522939,,,,,0.7760807066368139,0.004988912846532264,0.24307322420423097,0.012925173071364692
EINV2,noncausal,E3,0.2,evaluation,dcase2023_micro,3,"2026,2027,2028",0.3983818529273075,0.019665089370130655,0.6993630828594823,0.019566167768985916,12.075545631639082,1.8229663823081554,,,,,0.7757772864227374,0.007180501532572746,0.24758196206632624,0.012674213343565348
EINV2,noncausal,E3,0.2,validation,dcase2020_source,3,"2026,2027,2028",0.4150311881941275,0.010422253800976082,0.6746882773591993,0.018538604804247977,11.121485017350988,1.79170720326949,0.7570442036142069,0.009479001368966367,0.2612711837737233,0.007330452573276871,,,,
EINV2,noncausal,E3,0.2,validation,dcase2020_web_lr,3,"2026,2027,2028",0.4150311881941275,0.010422253800976082,0.6746882773591993,0.018538604804247977,11.121485017350988,1.79170720326949,,,,,0.7475531213550383,0.006225257632613114,0.2636439543385155,0.00824028396896449
EINV2,noncausal,E3,0.2,validation,dcase2023_macro,3,"2026,2027,2028",0.4593410968448293,0.019537742143628897,0.6436303136893533,0.028042608149175707,10.82631631990402,1.7951962759391809,,,,,0.734269017416515,0.008572702068883551,0.2853969918790514,0.014767734136959209
EINV2,noncausal,E3,0.2,validation,dcase2023_micro,3,"2026,2027,2028",0.4593410968448293,0.019537742143628897,0.6547098350526781,0.019372311134584493,11.137784054430595,1.79696750718228,,,,,0.7364105356700018,0.00599479015691245,0.2825243260505798,0.010744658205243477
Multi-ACCDOA,causal,C0,0,evaluation,dcase2020_source,3,"2026,2027,2028",0.6134840553321701,0.009998692558980516,0.4940945681184294,0.006944872062599621,15.257715888120917,0.13536035023049692,0.6116709964955365,0.009478166183301938,0.3981208947463856,0.00627984263380514,,,,
Multi-ACCDOA,causal,C0,0,evaluation,dcase2020_web_lr,3,"2026,2027,2028",0.6134840553321701,0.009998692558980516,0.4940945681184294,0.006944872062599621,15.257715888120917,0.13536035023049692,,,,,0.5764863566244341,0.008853146975677928,0.40691705471416123,0.006019998460038871
Multi-ACCDOA,causal,C0,0,evaluation,dcase2023_macro,3,"2026,2027,2028",0.610527883255156,0.006362712517452806,0.4265834152460404,0.007610717188567335,34.34498634553835,6.822599363028607,,,,,0.4928029328429547,0.011958173867480796,0.47048675371589904,0.01392983583601757
Multi-ACCDOA,causal,C0,0,evaluation,dcase2023_micro,3,"2026,2027,2028",0.610527883255156,0.006362712517452806,0.4897955774263219,0.006904557874263729,15.344315821941825,0.10638319284168395,,,,,0.5679023864733894,0.008786345592587884,0.40951902959155817,0.0051851686046654145
Multi-ACCDOA,causal,C0,0,validation,dcase2020_source,3,"2026,2027,2028",0.6414118363000152,0.005529524371028863,0.47192350657946724,0.004834983371309957,15.693620371236241,0.5145596226877468,0.5912459177298194,0.004197410183885685,0.4163572979577325,0.003826990888926197,,,,
Multi-ACCDOA,causal,C0,0,validation,dcase2020_web_lr,3,"2026,2027,2028",0.6414118363000152,0.005529524371028863,0.47192350657946724,0.004834983371309957,15.693620371236241,0.5145596226877468,,,,,0.5559105431309904,0.0014512995609568676,0.42519114160743976,0.003519381456010908
Multi-ACCDOA,causal,C0,0,validation,dcase2023_macro,3,"2026,2027,2028",0.636010749477456,0.008538766328951203,0.38350993150026175,0.017154996006650214,35.747450795219784,6.896542150604535,,,,,0.45775718852562713,0.012599862693874395,0.49833514457847483,0.01801135733482482
Multi-ACCDOA,causal,C0,0,validation,dcase2023_micro,3,"2026,2027,2028",0.636010749477456,0.008538766328951203,0.46812173726579087,0.00483872096105147,15.72055644356045,0.5212001393379733,,,,,0.5463941526732122,0.001224160202811447,0.4272078210562249,0.004260386315957402
Multi-ACCDOA,causal,C1_lambda005,0.05,evaluation,dcase2020_source,3,"2026,2027,2028",0.6139139670738184,0.01044677543298497,0.4931127423500506,0.01051465932350301,15.170856311489667,0.20259445656241773,0.6078681441408915,0.007611232691669814,0.39930390391167697,0.007368377843254695,,,,
Multi-ACCDOA,causal,C1_lambda005,0.05,evaluation,dcase2020_web_lr,3,"2026,2027,2028",0.6139139670738184,0.01044677543298497,0.4931127423500506,0.01051465932350301,15.170856311489667,0.20259445656241773,,,,,0.5668259869003364,0.009179984629590217,0.40956444322181573,0.007765982224700022
Multi-ACCDOA,causal,C1_lambda005,0.05,evaluation,dcase2023_macro,3,"2026,2027,2028",0.6061598788871516,0.0086419760961696,0.4128677489825311,0.015574372743883059,34.34743412495592,6.934004076220993,,,,,0.47534322843325916,0.018370133929169176,0.4771919949858347,0.013743553151418484
Multi-ACCDOA,causal,C1_lambda005,0.05,evaluation,dcase2023_micro,3,"2026,2027,2028",0.6061598788871516,0.0086419760961696,0.48881521034238234,0.01015257629244544,15.221758225755169,0.19087312512250762,,,,,0.5580534187866029,0.008879090213134945,0.41096414330864606,0.007123094350176938
Multi-ACCDOA,causal,C1_lambda005,0.05,validation,dcase2020_source,3,"2026,2027,2028",0.6336528221512248,0.0007606876616461089,0.47894765576471315,0.0041801266874823585,15.466420798341092,0.3852321290905139,0.6007055271606027,0.0058125347655565065,0.4099810498041732,0.002123056373553246,,,,
Multi-ACCDOA,causal,C1_lambda005,0.05,validation,dcase2020_web_lr,3,"2026,2027,2028",0.6336528221512248,0.0007606876616461089,0.47894765576471315,0.0041801266874823585,15.466420798341092,0.3852321290905139,,,,,0.5615903443379482,0.007958310292877186,0.4197598455098368,0.002206496237117838
Multi-ACCDOA,causal,C1_lambda005,0.05,validation,dcase2023_macro,3,"2026,2027,2028",0.6250124415248333,0.002570070933348334,0.37802259984778225,0.00974146264873054,35.29654883572277,6.8587772797388,,,,,0.45014348376962027,0.010128531800359114,0.4982345739709171,0.010534539584032587
Multi-ACCDOA,causal,C1_lambda005,0.05,validation,dcase2023_micro,3,"2026,2027,2028",0.6250124415248333,0.002570070933348334,0.475177517672742,0.004400552210032382,15.495150571032667,0.3706756799609239,,,,,0.5519578671829414,0.0077247058323817565,0.42099030662705506,0.0022081934434053344
Multi-ACCDOA,causal,C2_lambda005,0.05,evaluation,dcase2020_source,3,"2026,2027,2028",0.6172015274511291,0.011183425295759743,0.49189234733941334,0.008860679267416204,15.030073031218986,0.2956349617816374,0.6054999868809327,0.007338984199528351,0.40082739973994436,0.0064482604566378455,,,,
Multi-ACCDOA,causal,C2_lambda005,0.05,evaluation,dcase2020_web_lr,3,"2026,2027,2028",0.6172015274511291,0.011183425295759743,0.49189234733941334,0.008860679267416204,15.030073031218986,0.2956349617816374,,,,,0.572844751283413,0.0043887034873122946,0.40899120863932426,0.0050837642476770275
Multi-ACCDOA,causal,C2_lambda005,0.05,evaluation,dcase2023_macro,3,"2026,2027,2028",0.6157397066487976,0.013992517227056626,0.4128966651687055,0.009627598437003448,30.18577374689427,13.89182225015711,,,,,0.4800777827546331,0.022954371804608756,0.47261600044094015,0.024643424366659925
Multi-ACCDOA,causal,C2_lambda005,0.05,evaluation,dcase2023_micro,3,"2026,2027,2028",0.6157397066487976,0.013992517227056626,0.48790135581462873,0.008522637559494811,15.093800459582742,0.27536206648230893,,,,,0.5639132942077035,0.004347881017214536,0.4119448759060368,0.005721553360660516
Multi-ACCDOA,causal,C2_lambda005,0.05,validation,dcase2020_source,3,"2026,2027,2028",0.6401947360413814,0.004505429148017899,0.4776024087193039,0.007196416636513634,15.557814766396042,0.5500492188890932,0.5935897718525053,0.009775752300474888,0.413858714931832,0.0040301868768412704,,,,
Multi-ACCDOA,causal,C2_lambda005,0.05,validation,dcase2020_web_lr,3,"2026,2027,2028",0.6401947360413814,0.004505429148017899,0.4776024087193039,0.007196416636513634,15.557814766396042,0.5500492188890932,,,,,0.5617424818702774,0.006590090287586335,0.421820537427389,0.003687342584324566
Multi-ACCDOA,causal,C2_lambda005,0.05,validation,dcase2023_macro,3,"2026,2027,2028",0.6331243157161341,0.005863325157894439,0.3756707903528894,0.015742785492615007,39.68541192244331,0.3602229975901395,,,,,0.4529052810445919,0.014855190925524281,0.5062556887497234,0.006886665507119998
Multi-ACCDOA,causal,C2_lambda005,0.05,validation,dcase2023_micro,3,"2026,2027,2028",0.6331243157161341,0.005863325157894439,0.4737851788186096,0.0069169175785629275,15.598808944927859,0.5605268656527876,,,,,0.5522151891948704,0.006665625224191893,0.42344599934917443,0.004280896566526001
Multi-ACCDOA,causal,C3_lambda005,0.05,evaluation,dcase2020_source,3,"2026,2027,2028",0.6134081885542321,0.008718519984902227,0.4944756052605097,0.01382823198470965,14.473387321777114,0.16224602956823755,0.5961443308717137,0.015731833943847036,0.4007989899413037,0.009358285249642485,,,,
Multi-ACCDOA,causal,C3_lambda005,0.05,evaluation,dcase2020_web_lr,3,"2026,2027,2028",0.6134081885542321,0.008718519984902227,0.4944756052605097,0.01382823198470965,14.473387321777114,0.16224602956823755,,,,,0.5546114356523278,0.020060463446932582,0.41118221374615016,0.010421087417948196
Multi-ACCDOA,causal,C3_lambda005,0.05,evaluation,dcase2023_macro,3,"2026,2027,2028",0.6112227930409748,0.010223444444927541,0.4003080916284667,0.012540635396340271,33.83896283702836,6.928542419149984,,,,,0.4566319223326473,0.013547188629830186,0.48556925426583786,0.010357428734063511
Multi-ACCDOA,causal,C3_lambda005,0.05,evaluation,dcase2023_micro,3,"2026,2027,2028",0.6112227930409748,0.010223444444927541,0.49040594738424426,0.013370101832342916,14.541768398551259,0.1551501773913607,,,,,0.5461263834831709,0.019534382840658164,0.41386951609693334,0.010507178019388823
Multi-ACCDOA,causal,C3_lambda005,0.05,validation,dcase2020_source,3,"2026,2027,2028",0.6414118363000152,0.007471796231741125,0.47261884083071276,0.005342801488485106,15.110286655797394,0.3688140635448822,0.5870612857749381,0.0045274831791515,0.4164194366677541,0.003589711409687383,,,,
Multi-ACCDOA,causal,C3_lambda005,0.05,validation,dcase2020_web_lr,3,"2026,2027,2028",0.6414118363000152,0.007471796231741125,0.47261884083071276,0.005342801488485106,15.110286655797394,0.3688140635448822,,,,,0.5461230285511436,0.009593515015848736,0.42665400097370276,0.0035462809772561187
Multi-ACCDOA,causal,C3_lambda005,0.05,validation,dcase2023_macro,3,"2026,2027,2028",0.6332238479148005,0.008595139884326277,0.3573796760583899,0.017748049443219505,39.31507015346852,0.3730821760091585,,,,,0.4326281905239058,0.012156013861762908,0.5154082594351658,0.009767494614825007
Multi-ACCDOA,causal,C3_lambda005,0.05,validation,dcase2023_micro,3,"2026,2027,2028",0.6332238479148005,0.008595139884326277,0.4689387795770496,0.0052608334232988425,15.152491743277224,0.34859636606335986,,,,,0.5367604762939145,0.00943916249696937,0.4279262754321774,0.0038227208833771092
Multi-ACCDOA,noncausal,A0,0,evaluation,dcase2020_source,3,"2026,2027,2028",0.5322054472346559,0.012835618531253529,0.5531938443715715,0.00884516824475556,14.870528815961439,0.3796188548458952,0.6840668722624043,0.009739967419874507,0.3443896948945609,0.007616206678084379,,,,
Multi-ACCDOA,noncausal,A0,0,evaluation,dcase2020_web_lr,3,"2026,2027,2028",0.5322054472346559,0.012835618531253529,0.5531938443715715,0.00884516824475556,14.870528815961439,0.3796188548458952,,,,,0.6372809346787042,0.008169693119473069,0.3560861792904859,0.007362877770318511
Multi-ACCDOA,noncausal,A0,0,evaluation,dcase2023_macro,3,"2026,2027,2028",0.5207107934380661,0.010809347599883855,0.5309883428848713,0.028273564871164513,14.031599995412645,0.10148377441936146,,,,,0.5819232340821104,0.029189028857095855,0.3714381374447331,0.017087551889921865
Multi-ACCDOA,noncausal,A0,0,evaluation,dcase2023_micro,3,"2026,2027,2028",0.5207107934380661,0.010809347599883855,0.5479709270350063,0.00868519442359991,14.951068077936755,0.36489915340255125,,,,,0.6273774932676056,0.008101202913765133,0.35710596561433133,0.006891675802677334
Multi-ACCDOA,noncausal,A0,0,validation,dcase2020_source,3,"2026,2027,2028",0.5576854810081647,0.012938251379041118,0.5319353636790829,0.01568148373259068,14.61300709388027,0.46622092175933677,0.657767396370607,0.007300267332402715,0.3622915234255635,0.008502051077916966,,,,
Multi-ACCDOA,noncausal,A0,0,validation,dcase2020_web_lr,3,"2026,2027,2028",0.5576854810081647,0.012938251379041118,0.5319353636790829,0.01568148373259068,14.61300709388027,0.46622092175933677,,,,,0.6090065419138901,0.005929461515260901,0.37448173703974275,0.007787542377386212
Multi-ACCDOA,noncausal,A0,0,validation,dcase2023_macro,3,"2026,2027,2028",0.5479745197571414,0.014336005791586788,0.4765144974625777,0.024803654314780783,18.92191522847857,6.966174536891371,,,,,0.5440995677736481,0.02101877317863336,0.40812055144756026,0.022171727734014636
Multi-ACCDOA,noncausal,A0,0,validation,dcase2023_micro,3,"2026,2027,2028",0.5479745197571414,0.014336005791586788,0.5275226839242879,0.01556479427805569,14.6620930821978,0.4771464630361795,,,,,0.5987390570460445,0.005837121637803602,0.37579221286642145,0.00806617592346698
Multi-ACCDOA,noncausal,A3_lambda005,0.05,evaluation,dcase2020_source,3,"2026,2027,2028",0.5520319652024379,0.006585277113477274,0.5359595614098779,0.006753623777720474,14.844100235463939,0.35886148951465613,0.6614281779223498,0.010332553875095503,0.35927786235014136,0.005805209553932544,,,,
Multi-ACCDOA,noncausal,A3_lambda005,0.05,evaluation,dcase2020_web_lr,3,"2026,2027,2028",0.5520319652024379,0.006585277113477274,0.5359595614098779,0.006753623777720474,14.844100235463939,0.35886148951465613,,,,,0.6090079154338315,0.012386592358500028,0.3723829279722709,0.005751097963621311
Multi-ACCDOA,noncausal,A3_lambda005,0.05,evaluation,dcase2023_macro,3,"2026,2027,2028",0.5401434492343583,0.0075468979365696425,0.48466490866568446,0.009520151782921685,14.00608869283657,0.2566352039685677,,,,,0.5302188915673752,0.012890696616378173,0.4007678132125977,0.006383960789525373
Multi-ACCDOA,noncausal,A3_lambda005,0.05,evaluation,dcase2023_micro,3,"2026,2027,2028",0.5401434492343583,0.0075468979365696425,0.5306136301519142,0.006595980102390094,14.913027794591635,0.3494357576231063,,,,,0.5993624306528,0.0121021693017276,0.3732543857110105,0.005692360509858647
Multi-ACCDOA,noncausal,A3_lambda005,0.05,validation,dcase2020_source,3,"2026,2027,2028",0.5712764338962422,0.006740568360528103,0.524955583883449,0.008488601176562565,14.649111452468103,0.05687455855283907,0.646014185140402,0.011155241826894037,0.3704226543465257,0.00654045310764594,,,,
Multi-ACCDOA,noncausal,A3_lambda005,0.05,validation,dcase2020_web_lr,3,"2026,2027,2028",0.5712764338962422,0.006740568360528103,0.524955583883449,0.008488601176562565,14.649111452468103,0.05687455855283907,,,,,0.5918150007606877,0.016284402350443872,0.38397245044145434,0.007799114870798007
Multi-ACCDOA,noncausal,A3_lambda005,0.05,validation,dcase2023_macro,3,"2026,2027,2028",0.5613616004777545,0.005875983473918901,0.4434131169661469,0.002212677714467937,27.056390013992285,0.19078312037452516,,,,,0.4978810228601947,0.006682182646800658,0.4425951846267315,0.003727917696917087
Multi-ACCDOA,noncausal,A3_lambda005,0.05,validation,dcase2023_micro,3,"2026,2027,2028",0.5613616004777545,0.005875983473918901,0.5202416760529319,0.008521491774242045,14.671177804197223,0.04234632045456833,,,,,0.5817725181039681,0.015821266410318956,0.3852134874193764,0.007424132261813738
