12,8,114,-40
13,8,116,-33
14,8,115,-31
15,8,116,-29
16,8,115,-28
17,8,115,-28
18,8,115,-28
19,8,115,-26
20,8,114,-28
21,8,115,-26
22,8,115,-25
23,8,112,-25
24,8,115,-26
25,8,117,-25
26,8,113,-27
27,8,116,-24
28,8,116,-24
29,8,115,-24
30,8,116,-25
31,8,117,-25
32,8,114,-26
33,8,114,-25
34,8,114,-25
35,8,116,-24
36,8,114,-24
37,13,119,-11
37,8,129,-7
38,8,122,-12
38,13,133,16
39,8,124,-12
39,13,136,22
40,8,128,7
40,13,145,21
41,8,130,-1
41,13,146,19
42,8,120,-9
42,13,145,21
43,8,75,-29
43,13,148,21
44,8,99,-23
44,13,153,24
45,8,103,-9
45,13,154,23
46,8,110,-22
46,13,157,25
47,8,106,-22
47,13,156,25
48,8,108,-23
48,13,161,24
49,8,103,-24
49,13,163,25
50,8,103,-25
50,13,165,26
51,8,107,-24
51,13,167,28
52,8,106,-24
52,13,168,27
53,8,107,-24
53,13,171,27
54,8,108,-24
54,13,169,25
55,8,104,-24
55,13,174,26
56,8,101,-24
56,13,178,24
57,8,102,-24
57,13,177,23
58,8,109,-24
58,13,170,22
59,8,107,-24
59,13,167,22
60,8,106,-24
60,13,166,22
61,8,104,-24
61,13,166,22
62,8,104,-24
62,13,168,21
63,8,106,-24
63,13,165,20
64,8,107,-24
64,13,162,19
65,8,109,-24
65,13,157,19
66,8,110,-23
66,13,156,19
67,8,112,-23
67,13,152,19
68,8,109,-24
68,13,156,19
69,8,110,-24
69,13,157,19
70,8,109,-24
70,13,159,19
71,8,113,-22
71,13,154,16
72,8,116,-21
72,13,148,15
73,8,117,-21
73,13,143,15
74,8,120,-20
74,13,142,15
75,8,118,-20
75,13,142,17
76,8,118,-19
76,13,139,18
77,8,118,-19
77,13,135,16
78,8,116,-18
78,13,130,13
79,8,117,-16
79,13,124,11
80,13,128,12
81,8,116,-5
81,13,131,14
82,8,43,-8
82,13,132,14
83,8,115,-14
83,13,129,16
84,8,114,-13
84,13,124,15
85,8,112,-11
85,13,121,12
86,8,112,-11
86,13,119,12
87,8,113,-11
87,13,118,12
88,8,116,-11
88,13,118,13
89,8,117,-11
89,13,115,14
90,8,117,-11
90,13,113,15
91,8,117,-11
91,13,109,17
92,8,117,-12
92,13,109,17
93,8,117,-12
93,13,108,16
94,8,120,-12
94,13,102,17
95,8,121,-12
95,13,96,17
96,8,121,-12
96,13,97,15
97,8,120,-12
97,13,98,13
98,8,121,-13
98,13,97,15
99,8,122,-13
99,13,94,16
100,8,123,-13
100,13,91,16
101,8,122,-13
101,13,86,17
102,8,121,-12
102,13,85,17
103,8,119,-11
103,13,89,15
104,8,120,-12
104,13,90,15
105,8,119,-12
105,13,89,16
106,8,117,-12
106,13,84,16
107,8,116,-13
107,13,77,18
108,8,114,-13
108,13,75,17
109,8,115,-12
109,13,73,17
110,8,114,-13
110,13,76,14
111,8,114,-13
111,13,75,14
112,8,114,-13
112,13,71,15
113,8,115,-12
113,13,66,17
114,8,115,-12
114,13,63,20
115,8,115,-12
115,13,61,22
116,8,117,-14
116,13,63,20
117,8,118,-14
117,13,63,18
118,8,117,-15
118,13,60,18
119,8,119,-14
119,13,53,21
120,8,30,21
120,13,52,23
121,8,88,20
121,13,47,23
122,8,99,-22
122,13,49,18
123,8,110,-22
123,13,45,20
124,8,106,-21
124,13,42,19
125,8,109,-21
125,13,40,18
126,8,109,-21
126,13,39,17
127,8,109,-21
127,13,37,18
128,8,108,-21
128,13,35,20
129,8,109,-21
129,13,36,19
130,8,109,-21
130,13,34,18
131,8,109,-21
131,13,32,19
132,8,109,-21
132,13,31,18
133,8,109,-21
133,13,26,20
134,8,110,-21
134,13,24,23
135,8,111,-21
135,13,23,22
136,8,114,-19
136,13,19,22
137,8,113,-19
137,13,21,20
138,8,113,-19
138,13,13,22
139,8,112,-19
139,13,12,22
140,8,111,-19
140,13,9,23
141,8,112,-20
141,13,9,22
142,8,113,-18
142,13,8,23
143,8,112,-18
143,13,8,22
144,8,113,-19
144,13,7,21
145,8,113,-19
145,13,8,22
146,8,113,-19
146,13,3,25
147,8,112,-19
147,13,0,27
148,8,115,-19
148,13,-1,25
149,8,113,-19
149,13,-2,22
150,8,114,-19
150,13,-4,22
151,8,114,-18
151,13,-11,24
152,8,115,-22
152,13,-12,24
153,8,114,-23
153,13,-16,26
154,8,113,-24
154,13,-17,27
155,8,113,-23
155,13,-19,24
156,8,115,-21
156,13,-18,22
157,8,113,-23
157,13,-21,24
158,8,113,-23
158,13,-21,24
159,8,113,-23
159,13,-23,26
160,13,-25,22
161,8,1,4
161,13,-30,18
162,13,-30,17
163,13,-31,20
164,13,-34,20
165,13,-36,22
166,13,-39,24
167,13,-41,24
168,13,-43,22
169,13,-44,23
170,13,-45,24
171,13,-47,25
172,13,-50,24
173,13,-53,23
174,13,-54,23
175,13,-55,23
176,7,-154,7
176,13,-56,24
177,7,-156,10
177,13,-55,22
178,7,-157,8
178,13,-60,23
179,7,-155,7
180,13,-65,16
180,7,-162,-5
181,13,-62,15
181,7,-161,-4
182,13,-62,14
182,7,-162,-5
183,13,-63,14
183,7,-159,-7
184,13,-62,14
184,7,-160,-14
185,13,-60,13
185,7,-164,-10
186,13,-55,10
186,7,-165,-10
187,13,-61,13
187,7,-165,-14
188,7,-164,-17
189,8,-42,0
189,7,-164,-17
190,8,-37,0
190,7,-164,-17
191,8,-33,0
191,7,-162,-17
192,8,-32,-1
192,7,-161,-16
193,8,-32,0
193,7,-161,-16
194,8,-30,0
194,7,-161,-17
195,8,-29,0
195,7,-160,-17
196,8,-31,3
196,7,-160,-18
197,8,-28,5
197,7,-161,-18
198,8,-27,4
198,7,-160,-18
199,8,-27,4
199,7,-159,-17
200,8,-133,5
200,7,-164,-9
201,8,-120,-40
201,7,-166,-16
202,8,-5,-20
202,7,-165,-18
203,8,-15,-18
203,7,-165,-14
204,8,-24,-19
204,7,-166,-10
205,8,-27,-21
205,7,-165,-13
206,8,-28,-23
206,7,-162,-15
207,8,-26,-25
207,7,-162,-15
208,8,-17,-24
208,7,-161,-16
209,8,-18,-24
209,7,-162,-15
210,8,-18,-25
210,7,-162,-14
211,8,-18,-25
211,7,-162,-14
212,8,-18,-25
212,7,-161,-15
213,8,-18,-25
213,7,-161,-15
214,8,-18,-25
214,7,-162,-15
215,8,-18,-26
215,7,-161,-14
216,8,-18,-25
216,7,-162,-14
217,8,-17,-26
217,7,-162,-14
218,8,-18,-26
218,7,-162,-15
219,8,-18,-26
219,7,-161,-15
220,8,-18,-26
220,7,-160,-15
221,8,-18,-26
221,7,-161,-15
222,8,-18,-25
222,7,-161,-14
223,8,-18,-25
223,7,-161,-13
224,8,-18,-26
224,7,-162,-14
225,8,-18,-25
225,7,-161,-13
226,8,-18,-26
226,7,-161,-15
227,8,-20,-25
227,7,-159,-15
228,8,-19,-24
228,7,-159,-14
229,8,-19,-25
229,7,-161,-14
230,8,-20,-27
230,7,-162,-14
231,8,-18,-30
231,7,-163,-15
232,8,-19,-28
232,7,-162,-15
233,8,-18,-28
233,7,-162,-14
234,8,-19,-28
234,7,-160,-15
235,8,-18,-27
235,7,-159,-15
236,8,-19,-28
236,7,-161,-14
237,8,-19,-28
237,7,-161,-16
238,8,-19,-27
238,7,-160,-16
239,8,-18,-27
239,7,-160,-15
240,8,-130,7
240,7,-165,-4
241,8,-67,-24
241,7,-166,-11
242,8,-13,-19
242,7,-165,-16
243,8,-16,-19
243,7,-165,-14
244,8,-26,-20
244,7,-164,-13
245,8,-27,-21
245,7,-162,-14
246,8,-26,-20
246,7,-160,-13
247,8,-23,-23
247,7,-161,-14
248,8,-24,-22
248,7,-160,-14
249,8,-22,-26
249,7,-160,-16
250,8,-22,-25
250,7,-160,-17
251,8,-22,-25
251,7,-161,-15
252,8,-23,-25
252,7,-161,-15
253,8,-23,-25
253,7,-161,-14
254,8,-23,-25
254,7,-160,-14
255,8,-22,-26
255,7,-161,-15
256,8,-22,-25
256,7,-160,-16
257,8,-23,-26
257,7,-162,-16
258,8,-24,-26
258,7,-162,-15
259,8,-24,-26
259,7,-162,-16
260,8,-24,-26
260,7,-162,-16
261,8,-20,-29
261,7,-162,-17
262,8,-21,-29
262,7,-162,-17
263,8,-21,-28
263,7,-162,-16
264,8,-21,-28
264,7,-162,-16
265,8,-20,-28
265,7,-161,-16
266,8,-20,-27
266,7,-161,-15
267,8,-20,-27
267,7,-161,-16
268,8,-21,-29
268,7,-161,-17
269,8,-21,-28
269,7,-161,-16
270,8,-21,-28
270,7,-161,-16
271,8,-21,-29
271,7,-162,-16
272,8,-21,-28
272,7,-162,-16
273,8,-21,-29
273,7,-161,-17
274,8,-21,-29
274,7,-161,-18
275,8,-21,-27
275,7,-160,-17
276,8,-20,-27
276,7,-159,-16
277,8,-20,-27
277,7,-159,-16
278,8,-20,-28
278,7,-160,-16
279,8,-19,-30
279,7,-160,-17
280,8,-124,6
280,7,-163,-10
281,8,-35,-22
281,7,-166,-15
282,8,-13,-21
282,7,-164,-16
283,8,-20,-20
283,7,-164,-14
284,8,-23,-22
284,7,-164,-11
285,8,-25,-24
285,7,-163,-13
286,8,-24,-26
286,7,-163,-14
287,8,-24,-26
287,7,-160,-14
288,8,-25,-25
288,7,-160,-15
289,8,-25,-26
289,7,-160,-16
290,8,-25,-26
290,7,-160,-16
291,8,-25,-26
291,7,-160,-16
292,8,-26,-26
292,7,-160,-16
293,8,-27,-25
293,7,-159,-15
294,8,-27,-25
294,7,-160,-15
295,8,-25,-26
295,7,-161,-15
296,8,-26,-26
296,7,-161,-14
297,8,-27,-27
297,7,-162,-14
298,8,-27,-27
298,7,-161,-14
299,8,-26,-26
299,7,-161,-14
300,8,-26,-26
300,7,-161,-15
301,8,-27,-26
301,7,-160,-15
302,8,-27,-27
302,7,-161,-15
303,8,-19,-31
303,7,-160,-17
304,8,-18,-29
304,7,-160,-17
305,8,-18,-29
305,7,-160,-15
306,8,-18,-30
306,7,-160,-15
307,8,-19,-30
307,7,-160,-15
308,8,-19,-29
308,7,-159,-15
309,8,-18,-29
309,7,-158,-16
310,8,-18,-29
310,7,-158,-16
311,8,-17,-29
311,7,-158,-15
312,8,-17,-29
312,7,-159,-16
313,8,-18,-30
313,7,-161,-16
314,8,-19,-30
314,7,-161,-15
315,8,-19,-31
315,7,-161,-16
316,8,-18,-29
316,7,-160,-16
317,8,-18,-29
317,7,-161,-14
318,8,-19,-29
318,7,-161,-14
319,8,-19,-29
319,7,-160,-15
320,8,-133,8
320,7,-169,-4
321,8,-36,-26
321,7,-167,-12
322,8,-14,-19
322,7,-165,-17
323,8,-18,-21
323,7,-165,-14
324,8,-26,-21
324,7,-165,-12
325,8,-28,-22
325,7,-163,-14
326,8,-37,-17
326,7,-162,-13
327,8,-13,-19
328,8,-10,-11
329,8,-10,-8
329,8,-13,-22
330,8,-21,-23
331,8,-27,-18
332,8,-21,-19
333,8,-19,-20
334,8,-19,-18
335,8,-19,-17
336,8,-20,-17
337,8,-20,-17
338,8,-18,-17
339,8,-17,-19
340,11,-27,-10
340,11,-32,-18
341,11,-32,-4
341,13,-66,-3
342,11,-42,-4
342,13,-70,4
343,11,-43,-4
343,13,-69,4
344,11,-44,-4
344,13,-70,5
345,11,-42,-4
345,13,-69,3
346,11,-44,-3
346,13,-69,3
347,11,-44,-3
347,13,-69,3
348,11,-44,-3
348,13,-72,3
349,11,-45,-3
349,13,-75,4
350,11,-45,-2
350,13,-72,3
351,11,-46,-2
351,13,-69,1
352,11,-46,-2
352,13,-66,1
353,11,-44,-2
353,13,-65,0
354,11,-43,-3
354,13,-67,2
355,11,-43,-2
355,13,-66,3
356,11,-44,-2
356,13,-69,5
357,11,-44,-3
357,13,-72,6
358,11,-45,-3
358,13,-74,6
359,11,-46,-3
359,13,-76,7
360,8,-51,2
360,13,-75,17
361,13,-67,11
368,5,48,-3
369,5,53,-3
370,5,53,-4
371,5,54,-4
372,5,53,-4
373,5,54,-5
374,5,53,-5
375,5,55,-4
376,5,55,-4
377,7,-86,6
377,5,55,-4
378,7,-85,7
378,5,56,-4
379,7,-85,7
379,5,55,-4
380,7,-86,7
380,5,55,-4
381,7,-86,7
381,5,56,-5
382,7,-86,8
382,5,56,-4
383,7,-84,8
383,5,54,-5
384,7,-39,0
384,5,52,-5
385,7,-76,0
385,5,51,-4
386,7,-97,-5
386,5,54,-3
387,7,-139,-10
387,5,54,-5
388,7,-139,-7
388,5,55,-5
389,7,-138,-7
389,5,54,-5
390,7,-140,-7
390,5,54,-5
391,7,-150,-1
391,5,52,-4
392,7,-147,0
392,5,51,-5
393,7,-155,-3
393,5,55,-6
394,7,50,-10
394,7,-149,5
395,5,58,-10
395,7,-151,4
396,5,53,-9
396,7,-151,4
397,5,53,-9
397,7,-152,4
398,5,51,-6
398,7,-152,3
399,5,56,-8
399,7,-158,2
401,7,62,-3
401,5,-174,-1
402,7,-167,-1
402,5,40,0
403,7,-167,-1
403,5,46,1
404,7,-167,-1
404,5,45,3
405,7,-171,1
405,5,48,3
406,7,-174,0
406,5,45,4
407,7,177,-2
407,5,44,4
408,7,180,-1
408,5,44,3
409,7,165,-2
409,7,155,-3
410,7,-179,-7
411,7,-177,-12
412,7,-175,-11
413,7,-172,-13
414,7,-170,-14
415,7,-169,-15
416,7,-167,-15
417,7,-164,-17
418,7,-166,-16
419,7,-164,-16
420,7,-161,-15
421,9,-166,-4
421,7,-158,-14
422,9,-167,-4
422,7,-158,-17
423,9,-166,-4
423,7,-157,-17
424,9,-166,-4
424,7,-158,-18
425,9,-166,-4
425,7,-156,-16
426,9,-166,-4
426,7,-153,-15
427,9,-166,-4
427,7,-151,-14
428,9,-166,-4
428,7,-150,-15
429,9,-165,-4
429,7,-147,-15
430,7,-141,-14
431,7,-140,-12
432,7,-139,-11
433,7,-136,-9
434,7,-133,-7
435,7,-130,-7
436,7,-129,-7
437,7,-126,-9
438,7,-124,-9
439,7,-121,-11
440,7,-118,-4
441,7,-118,-6
442,7,-116,-9
443,7,-114,-7
444,7,-113,-6
445,7,-111,-7
446,7,-109,-7
447,7,-108,-8
448,7,-106,-9
449,7,-106,-8
450,7,-106,-7
451,7,-103,-7
452,7,-99,-8
453,9,50,-16
453,7,-95,-12
454,9,48,-17
454,7,-91,-13
455,9,48,-17
455,7,-92,-17
456,9,48,-18
456,7,-80,-18
457,9,50,-18
457,7,-86,-18
458,9,51,-17
458,7,-80,-19
459,9,58,-17
459,7,-78,-17
460,9,54,-15
460,7,-75,-18
461,9,56,-16
461,7,-82,-14
462,9,55,-15
462,7,-70,-11
463,9,56,-15
463,7,-72,-13
464,9,54,-14
464,7,-69,-12
465,9,54,-15
465,7,-72,-14
466,9,54,-15
466,7,-70,-14
467,9,55,-16
467,7,-69,-14
468,9,55,-16
468,7,-66,-13
469,9,57,-18
469,7,-71,-14
470,7,-65,-10
471,7,-63,-9
472,7,-60,-10
473,7,-55,-9
474,7,-51,-8
475,7,-49,-9
476,7,-47,-11
477,7,-45,-11
478,7,-42,-12
479,7,-39,-10
480,7,-36,-10
481,7,-36,-7
482,7,-35,-11
483,7,-31,-10
484,7,-28,-10
485,9,-167,-1
485,7,-27,-8
486,9,-168,1
486,7,-22,-7
487,9,-171,1
487,7,-19,-7
488,9,-170,1
488,7,-17,-9
489,9,-174,1
489,7,-17,-6
490,9,-175,1
490,7,-14,-6
491,9,-177,0
491,7,-14,-9
492,9,-177,-4
492,7,-14,-11
493,9,-179,-4
493,7,-12,-9
494,9,178,-7
494,7,-8,-10
495,9,180,-7
495,7,-11,-11
496,9,-180,-6
496,7,-7,-9
497,9,177,-6
497,7,-4,-9
498,9,-168,-4
498,7,2,-10
499,9,-169,-4
499,7,-2,-11
500,9,-170,-3
500,7,0,-11
501,9,-165,-3
501,7,2,-10
502,9,-167,-3
502,7,-2,-11
503,9,-170,-3
503,7,5,-14
504,9,-166,-3
504,7,6,-12
505,9,-164,-3
505,7,7,-11
506,9,-168,-3
506,7,15,-13
507,7,21,-9
508,7,21,-13
509,7,23,-12
510,7,25,-11
511,7,25,-8
512,7,28,-9
513,7,30,-6
514,7,33,-7
515,7,35,-10
516,7,36,-8
517,7,40,-11
518,7,43,-12
519,7,43,-11
520,7,47,-13
521,7,48,-13
522,7,46,-12
523,7,48,-16
524,7,49,-16
525,7,51,-17
526,7,52,-14
527,7,55,-15
528,7,55,-11
