host,path,bytes,mtime_ns,verification,exists
rabbit02,/work/zhanghc/Myllm/SELD/EINV2/C3_CausalEINV2_Velocity_JEPA_seed2026/out_train/ein_seld/C3_CausalEINV2_Velocity_JEPA_seed2026/checkpoints/rabbit02_gpu4_c3_epoch_latest.pth,528831904,1787433721661696730,exists_size_only,
rabbit02,/work/zhanghc/Myllm/SELD/EINV2/C3_CausalEINV2_Velocity_JEPA_seed2026/out_train/ein_seld/C3_CausalEINV2_Velocity_JEPA_seed2026/checkpoints/rabbit02_gpu4_c3_epoch_best.pth,528829900,1787432181486871454,exists_size_only,
rabbit02,/work/zhanghc/Myllm/SELD/EINV2/C3_CausalEINV2_Velocity_JEPA_seed2026/out_train/ein_seld/C3_CausalEINV2_Velocity_JEPA_seed2026/checkpoints/rabbit02_gpu4_c3_epoch_77.pth,528827832,1787432180906871046,exists_size_only,
rabbit02,/work/zhanghc/Myllm/SELD/EINV2/C3_CausalEINV2_Velocity_JEPA_seed2026/out_train/ein_seld/C3_CausalEINV2_Velocity_JEPA_seed2028/checkpoints/rabbit02_gpu3_c3_seed2028_epoch_best.pth,528839142,1788463395252235777,exists_size_only,
rabbit02,/work/zhanghc/Myllm/SELD/EINV2/C3_CausalEINV2_Velocity_JEPA_seed2026/out_train/ein_seld/C3_CausalEINV2_Velocity_JEPA_seed2028/checkpoints/rabbit02_gpu3_c3_seed2028_epoch_60.pth,528837074,1788463394692236380,exists_size_only,
rabbit02,/work/zhanghc/Myllm/SELD/EINV2/C3_CausalEINV2_Velocity_JEPA_seed2026/out_train/ein_seld/C3_CausalEINV2_Velocity_JEPA_seed2028/checkpoints/rabbit02_gpu3_c3_seed2028_epoch_latest.pth,528841274,1788466909189359932,exists_size_only,
rabbit02,/work/zhanghc/Myllm/SELD/EINV2/C3_CausalEINV2_Velocity_JEPA_seed2026/out_train/ein_seld/C3_CausalEINV2_Velocity_JEPA_seed2027/checkpoints/rabbit02_gpu3_c3_seed2027_epoch_latest.pth,528841274,1788447978694488702,exists_size_only,
rabbit02,/work/zhanghc/Myllm/SELD/EINV2/C3_CausalEINV2_Velocity_JEPA_seed2026/out_train/ein_seld/C3_CausalEINV2_Velocity_JEPA_seed2027/checkpoints/rabbit02_gpu3_c3_seed2027_epoch_80.pth,528837138,1788446808296837827,exists_size_only,
rabbit02,/work/zhanghc/Myllm/SELD/EINV2/C3_CausalEINV2_Velocity_JEPA_seed2026/out_train/ein_seld/C3_CausalEINV2_Velocity_JEPA_seed2027/checkpoints/rabbit02_gpu3_c3_seed2027_epoch_best.pth,528839206,1788446808864849539,exists_size_only,
rabbit02,/work/zhanghc/Myllm/SELD/EINV2/STARSS_OfficialEINV2/results/out_train/ein_seld/STARSS23_C0_RealOnly_CkptFix_IOtuned_seed2026/checkpoints/None_epoch_latest.pth,1611364078,1787656801535992395,exists_size_only,
rabbit02,/work/zhanghc/Myllm/SELD/EINV2/STARSS_OfficialEINV2/results/out_train/ein_seld/STARSS23_C0_RealOnly_CkptFix_IOtuned_seed2026/checkpoints/None_epoch_78.pth,1611353134,1787656665347542546,exists_size_only,
rabbit02,/work/zhanghc/Myllm/SELD/EINV2/STARSS_OfficialEINV2/results/out_train/ein_seld/STARSS23_C0_RealOnly_CkptFix_IOtuned_seed2026/checkpoints/None_epoch_best.pth,1611358318,1787656667079548382,exists_size_only,
rabbit02,/work/zhanghc/Myllm/SELD/EINV2/STARSS_OfficialEINV2/results/out_train/ein_seld/STARSS22_C0_RealOnly_CkptFix_IOtuned_seed2026/checkpoints/None_epoch_latest.pth,1611355950,1787650279873737440,exists_size_only,
rabbit02,/work/zhanghc/Myllm/SELD/EINV2/STARSS_OfficialEINV2/results/out_train/ein_seld/STARSS22_C0_RealOnly_CkptFix_IOtuned_seed2026/checkpoints/None_epoch_64.pth,1611345006,1787649455499310844,exists_size_only,
rabbit02,/work/zhanghc/Myllm/SELD/EINV2/STARSS_OfficialEINV2/results/out_train/ein_seld/STARSS22_C0_RealOnly_CkptFix_IOtuned_seed2026/checkpoints/None_epoch_best.pth,1611350190,1787649457107323726,exists_size_only,
rabbit02,/work/zhanghc/Myllm/SELD/EINV2/STARSS_OfficialEINV2/results/out_train/ein_seld/STARSS22_C0_CheckpointSmoke_seed2026/checkpoints/None_epoch_latest.pth,1611355886,1787640457935131265,exists_size_only,
rabbit02,/work/zhanghc/Myllm/SELD/EINV2/STARSS_OfficialEINV2/results/out_train/ein_seld/STARSS22_C0_CheckpointSmoke_seed2026/checkpoints/None_epoch_1.pth,1611342414,1787640459583134212,exists_size_only,
rabbit02,/work/zhanghc/Myllm/SELD/EINV2/STARSS_OfficialEINV2/results/out_train/ein_seld/STARSS22_C0_CheckpointSmoke_seed2026/checkpoints/None_epoch_best.pth,1611350190,1787640461235137174,exists_size_only,
rabbit02,/work/zhanghc/Myllm/SELD/EINV2/C0p1_CausalEINV2_fix_seed2026/out_train/ein_seld/E0_OfflineEINV2_seed2028/checkpoints/completion_20260904_E0_seed2028_epoch_best.pth,419896343,1788498285662027812,exists_size_only,
rabbit02,/work/zhanghc/Myllm/SELD/EINV2/C0p1_CausalEINV2_fix_seed2026/out_train/ein_seld/E0_OfflineEINV2_seed2028/checkpoints/completion_20260904_E0_seed2028_epoch_latest.pth,419898001,1788498283889993662,exists_size_only,
rabbit02,/work/zhanghc/Myllm/SELD/EINV2/C0p1_CausalEINV2_fix_seed2026/out_train/ein_seld/E0_OfflineEINV2_seed2028/checkpoints/completion_20260904_E0_seed2028_epoch_90.pth,419894685,1788498285186018645,exists_size_only,
rabbit02,/work/zhanghc/Myllm/SELD/EINV2/C0p1_CausalEINV2_fix_seed2026/out_train/ein_seld/E0_OfflineEINV2_seed2027/checkpoints/completion_20260904_E0_seed2027_epoch_best.pth,419896407,1788497683485068257,exists_size_only,
rabbit02,/work/zhanghc/Myllm/SELD/EINV2/C0p1_CausalEINV2_fix_seed2026/out_train/ein_seld/E0_OfflineEINV2_seed2027/checkpoints/completion_20260904_E0_seed2027_epoch_82.pth,419894749,1788497682989047772,exists_size_only,
rabbit02,/work/zhanghc/Myllm/SELD/EINV2/C0p1_CausalEINV2_fix_seed2026/out_train/ein_seld/E0_OfflineEINV2_seed2027/checkpoints/completion_20260904_E0_seed2027_epoch_latest.pth,419898065,1788498350691241099,exists_size_only,
rabbit02,/work/zhanghc/Myllm/SELD/EINV2/C0p1_CausalEINV2_fix_seed2026/out_train/ein_seld/C0p1_CausalEINV2_fix_seed2026/checkpoints/rabbit02_gpu4_epoch_best.pth,419834301,1787288906138386495,exists_size_only,
rabbit02,/work/zhanghc/Myllm/SELD/EINV2/C0p1_CausalEINV2_fix_seed2026/out_train/ein_seld/C0p1_CausalEINV2_fix_seed2026/checkpoints/rabbit02_gpu4_epoch_90.pth,419832739,1787288905650386025,exists_size_only,
rabbit02,/work/zhanghc/Myllm/SELD/EINV2/C0p1_CausalEINV2_fix_seed2026/out_train/ein_seld/C0p1_CausalEINV2_fix_seed2026/checkpoints/rabbit02_gpu4_epoch_latest.pth,419835863,1787288902442382965,exists_size_only,
rabbit02,/work/zhanghc/Myllm/SELD/EINV2/C0p1_CausalEINV2_fix_seed2026/out_train/ein_seld/EINV2_C0_bestfix_seed2028/checkpoints/rabbit02_gpu3_bestfix_seed2028_epoch_latest.pth,419849204,1788456295675217182,exists_size_only,
rabbit02,/work/zhanghc/Myllm/SELD/EINV2/C0p1_CausalEINV2_fix_seed2026/out_train/ein_seld/EINV2_C0_bestfix_seed2028/checkpoints/rabbit02_gpu3_bestfix_seed2028_epoch_best.pth,419847642,1788452153503422839,exists_size_only,
rabbit02,/work/zhanghc/Myllm/SELD/EINV2/C0p1_CausalEINV2_fix_seed2026/out_train/ein_seld/EINV2_C0_bestfix_seed2028/checkpoints/rabbit02_gpu3_bestfix_seed2028_epoch_45.pth,419846080,1788452153055419717,exists_size_only,
rabbit02,/work/zhanghc/Myllm/SELD/EINV2/C0p1_CausalEINV2_fix_seed2026/out_train/ein_seld/EINV2_C0_bestfix_seed2026/checkpoints/rabbit02_gpu3_bestfix_seed2026_epoch_best.pth,419847642,1788415295009148143,exists_size_only,
rabbit02,/work/zhanghc/Myllm/SELD/EINV2/C0p1_CausalEINV2_fix_seed2026/out_train/ein_seld/EINV2_C0_bestfix_seed2026/checkpoints/rabbit02_gpu3_bestfix_seed2026_epoch_82.pth,419846080,1788415294537132498,exists_size_only,
rabbit02,/work/zhanghc/Myllm/SELD/EINV2/C0p1_CausalEINV2_fix_seed2026/out_train/ein_seld/EINV2_C0_bestfix_seed2026/checkpoints/rabbit02_gpu3_bestfix_seed2026_epoch_latest.pth,419849204,1788416027728112900,exists_size_only,
rabbit02,/work/zhanghc/Myllm/SELD/EINV2/C0p1_CausalEINV2_fix_seed2026/out_train/ein_seld/EINV2_C0_bestfix_seed2027/checkpoints/rabbit02_gpu3_bestfix_seed2027_epoch_latest.pth,419849204,1788437381700311586,exists_size_only,
rabbit02,/work/zhanghc/Myllm/SELD/EINV2/C0p1_CausalEINV2_fix_seed2026/out_train/ein_seld/EINV2_C0_bestfix_seed2027/checkpoints/rabbit02_gpu3_bestfix_seed2027_epoch_best.pth,419847706,1788436622852762411,exists_size_only,
rabbit02,/work/zhanghc/Myllm/SELD/EINV2/C0p1_CausalEINV2_fix_seed2026/out_train/ein_seld/EINV2_C0_bestfix_seed2027/checkpoints/rabbit02_gpu3_bestfix_seed2027_epoch_82.pth,419846144,1788436622356751717,exists_size_only,
rabbit02,/work/zhanghc/Myllm/SELD/EINV2/C0_CausalEINV2_seed2026/out_train/ein_seld/C0_CausalEINV2_seed2026/checkpoints/rabbit02_gpu4_epoch_best.pth,419834301,1787232537497901812,exists_size_only,
rabbit02,/work/zhanghc/Myllm/SELD/EINV2/C0_CausalEINV2_seed2026/out_train/ein_seld/C0_CausalEINV2_seed2026/checkpoints/rabbit02_gpu4_epoch_90.pth,419832739,1787232537037905948,exists_size_only,
rabbit02,/work/zhanghc/Myllm/SELD/EINV2/C0_CausalEINV2_seed2026/out_train/ein_seld/C0_CausalEINV2_seed2026/checkpoints/rabbit02_gpu4_epoch_latest.pth,419835863,1787232533289939745,exists_size_only,
rabbit02,/work/zhanghc/Myllm/SELD/EINV2/C2_CausalEINV2_JEPA_seed2026/out_train/ein_seld/C2_CausalEINV2_JEPA_seed2026/checkpoints/rabbit02_gpu4_c2_epoch_latest.pth,528762728,1787315197754463893,exists_size_only,
rabbit02,/work/zhanghc/Myllm/SELD/EINV2/C2_CausalEINV2_JEPA_seed2026/out_train/ein_seld/C2_CausalEINV2_JEPA_seed2026/checkpoints/rabbit02_gpu4_c2_epoch_best.pth,528760708,1787311340057857609,exists_size_only,
rabbit02,/work/zhanghc/Myllm/SELD/EINV2/C2_CausalEINV2_JEPA_seed2026/out_train/ein_seld/C2_CausalEINV2_JEPA_seed2026/checkpoints/rabbit02_gpu4_c2_epoch_59.pth,528758688,1787311339477916490,exists_size_only,
rabbit02,/work/zhanghc/Myllm/SELD/EINV2/C2_CausalEINV2_JEPA_seed2026/out_train/ein_seld/C2_CausalEINV2_JEPA_seed2027/checkpoints/rabbit02_gpu1_c2_seed2027_epoch_75.pth,528767778,1788442064188129681,exists_size_only,
rabbit02,/work/zhanghc/Myllm/SELD/EINV2/C2_CausalEINV2_JEPA_seed2026/out_train/ein_seld/C2_CausalEINV2_JEPA_seed2027/checkpoints/rabbit02_gpu1_c2_seed2027_epoch_best.pth,528769798,1788442064780132042,exists_size_only,
rabbit02,/work/zhanghc/Myllm/SELD/EINV2/C2_CausalEINV2_JEPA_seed2026/out_train/ein_seld/C2_CausalEINV2_JEPA_seed2027/checkpoints/rabbit02_gpu1_c2_seed2027_epoch_latest.pth,528771818,1788443860333289958,exists_size_only,
rabbit02,/work/zhanghc/Myllm/SELD/EINV2/C2_CausalEINV2_JEPA_seed2026/out_train/ein_seld/C2_CausalEINV2_JEPA_seed2028/checkpoints/rabbit02_gpu4_c2_seed2028_epoch_best.pth,528769798,1788438093862841938,exists_size_only,
rabbit02,/work/zhanghc/Myllm/SELD/EINV2/C2_CausalEINV2_JEPA_seed2026/out_train/ein_seld/C2_CausalEINV2_JEPA_seed2028/checkpoints/rabbit02_gpu4_c2_seed2028_epoch_latest.pth,528771818,1788443850573273969,exists_size_only,
rabbit02,/work/zhanghc/Myllm/SELD/EINV2/C2_CausalEINV2_JEPA_seed2026/out_train/ein_seld/C2_CausalEINV2_JEPA_seed2028/checkpoints/rabbit02_gpu4_c2_seed2028_epoch_42.pth,528767778,1788438093206838588,exists_size_only,
rabbit02,/work/zhanghc/Myllm/SELD/EINV2/E3_OfflineEINV2_Velocity_JEPAConsistency_seed2026/out_train/ein_seld/E3_OfflineEINV2_Velocity_JEPAConsistency_seed2028/checkpoints/completion_20260904_E3_seed2028_epoch_85.pth,528939214,1788506116193602391,exists_size_only,
rabbit02,/work/zhanghc/Myllm/SELD/EINV2/E3_OfflineEINV2_Velocity_JEPAConsistency_seed2026/out_train/ein_seld/E3_OfflineEINV2_Velocity_JEPAConsistency_seed2028/checkpoints/completion_20260904_E3_seed2028_epoch_best.pth,528941474,1788506116805609216,exists_size_only,
rabbit02,/work/zhanghc/Myllm/SELD/EINV2/E3_OfflineEINV2_Velocity_JEPAConsistency_seed2026/out_train/ein_seld/E3_OfflineEINV2_Velocity_JEPAConsistency_seed2028/checkpoints/completion_20260904_E3_seed2028_epoch_latest.pth,528943734,1788506581573169677,exists_size_only,
rabbit02,/work/zhanghc/Myllm/SELD/EINV2/E3_OfflineEINV2_Velocity_JEPAConsistency_seed2026/out_train/ein_seld/E3_OfflineEINV2_Velocity_JEPAConsistency_seed2026/checkpoints/rabbit02_gpu4_e3_epoch_88.pth,528922328,1787590036488423597,exists_size_only,
rabbit02,/work/zhanghc/Myllm/SELD/EINV2/E3_OfflineEINV2_Velocity_JEPAConsistency_seed2026/out_train/ein_seld/E3_OfflineEINV2_Velocity_JEPAConsistency_seed2026/checkpoints/rabbit02_gpu4_e3_epoch_best.pth,528924588,1787590037052426962,exists_size_only,
rabbit02,/work/zhanghc/Myllm/SELD/EINV2/E3_OfflineEINV2_Velocity_JEPAConsistency_seed2026/out_train/ein_seld/E3_OfflineEINV2_Velocity_JEPAConsistency_seed2026/checkpoints/rabbit02_gpu4_e3_epoch_latest.pth,528926784,1787590223754036433,exists_size_only,
rabbit02,/work/zhanghc/Myllm/SELD/EINV2/E3_OfflineEINV2_Velocity_JEPAConsistency_seed2026/out_train/ein_seld/E3_OfflineEINV2_Velocity_JEPAConsistency_seed2027/checkpoints/completion_20260904_E3_seed2027_epoch_best.pth,528941474,1788497146344201491,exists_size_only,
rabbit02,/work/zhanghc/Myllm/SELD/EINV2/E3_OfflineEINV2_Velocity_JEPAConsistency_seed2026/out_train/ein_seld/E3_OfflineEINV2_Velocity_JEPAConsistency_seed2027/checkpoints/completion_20260904_E3_seed2027_epoch_latest.pth,528943798,1788499162618422573,exists_size_only,
rabbit02,/work/zhanghc/Myllm/SELD/EINV2/E3_OfflineEINV2_Velocity_JEPAConsistency_seed2026/out_train/ein_seld/E3_OfflineEINV2_Velocity_JEPAConsistency_seed2027/checkpoints/completion_20260904_E3_seed2027_epoch_68.pth,528939214,1788497145724201347,exists_size_only,
rabbit02,/work/zhanghc/Myllm/SELD/EINV2/E1_OfflineEINV2_Velocity_seed2026/out_train/ein_seld/E1_OfflineEINV2_Velocity_seed2028/checkpoints/completion_20260904_E1_seed2028_epoch_best.pth,419952107,1788504076874007485,exists_size_only,
rabbit02,/work/zhanghc/Myllm/SELD/EINV2/E1_OfflineEINV2_Velocity_seed2026/out_train/ein_seld/E1_OfflineEINV2_Velocity_seed2028/checkpoints/completion_20260904_E1_seed2028_epoch_latest.pth,419953741,1788504555652172031,exists_size_only,
rabbit02,/work/zhanghc/Myllm/SELD/EINV2/E1_OfflineEINV2_Velocity_seed2026/out_train/ein_seld/E1_OfflineEINV2_Velocity_seed2028/checkpoints/completion_20260904_E1_seed2028_epoch_83.pth,419950409,1788504076382015990,exists_size_only,
rabbit02,/work/zhanghc/Myllm/SELD/EINV2/E1_OfflineEINV2_Velocity_seed2026/out_train/ein_seld/E1_OfflineEINV2_Velocity_seed2027/checkpoints/completion_20260904_E1_seed2027_epoch_87.pth,419950409,1788497987527240996,exists_size_only,
rabbit02,/work/zhanghc/Myllm/SELD/EINV2/E1_OfflineEINV2_Velocity_seed2026/out_train/ein_seld/E1_OfflineEINV2_Velocity_seed2027/checkpoints/completion_20260904_E1_seed2027_epoch_best.pth,419952107,1788497988051255156,exists_size_only,
rabbit02,/work/zhanghc/Myllm/SELD/EINV2/E1_OfflineEINV2_Velocity_seed2026/out_train/ein_seld/E1_OfflineEINV2_Velocity_seed2027/checkpoints/completion_20260904_E1_seed2027_epoch_latest.pth,419953805,1788498241301154158,exists_size_only,
rabbit02,/work/zhanghc/Myllm/SELD/EINV2/E1_OfflineEINV2_Velocity_seed2026/out_train/ein_seld/E1_OfflineEINV2_Velocity_seed2026/checkpoints/rabbit02_gpu4_e1_epoch_best.pth,419939308,1787562967984622678,exists_size_only,
rabbit02,/work/zhanghc/Myllm/SELD/EINV2/E1_OfflineEINV2_Velocity_seed2026/out_train/ein_seld/E1_OfflineEINV2_Velocity_seed2026/checkpoints/rabbit02_gpu4_e1_epoch_69.pth,419937610,1787562967524619982,exists_size_only,
rabbit02,/work/zhanghc/Myllm/SELD/EINV2/E1_OfflineEINV2_Velocity_seed2026/out_train/ein_seld/E1_OfflineEINV2_Velocity_seed2026/checkpoints/rabbit02_gpu4_e1_epoch_latest.pth,419941006,1787564541223356966,exists_size_only,
rabbit02,/work/zhanghc/Myllm/SELD/EINV2/E2_OfflineEINV2_JEPAConsistency_seed2026/out_train/ein_seld/E2_OfflineEINV2_JEPAConsistency_seed2027/checkpoints/completion_20260904_E2_seed2027_epoch_90.pth,528869774,1788499178038594971,exists_size_only,
rabbit02,/work/zhanghc/Myllm/SELD/EINV2/E2_OfflineEINV2_JEPAConsistency_seed2026/out_train/ein_seld/E2_OfflineEINV2_JEPAConsistency_seed2027/checkpoints/completion_20260904_E2_seed2027_epoch_latest.pth,528874198,1788499176782580959,exists_size_only,
rabbit02,/work/zhanghc/Myllm/SELD/EINV2/E2_OfflineEINV2_JEPAConsistency_seed2026/out_train/ein_seld/E2_OfflineEINV2_JEPAConsistency_seed2027/checkpoints/completion_20260904_E2_seed2027_epoch_best.pth,528871986,1788499178650601797,exists_size_only,
rabbit02,/work/zhanghc/Myllm/SELD/EINV2/E2_OfflineEINV2_JEPAConsistency_seed2026/out_train/ein_seld/E2_OfflineEINV2_JEPAConsistency_seed2026/checkpoints/rabbit02_gpu4_e2_epoch_best.pth,528855332,1787577939179887893,exists_size_only,
rabbit02,/work/zhanghc/Myllm/SELD/EINV2/E2_OfflineEINV2_JEPAConsistency_seed2026/out_train/ein_seld/E2_OfflineEINV2_JEPAConsistency_seed2026/checkpoints/rabbit02_gpu4_e2_epoch_60.pth,528853120,1787577938591886151,exists_size_only,
rabbit02,/work/zhanghc/Myllm/SELD/EINV2/E2_OfflineEINV2_JEPAConsistency_seed2026/out_train/ein_seld/E2_OfflineEINV2_JEPAConsistency_seed2026/checkpoints/rabbit02_gpu4_e2_epoch_latest.pth,528857544,1787581031119509960,exists_size_only,
rabbit02,/work/zhanghc/Myllm/SELD/EINV2/E2_OfflineEINV2_JEPAConsistency_seed2026/out_train/ein_seld/E2_OfflineEINV2_JEPAConsistency_seed2028/checkpoints/completion_20260904_E2_seed2028_epoch_latest.pth,528874134,1788506478228598752,exists_size_only,
rabbit02,/work/zhanghc/Myllm/SELD/EINV2/E2_OfflineEINV2_JEPAConsistency_seed2026/out_train/ein_seld/E2_OfflineEINV2_JEPAConsistency_seed2028/checkpoints/completion_20260904_E2_seed2028_epoch_best.pth,528871922,1788506024140485700,exists_size_only,
rabbit02,/work/zhanghc/Myllm/SELD/EINV2/E2_OfflineEINV2_JEPAConsistency_seed2026/out_train/ein_seld/E2_OfflineEINV2_JEPAConsistency_seed2028/checkpoints/completion_20260904_E2_seed2028_epoch_85.pth,528869710,1788506023540477796,exists_size_only,
rabbit02,/work/zhanghc/Myllm/SELD/EINV2/C1_CausalEINV2_Velocity_seed2026/out_train/ein_seld/C1_CausalEINV2_Velocity_seed2027/checkpoints/rabbit02_gpu0_c1_seed2027_epoch_latest.pth,419900919,1788441580322360193,exists_size_only,
rabbit02,/work/zhanghc/Myllm/SELD/EINV2/C1_CausalEINV2_Velocity_seed2026/out_train/ein_seld/C1_CausalEINV2_Velocity_seed2027/checkpoints/rabbit02_gpu0_c1_seed2027_epoch_48.pth,419897715,1788437658923262246,exists_size_only,
rabbit02,/work/zhanghc/Myllm/SELD/EINV2/C1_CausalEINV2_Velocity_seed2026/out_train/ein_seld/C1_CausalEINV2_Velocity_seed2027/checkpoints/rabbit02_gpu0_c1_seed2027_epoch_best.pth,419899317,1788437659403267080,exists_size_only,
rabbit02,/work/zhanghc/Myllm/SELD/EINV2/C1_CausalEINV2_Velocity_seed2026/out_train/ein_seld/C1_CausalEINV2_Velocity_seed2026/checkpoints/rabbit02_gpu4_epoch_best.pth,419889705,1787297500765520374,exists_size_only,
rabbit02,/work/zhanghc/Myllm/SELD/EINV2/C1_CausalEINV2_Velocity_seed2026/out_train/ein_seld/C1_CausalEINV2_Velocity_seed2026/checkpoints/rabbit02_gpu4_epoch_59.pth,419888103,1787297500265520106,exists_size_only,
rabbit02,/work/zhanghc/Myllm/SELD/EINV2/C1_CausalEINV2_Velocity_seed2026/out_train/ein_seld/C1_CausalEINV2_Velocity_seed2026/checkpoints/rabbit02_gpu4_epoch_latest.pth,419891243,1787300545238317172,exists_size_only,
rabbit02,/work/zhanghc/Myllm/SELD/EINV2/C1_CausalEINV2_Velocity_seed2026/out_train/ein_seld/C1_CausalEINV2_Velocity_seed2028/checkpoints/rabbit02_gpu2_c1_seed2028_epoch_81.pth,419897651,1788440730237345288,exists_size_only,
rabbit02,/work/zhanghc/Myllm/SELD/EINV2/C1_CausalEINV2_Velocity_seed2026/out_train/ein_seld/C1_CausalEINV2_Velocity_seed2028/checkpoints/rabbit02_gpu2_c1_seed2028_epoch_best.pth,419899253,1788440730817343975,exists_size_only,
rabbit02,/work/zhanghc/Myllm/SELD/EINV2/C1_CausalEINV2_Velocity_seed2026/out_train/ein_seld/C1_CausalEINV2_Velocity_seed2028/checkpoints/rabbit02_gpu2_c1_seed2028_epoch_latest.pth,419900919,1788441588466386370,exists_size_only,
rabbit02,/work/zhanghc/Myllm/SELD/EINV2/E0_OfflineEINV2_seed2026/None_epoch_best.pth,419873896,1787551832892144522,exists_size_only,
rabbit02,/work/zhanghc/Myllm/SELD/PSELDNets/ckpts/model/mACCDOA-HTSAT-0.567.ckpt,140516864,1787723624718982030,exists_size_only,
rabbit02,/work/zhanghc/Myllm/SELD/experiment_einv2_reaudit_20260904_r1/runs/C0_seed2028_framecausal_v020/latest.pth,425320093,1788538617841135645,exists_size_only,
rabbit02,/work/zhanghc/Myllm/SELD/experiment_einv2_reaudit_20260904_r1/runs/C0_seed2028_framecausal_v020/best.pth,425318487,1788538618973138212,exists_size_only,
rabbit02,/work/zhanghc/Myllm/SELD/experiment_einv2_reaudit_20260904_r1/runs/C1_seed2026_framecausal_v020/latest.pth,425361453,1788526621201832031,exists_size_only,
rabbit02,/work/zhanghc/Myllm/SELD/experiment_einv2_reaudit_20260904_r1/runs/C1_seed2026_framecausal_v020/best.pth,425359815,1788523534972318366,exists_size_only,
rabbit02,/work/zhanghc/Myllm/SELD/experiment_einv2_reaudit_20260904_r1/runs/C3_seed2026_framecausal_v020/latest.pth,533497772,1788528734403154787,exists_size_only,
rabbit02,/work/zhanghc/Myllm/SELD/experiment_einv2_reaudit_20260904_r1/runs/C3_seed2026_framecausal_v020/best.pth,533495694,1788522586681830082,exists_size_only,
rabbit02,/work/zhanghc/Myllm/SELD/experiment_einv2_reaudit_20260904_r1/runs/C2_seed2026_framecausal_v020/latest.pth,533456396,1788528951068019186,exists_size_only,
rabbit02,/work/zhanghc/Myllm/SELD/experiment_einv2_reaudit_20260904_r1/runs/C2_seed2026_framecausal_v020/best.pth,533454350,1788528406789943250,exists_size_only,
rabbit02,/work/zhanghc/Myllm/SELD/experiment_einv2_reaudit_20260904_r1/runs/C3_seed2028_framecausal_v020/latest.pth,533497772,1788550802019307472,exists_size_only,
rabbit02,/work/zhanghc/Myllm/SELD/experiment_einv2_reaudit_20260904_r1/runs/C3_seed2028_framecausal_v020/best.pth,533495694,1788546114356841961,exists_size_only,
rabbit02,/work/zhanghc/Myllm/SELD/experiment_einv2_reaudit_20260904_r1/runs/C1_seed2028_framecausal_v020/latest.pth,425361453,1788539030090363625,exists_size_only,
rabbit02,/work/zhanghc/Myllm/SELD/experiment_einv2_reaudit_20260904_r1/runs/C1_seed2028_framecausal_v020/best.pth,425359815,1788536699331435611,exists_size_only,
rabbit02,/work/zhanghc/Myllm/SELD/experiment_einv2_reaudit_20260904_r1/runs/C1_seed2027_framecausal_v020/latest.pth,425361453,1788536516535840310,exists_size_only,
rabbit02,/work/zhanghc/Myllm/SELD/experiment_einv2_reaudit_20260904_r1/runs/C1_seed2027_framecausal_v020/best.pth,425359815,1788535647652564302,exists_size_only,
rabbit02,/work/zhanghc/Myllm/SELD/experiment_einv2_reaudit_20260904_r1/runs/C3_seed2027_framecausal_v020/latest.pth,533497772,1788538937550046477,exists_size_only,
rabbit02,/work/zhanghc/Myllm/SELD/experiment_einv2_reaudit_20260904_r1/runs/C3_seed2027_framecausal_v020/best.pth,533495694,1788534995938978312,exists_size_only,
rabbit02,/work/zhanghc/Myllm/SELD/experiment_einv2_reaudit_20260904_r1/runs/C2_seed2028_framecausal_v020/latest.pth,533456396,1788548782465798992,exists_size_only,
rabbit02,/work/zhanghc/Myllm/SELD/experiment_einv2_reaudit_20260904_r1/runs/C2_seed2028_framecausal_v020/best.pth,533454350,1788546746243394794,exists_size_only,
rabbit02,/work/zhanghc/Myllm/SELD/experiment_einv2_reaudit_20260904_r1/runs/C2_seed2027_framecausal_v020/latest.pth,533456332,1788538928738017286,exists_size_only,
rabbit02,/work/zhanghc/Myllm/SELD/experiment_einv2_reaudit_20260904_r1/runs/C2_seed2027_framecausal_v020/best.pth,533454286,1788536080551742948,exists_size_only,
rabbit02,/work/zhanghc/Myllm/SELD/experiment_einv2_reaudit_20260904_r1/runs/C0_seed2026_framecausal_v020/latest.pth,425320093,1788526575289187176,exists_size_only,
rabbit02,/work/zhanghc/Myllm/SELD/experiment_einv2_reaudit_20260904_r1/runs/C0_seed2026_framecausal_v020/best.pth,425318423,1788524053161825011,exists_size_only,
rabbit02,/work/zhanghc/Myllm/SELD/experiment_einv2_reaudit_20260904_r1/runs/smoke_C3_seed2026_framecausal_v020/latest.pth,533497836,1788516278405085274,exists_size_only,
rabbit02,/work/zhanghc/Myllm/SELD/experiment_einv2_reaudit_20260904_r1/runs/smoke_C3_seed2026_framecausal_v020/best.pth,533495694,1788516278929085524,exists_size_only,
rabbit02,/work/zhanghc/Myllm/SELD/experiment_einv2_reaudit_20260904_r1/runs/C0_seed2027_framecausal_v020/latest.pth,425320029,1788526631681973895,exists_size_only,
rabbit02,/work/zhanghc/Myllm/SELD/experiment_einv2_reaudit_20260904_r1/runs/C0_seed2027_framecausal_v020/best.pth,425318423,1788525750597393331,exists_size_only,
rabbit02,/work/zhanghc/Myllm/SELD/EINV2/C0p1_CausalEINV2_fix_seed2026/out_train/ein_seld/EvalAlias_Pilot_E0_best_seed2026/checkpoints/eval_best_epoch_1.pth,419873896,1787551832892144522,exists_size_only,True
rabbit02,/work/zhanghc/Myllm/SELD/DynamicCausalMultiACCDOA_TAU2020/runs/models/35_paper_v1_C0_seed2026_eval_split0_multiaccdoa_foa_model.h5,4888475,1788342377336574378,exists_size_only,True
rabbit02,/work/zhanghc/Myllm/SELD/DynamicCausalMultiACCDOA_TAU2020/runs/models/35_paper_v1_C0_seed2027_eval_split0_multiaccdoa_foa_model.h5,4888475,1788351987840458068,exists_size_only,True
rabbit02,/work/zhanghc/Myllm/SELD/DynamicCausalMultiACCDOA_TAU2020/runs/models/35_paper_v1_C0_seed2028_eval_split0_multiaccdoa_foa_model.h5,4888475,1788354901495126971,exists_size_only,True
rabbit02,/work/zhanghc/Myllm/SELD/DynamicCausalMultiACCDOA_TAU2020/runs/models/40_pilot_v2_C1_lambda005_seed2026_eval_split0_multiaccdoa_foa_model.h5,4888475,1788409684394541926,exists_size_only,True
rabbit02,/work/zhanghc/Myllm/SELD/DynamicCausalMultiACCDOA_TAU2020/runs/models/40_promoted_v2_C1_lambda005_seed2027_eval_split0_multiaccdoa_foa_model.h5,4888475,1788419706895945595,exists_size_only,True
rabbit02,/work/zhanghc/Myllm/SELD/DynamicCausalMultiACCDOA_TAU2020/runs/models/40_promoted_v2_C1_lambda005_seed2028_eval_split0_multiaccdoa_foa_model.h5,4888475,1788425119508148942,exists_size_only,True
rabbit02,/work/zhanghc/Myllm/SELD/DynamicCausalMultiACCDOA_TAU2020/runs/models/41_pilot_v2_C2_lambda005_seed2026_eval_split0_multiaccdoa_foa_model.h5,4888475,1788409572114181696,exists_size_only,True
rabbit02,/work/zhanghc/Myllm/SELD/DynamicCausalMultiACCDOA_TAU2020/runs/models/41_promoted_v2_C2_lambda005_seed2027_eval_split0_multiaccdoa_foa_model.h5,4888475,1788422821514628132,exists_size_only,True
rabbit02,/work/zhanghc/Myllm/SELD/DynamicCausalMultiACCDOA_TAU2020/runs/models/41_promoted_v2_C2_lambda005_seed2028_eval_split0_multiaccdoa_foa_model.h5,4888475,1788427774693991730,exists_size_only,True
rabbit02,/work/zhanghc/Myllm/SELD/DynamicCausalMultiACCDOA_TAU2020/runs/models/42_supplemental_v2_C3_lambda005_seed2026_eval_split0_multiaccdoa_foa_model.h5,4888475,1788445024014021414,exists_size_only,True
rabbit02,/work/zhanghc/Myllm/SELD/DynamicCausalMultiACCDOA_TAU2020/runs/models/42_supplemental_v2_C3_lambda005_seed2027_eval_split0_multiaccdoa_foa_model.h5,4888475,1788502098216658744,exists_size_only,True
rabbit02,/work/zhanghc/Myllm/SELD/DynamicCausalMultiACCDOA_TAU2020/runs/models/42_supplemental_v2_C3_lambda005_seed2028_eval_split0_multiaccdoa_foa_model.h5,4888475,1788505260972042916,exists_size_only,True
rabbit02,/work/zhanghc/Myllm/SELD/DynamicCausalMultiACCDOA_TAU2020/runs/models/32_paper_v1_A0_seed2026_eval_split0_multiaccdoa_foa_model.h5,6075227,1788341833668349742,exists_size_only,True
rabbit02,/work/zhanghc/Myllm/SELD/DynamicCausalMultiACCDOA_TAU2020/runs/models/32_paper_v1_A0_seed2027_eval_split0_multiaccdoa_foa_model.h5,6075227,1788344945791316362,exists_size_only,True
rabbit02,/work/zhanghc/Myllm/SELD/DynamicCausalMultiACCDOA_TAU2020/runs/models/32_paper_v1_A0_seed2028_eval_split0_multiaccdoa_foa_model.h5,6075227,1788348802961552353,exists_size_only,True
rabbit02,/work/zhanghc/Myllm/SELD/DynamicCausalMultiACCDOA_TAU2020/runs/models/52_supplemental_v2_A3_lambda005_seed2026_eval_split0_multiaccdoa_foa_model.h5,6075227,1788445434062169087,exists_size_only,True
rabbit02,/work/zhanghc/Myllm/SELD/DynamicCausalMultiACCDOA_TAU2020/runs/models/52_supplemental_v2_A3_lambda005_seed2027_eval_split0_multiaccdoa_foa_model.h5,6075227,1788502325109177010,exists_size_only,True
rabbit02,/work/zhanghc/Myllm/SELD/DynamicCausalMultiACCDOA_TAU2020/runs/models/52_supplemental_v2_A3_lambda005_seed2028_eval_split0_multiaccdoa_foa_model.h5,6075227,1788505016189170125,exists_size_only,True
RB05,/home/zhanghc/SELD/experiment_einv2_fairbaseline_20260905_r1/runs/B0_audited_seed2028_rb05_v1/latest.pth,425320477,1788567871082587113,exists_size_only,
RB05,/home/zhanghc/SELD/experiment_einv2_fairbaseline_20260905_r1/runs/B0_audited_seed2028_rb05_v1/best.pth,425318871,1788567554703022434,exists_size_only,
RB05,/home/zhanghc/SELD/experiment_einv2_fairbaseline_20260905_r1/runs/B1_audited_seed2026_rb05_v1/latest.pth,425361837,1788558588726603604,exists_size_only,
RB05,/home/zhanghc/SELD/experiment_einv2_fairbaseline_20260905_r1/runs/B1_audited_seed2026_rb05_v1/best.pth,425360199,1788555138955752157,exists_size_only,
RB05,/home/zhanghc/SELD/experiment_einv2_fairbaseline_20260905_r1/runs/B0_audited_seed2026_rb05_v1/latest.pth,425320477,1788558347334150116,exists_size_only,
RB05,/home/zhanghc/SELD/experiment_einv2_fairbaseline_20260905_r1/runs/B0_audited_seed2026_rb05_v1/best.pth,425318871,1788557469351104825,exists_size_only,
RB05,/home/zhanghc/SELD/experiment_einv2_fairbaseline_20260905_r1/runs/B1_audited_seed2027_rb05_v1/latest.pth,425361837,1788558309116242091,exists_size_only,
RB05,/home/zhanghc/SELD/experiment_einv2_fairbaseline_20260905_r1/runs/B1_audited_seed2027_rb05_v1/best.pth,425360199,1788557430108309402,exists_size_only,
RB05,/home/zhanghc/SELD/experiment_einv2_fairbaseline_20260905_r1/runs/B1_audited_seed2028_rb05_v1/latest.pth,425361837,1788567878554557634,exists_size_only,
RB05,/home/zhanghc/SELD/experiment_einv2_fairbaseline_20260905_r1/runs/B1_audited_seed2028_rb05_v1/best.pth,425360199,1788563876827412378,exists_size_only,
RB05,/home/zhanghc/SELD/experiment_einv2_fairbaseline_20260905_r1/runs/B0_audited_seed2027_rb05_v1/latest.pth,425320477,1788558286102298346,exists_size_only,
RB05,/home/zhanghc/SELD/experiment_einv2_fairbaseline_20260905_r1/runs/B0_audited_seed2027_rb05_v1/best.pth,425318871,1788557419675365558,exists_size_only,
RB05,/home/zhanghc/SELD/experiment_einv2_dynamicmask_20260905_r1/full_seed2026/runs/D3_motionpairs_v020_jepa005_seed2026_rb05_v1/latest.pth,533498220,1788560199842388212,exists_size_only,
RB05,/home/zhanghc/SELD/experiment_einv2_dynamicmask_20260905_r1/full_seed2026/runs/D3_motionpairs_v020_jepa005_seed2026_rb05_v1/best.pth,533496142,1788556450497018381,exists_size_only,
RB05,/home/zhanghc/SELD/experiment_einv2_dynamicmask_20260905_r1/full_seed2026/runs/D1_motionpairs_v020_seed2026_rb05_v1/latest.pth,425361901,1788558461438885092,exists_size_only,
RB05,/home/zhanghc/SELD/experiment_einv2_dynamicmask_20260905_r1/full_seed2026/runs/D1_motionpairs_v020_seed2026_rb05_v1/best.pth,425360263,1788558028220984154,exists_size_only,
RB05,/home/zhanghc/SELD/experiment_einv2_dynamicmask_20260905_r1/smoke_r1/runs/smoke_D1_motionpairs_v020_seed2026_rb05_v1/latest.pth,425361901,1788548353387028864,exists_size_only,
RB05,/home/zhanghc/SELD/experiment_einv2_dynamicmask_20260905_r1/smoke_r1/runs/smoke_D1_motionpairs_v020_seed2026_rb05_v1/best.pth,425360263,1788548353833028377,exists_size_only,
RB05,/home/zhanghc/SELD/experiment_einv2_dynamicmask_20260905_r1/smoke_r1/runs/smoke_D3_motionpairs_v020_jepa005_seed2026_rb05_v1/latest.pth,533498220,1788548354737027391,exists_size_only,
RB05,/home/zhanghc/SELD/experiment_einv2_dynamicmask_20260905_r1/smoke_r1/runs/smoke_D3_motionpairs_v020_jepa005_seed2026_rb05_v1/best.pth,533496142,1788548355229026855,exists_size_only,
RB05,/home/zhanghc/SELD/experiment_einv2_weightprobe_20260904_r1/smoke/runs/smoke_C3_jepa005_seed2026_rb05_v1/latest.pth,533498092,1788519025931367073,exists_size_only,
RB05,/home/zhanghc/SELD/experiment_einv2_weightprobe_20260904_r1/smoke/runs/smoke_C3_jepa005_seed2026_rb05_v1/best.pth,533496014,1788519026455365206,exists_size_only,
RB05,/home/zhanghc/SELD/experiment_einv2_weightprobe_20260904_r1/smoke/runs/smoke_C3_jepa020_seed2026_rb05_v1/latest.pth,533498092,1788519026193366139,exists_size_only,
RB05,/home/zhanghc/SELD/experiment_einv2_weightprobe_20260904_r1/smoke/runs/smoke_C3_jepa020_seed2026_rb05_v1/best.pth,533496014,1788519026695364350,exists_size_only,
RB05,/home/zhanghc/SELD/experiment_einv2_weightprobe_20260904_r1/runs/C3_jepa005_seed2027_rb05_v1/latest.pth,533498028,1788538098303138363,exists_size_only,
RB05,/home/zhanghc/SELD/experiment_einv2_weightprobe_20260904_r1/runs/C3_jepa005_seed2027_rb05_v1/best.pth,533495950,1788536425935252750,exists_size_only,
RB05,/home/zhanghc/SELD/experiment_einv2_weightprobe_20260904_r1/runs/C3_jepa020_seed2027_rb05_v1/latest.pth,533498028,1788537968190843661,exists_size_only,
RB05,/home/zhanghc/SELD/experiment_einv2_weightprobe_20260904_r1/runs/C3_jepa020_seed2027_rb05_v1/best.pth,533495950,1788533627780780907,exists_size_only,
RB05,/home/zhanghc/SELD/experiment_einv2_weightprobe_20260904_r1/runs/C3_jepa020_seed2028_rb05_v1/latest.pth,533498092,1788538131256959755,exists_size_only,
RB05,/home/zhanghc/SELD/experiment_einv2_weightprobe_20260904_r1/runs/C3_jepa020_seed2028_rb05_v1/best.pth,533496014,1788533864646372240,exists_size_only,
RB05,/home/zhanghc/SELD/experiment_einv2_weightprobe_20260904_r1/runs/C3_jepa005_seed2026_rb05_v1/latest.pth,533498092,1788530563382606047,exists_size_only,
RB05,/home/zhanghc/SELD/experiment_einv2_weightprobe_20260904_r1/runs/C3_jepa005_seed2026_rb05_v1/best.pth,533495950,1788530047807927455,exists_size_only,
RB05,/home/zhanghc/SELD/experiment_einv2_weightprobe_20260904_r1/runs/C3_jepa005_seed2028_rb05_v1/latest.pth,533498092,1788538058211355671,exists_size_only,
RB05,/home/zhanghc/SELD/experiment_einv2_weightprobe_20260904_r1/runs/C3_jepa005_seed2028_rb05_v1/best.pth,533496014,1788533569271163051,exists_size_only,
RB05,/home/zhanghc/SELD/experiment_einv2_weightprobe_20260904_r1/runs/C3_jepa020_seed2026_rb05_v1/latest.pth,533498092,1788530615748956898,exists_size_only,
RB05,/home/zhanghc/SELD/experiment_einv2_weightprobe_20260904_r1/runs/C3_jepa020_seed2026_rb05_v1/best.pth,533495950,1788525728862394405,exists_size_only,
RB05,/home/zhanghc/SELD/EINV2/C2_CausalEINV2_JEPA_seed2026/out_train/ein_seld/RB05_C2_CausalEINV2_JEPA_lambda005_seed2027/checkpoints/rb05_gpu1_lambda005_seed2027_epoch_latest.pth,528774848,1788467583119594008,exists_size_only,
RB05,/home/zhanghc/SELD/EINV2/C2_CausalEINV2_JEPA_seed2026/out_train/ein_seld/RB05_C2_CausalEINV2_JEPA_lambda005_seed2027/checkpoints/rb05_gpu1_lambda005_seed2027_epoch_best.pth,528772828,1788465375923055371,exists_size_only,
RB05,/home/zhanghc/SELD/EINV2/C2_CausalEINV2_JEPA_seed2026/out_train/ein_seld/RB05_C2_CausalEINV2_JEPA_lambda005_seed2027/checkpoints/rb05_gpu1_lambda005_seed2027_epoch_70.pth,528770808,1788465375377059154,exists_size_only,
RB05,/home/zhanghc/SELD/EINV2/C2_CausalEINV2_JEPA_seed2026/out_train/ein_seld/RB05_C2_CausalEINV2_JEPA_lambda005_seed2028/checkpoints/rb05_gpu1_lambda005_seed2028_epoch_latest.pth,528774848,1788477469162313429,exists_size_only,
RB05,/home/zhanghc/SELD/EINV2/C2_CausalEINV2_JEPA_seed2026/out_train/ein_seld/RB05_C2_CausalEINV2_JEPA_lambda005_seed2028/checkpoints/rb05_gpu1_lambda005_seed2028_epoch_60.pth,528770808,1788474185343973452,exists_size_only,
RB05,/home/zhanghc/SELD/EINV2/C2_CausalEINV2_JEPA_seed2026/out_train/ein_seld/RB05_C2_CausalEINV2_JEPA_lambda005_seed2028/checkpoints/rb05_gpu1_lambda005_seed2028_epoch_best.pth,528772828,1788474185896972897,exists_size_only,
RB05,/home/zhanghc/SELD/EINV2/C2_CausalEINV2_JEPA_seed2026/out_train/ein_seld/RB05_C2_CausalEINV2_JEPA_lambda005_seed2026_r1/checkpoints/rb05_gpu1_lambda005_validation_only_r1_after_metadata_sync_epoch_best.pth,528815160,1788449719143747956,exists_size_only,
RB05,/home/zhanghc/SELD/EINV2/C2_CausalEINV2_JEPA_seed2026/out_train/ein_seld/RB05_C2_CausalEINV2_JEPA_lambda005_seed2026_r1/checkpoints/rb05_gpu1_lambda005_validation_only_r1_after_metadata_sync_epoch_latest.pth,528868508,1788453671176628993,exists_size_only,
RB05,/home/zhanghc/SELD/EINV2/C2_CausalEINV2_JEPA_seed2026/out_train/ein_seld/RB05_C2_CausalEINV2_JEPA_lambda005_seed2026_r1/checkpoints/rb05_gpu1_lambda005_validation_only_r1_after_metadata_sync_epoch_54.pth,528812756,1788449718571747996,exists_size_only,
RB05,/home/zhanghc/SELD/EINV2/C1_CausalEINV2_Velocity_seed2026/out_train/ein_seld/RB05_C1_CausalEINV2_Velocity_lambda005_seed2027/checkpoints/rb05_gpu0_lambda005_seed2027_epoch_latest.pth,419903322,1788465732039072119,exists_size_only,
RB05,/home/zhanghc/SELD/EINV2/C1_CausalEINV2_Velocity_seed2026/out_train/ein_seld/RB05_C1_CausalEINV2_Velocity_lambda005_seed2027/checkpoints/rb05_gpu0_lambda005_seed2027_epoch_42.pth,419900118,1788461505803563562,exists_size_only,
RB05,/home/zhanghc/SELD/EINV2/C1_CausalEINV2_Velocity_seed2026/out_train/ein_seld/RB05_C1_CausalEINV2_Velocity_lambda005_seed2027/checkpoints/rb05_gpu0_lambda005_seed2027_epoch_best.pth,419901720,1788461506240568925,exists_size_only,
RB05,/home/zhanghc/SELD/EINV2/C1_CausalEINV2_Velocity_seed2026/out_train/ein_seld/RB05_C1_CausalEINV2_Velocity_lambda005_seed2028/checkpoints/rb05_gpu0_lambda005_seed2028_epoch_70.pth,419900118,1788471912605257683,exists_size_only,
RB05,/home/zhanghc/SELD/EINV2/C1_CausalEINV2_Velocity_seed2026/out_train/ein_seld/RB05_C1_CausalEINV2_Velocity_lambda005_seed2028/checkpoints/rb05_gpu0_lambda005_seed2028_epoch_latest.pth,419903322,1788473671564581346,exists_size_only,
RB05,/home/zhanghc/SELD/EINV2/C1_CausalEINV2_Velocity_seed2026/out_train/ein_seld/RB05_C1_CausalEINV2_Velocity_lambda005_seed2028/checkpoints/rb05_gpu0_lambda005_seed2028_epoch_best.pth,419901720,1788471913026258071,exists_size_only,
RB05,/home/zhanghc/SELD/EINV2/C1_CausalEINV2_Velocity_seed2026/out_train/ein_seld/RB05_C1_CausalEINV2_Velocity_lambda005_seed2026_r1/checkpoints/rb05_gpu0_lambda005_validation_only_r1_after_metadata_sync_epoch_latest.pth,419977848,1788451715488112834,exists_size_only,
RB05,/home/zhanghc/SELD/EINV2/C1_CausalEINV2_Velocity_seed2026/out_train/ein_seld/RB05_C1_CausalEINV2_Velocity_lambda005_seed2026_r1/checkpoints/rb05_gpu0_lambda005_validation_only_r1_after_metadata_sync_epoch_82.pth,419935156,1788451012084859039,exists_size_only,
RB05,/home/zhanghc/SELD/EINV2/C1_CausalEINV2_Velocity_seed2026/out_train/ein_seld/RB05_C1_CausalEINV2_Velocity_lambda005_seed2026_r1/checkpoints/rb05_gpu0_lambda005_validation_only_r1_after_metadata_sync_epoch_best.pth,419937142,1788451012544858595,exists_size_only,
