run_id,variant,seed,lambda_velocity,lambda_jepa,split,status,manifest_path,metric_protocol,ER,F,LE,LR,SELD
pilot_v2_C2_lambda005_seed2026,C2,2026,0.0,0.05,validation,validation_completed,/work/zhanghc/Myllm/SELD/DynamicCausalMultiACCDOA_TAU2020/runs/manifests/41_pilot_v2_C2_lambda005_seed2026_eval_split0_multiaccdoa_foa.json,original_manifest_NOT_current_aligned,0.6261584454409567,0.4763048350944605,15.674344349791395,0.560077519379845,0.41921394544970647
paper_v1_A3_seed2026,A3,2026,0.2,0.2,validation,completed,/work/zhanghc/Myllm/SELD/DynamicCausalMultiACCDOA_TAU2020/runs/manifests/52_paper_v1_A3_seed2026_eval_split0_multiaccdoa_foa.json,original_manifest_NOT_current_aligned,0.5804185351270553,0.4942302760919737,14.621440355753311,0.5425246195165622,0.40622346592928726
paper_v1_A3_seed2026,A3,2026,0.2,0.2,evaluation,completed,/work/zhanghc/Myllm/SELD/DynamicCausalMultiACCDOA_TAU2020/runs/manifests/52_paper_v1_A3_seed2026_eval_split0_multiaccdoa_foa.json,original_manifest_NOT_current_aligned,0.5565981083921333,0.5133437328723808,15.116444391962395,0.5625560538116592,0.39116964208252664
C3_smoke_seed2026_strictcausal_v1,C3,2026,0.2,0.2,validation,completed,/work/zhanghc/Myllm/SELD/DynamicCausalMultiACCDOA_TAU2020/runs/manifests/45_C3_smoke_seed2026_strictcausal_v1_eval_split0_multiaccdoa_foa.json,original_manifest_NOT_current_aligned,1.0,0.0,180,0.0,1.0
C3_smoke_seed2026_strictcausal_v1,C3,2026,0.2,0.2,evaluation,completed,/work/zhanghc/Myllm/SELD/DynamicCausalMultiACCDOA_TAU2020/runs/manifests/45_C3_smoke_seed2026_strictcausal_v1_eval_split0_multiaccdoa_foa.json,original_manifest_NOT_current_aligned,1.0,0.0,180,0.0,1.0
C1_smoke_seed2026_strictcausal_v1,C1,2026,0.2,0.2,validation,completed,/work/zhanghc/Myllm/SELD/DynamicCausalMultiACCDOA_TAU2020/runs/manifests/43_C1_smoke_seed2026_strictcausal_v1_eval_split0_multiaccdoa_foa.json,original_manifest_NOT_current_aligned,1.0,0.0,180,0.0,1.0
C1_smoke_seed2026_strictcausal_v1,C1,2026,0.2,0.2,evaluation,completed,/work/zhanghc/Myllm/SELD/DynamicCausalMultiACCDOA_TAU2020/runs/manifests/43_C1_smoke_seed2026_strictcausal_v1_eval_split0_multiaccdoa_foa.json,original_manifest_NOT_current_aligned,1.0,0.0,180,0.0,1.0
paper_v1_A2_seed2027,A2,2027,0.2,0.2,validation,completed,/work/zhanghc/Myllm/SELD/DynamicCausalMultiACCDOA_TAU2020/runs/manifests/51_paper_v1_A2_seed2027_eval_split0_multiaccdoa_foa.json,original_manifest_NOT_current_aligned,0.5837070254110612,0.4846712889482917,15.689962880234845,0.5620807870025339,0.4060303524764962
paper_v1_A2_seed2027,A2,2027,0.2,0.2,evaluation,completed,/work/zhanghc/Myllm/SELD/DynamicCausalMultiACCDOA_TAU2020/runs/manifests/51_paper_v1_A2_seed2027_eval_split0_multiaccdoa_foa.json,original_manifest_NOT_current_aligned,0.5663564029425011,0.4958310638119579,15.886525811157052,0.5706062644838155,0.3970443878438445
supplemental_v2_C3_lambda005_seed2026,C3,2026,0.05,0.05,validation,validation_completed,/work/zhanghc/Myllm/SELD/DynamicCausalMultiACCDOA_TAU2020/runs/manifests/42_supplemental_v2_C3_lambda005_seed2026_eval_split0_multiaccdoa_foa.json,original_manifest_NOT_current_aligned,0.637219730941704,0.4664475266575804,15.465506848603715,0.547217663732657,0.42736850576092744
pilot_v2_validation_only_smoke,C1,2026,0.02,0.0,validation,validation_completed,/work/zhanghc/Myllm/SELD/DynamicCausalMultiACCDOA_TAU2020/runs/manifests/43_pilot_v2_validation_only_smoke_eval_split0_multiaccdoa_foa.json,original_manifest_NOT_current_aligned,1.0,0.0,180,0.0,1.0
supplemental_v2_C3_lambda005_seed2027,C3,2027,0.05,0.05,validation,validation_completed,/work/zhanghc/Myllm/SELD/DynamicCausalMultiACCDOA_TAU2020/runs/manifests/42_supplemental_v2_C3_lambda005_seed2027_eval_split0_multiaccdoa_foa.json,original_manifest_NOT_current_aligned,0.6210762331838565,0.4756176853055917,14.779798276970789,0.5354424712729443,0.423031516758234
promoted_v2_C2_lambda005_seed2027,C2,2027,0.0,0.05,validation,validation_completed,/work/zhanghc/Myllm/SELD/DynamicCausalMultiACCDOA_TAU2020/runs/manifests/41_promoted_v2_C2_lambda005_seed2027_eval_split0_multiaccdoa_foa.json,original_manifest_NOT_current_aligned,0.6375186846038864,0.4668574153552694,16.128031509792905,0.5502014023571535,0.4275150104864672
paper_v1_A0_seed2026,A0,2026,0.2,0.2,validation,completed,/work/zhanghc/Myllm/SELD/DynamicCausalMultiACCDOA_TAU2020/runs/manifests/32_paper_v1_A0_seed2026_eval_split0_multiaccdoa_foa.json,original_manifest_NOT_current_aligned,0.5316890881913303,0.5438825448613377,14.125427593533791,0.5952593917710197,0.3677554373252069
paper_v1_A0_seed2026,A0,2026,0.2,0.2,evaluation,completed,/work/zhanghc/Myllm/SELD/DynamicCausalMultiACCDOA_TAU2020/runs/manifests/32_paper_v1_A0_seed2026_eval_split0_multiaccdoa_foa.json,original_manifest_NOT_current_aligned,0.5067557423810238,0.557875991581674,14.741195445834672,0.6376324824600687,0.34828569964847955
C0_smoke_seed2026_strictcausal_v1,C0,2026,0.2,0.2,validation,completed,/work/zhanghc/Myllm/SELD/DynamicCausalMultiACCDOA_TAU2020/runs/manifests/34_C0_smoke_seed2026_strictcausal_v1_eval_split0_multiaccdoa_foa.json,original_manifest_NOT_current_aligned,1.0,0.0,180,0.0,1.0
C0_smoke_seed2026_strictcausal_v1,C0,2026,0.2,0.2,evaluation,completed,/work/zhanghc/Myllm/SELD/DynamicCausalMultiACCDOA_TAU2020/runs/manifests/34_C0_smoke_seed2026_strictcausal_v1_eval_split0_multiaccdoa_foa.json,original_manifest_NOT_current_aligned,1.0,0.0,180,0.0,1.0
paper_v1_C1_seed2028,C1,2028,0.2,0.2,validation,completed,/work/zhanghc/Myllm/SELD/DynamicCausalMultiACCDOA_TAU2020/runs/manifests/40_paper_v1_C1_seed2028_eval_split0_multiaccdoa_foa.json,original_manifest_NOT_current_aligned,0.6185351270553064,0.4641392585153569,15.742143645522088,0.5240298507462686,0.42945559284497864
paper_v1_C1_seed2028,C1,2028,0.2,0.2,evaluation,completed,/work/zhanghc/Myllm/SELD/DynamicCausalMultiACCDOA_TAU2020/runs/manifests/40_paper_v1_C1_seed2028_eval_split0_multiaccdoa_foa.json,original_manifest_NOT_current_aligned,0.6127458339588651,0.47045483180042835,15.619411445115794,0.5208099828140178,0.42706388184321
paper_v1_C0_seed2027,C0,2027,0.2,0.2,validation,completed,/work/zhanghc/Myllm/SELD/DynamicCausalMultiACCDOA_TAU2020/runs/manifests/35_paper_v1_C0_seed2027_eval_split0_multiaccdoa_foa.json,original_manifest_NOT_current_aligned,0.6284005979073244,0.47331897583153865,15.526111912513429,0.5474485228290062,0.4234723191346302
paper_v1_C0_seed2027,C0,2027,0.2,0.2,evaluation,completed,/work/zhanghc/Myllm/SELD/DynamicCausalMultiACCDOA_TAU2020/runs/manifests/35_paper_v1_C0_seed2027_eval_split0_multiaccdoa_foa.json,original_manifest_NOT_current_aligned,0.6087674523344843,0.4923715951753335,15.302603114082812,0.5740325713431944,0.40684443689021516
paper_v1_C1_seed2027,C1,2027,0.2,0.2,validation,completed,/work/zhanghc/Myllm/SELD/DynamicCausalMultiACCDOA_TAU2020/runs/manifests/40_paper_v1_C1_seed2027_eval_split0_multiaccdoa_foa.json,original_manifest_NOT_current_aligned,0.6464872944693573,0.45212289136989653,15.3524487898597,0.524164677804296,0.43887277686526294
paper_v1_C1_seed2027,C1,2027,0.2,0.2,evaluation,completed,/work/zhanghc/Myllm/SELD/DynamicCausalMultiACCDOA_TAU2020/runs/manifests/40_paper_v1_C1_seed2027_eval_split0_multiaccdoa_foa.json,original_manifest_NOT_current_aligned,0.6110193664614922,0.48407123019114523,14.419791980586844,0.5343397354457813,0.4181795890680676
paper_v1_C2_seed2028,C2,2028,0.2,0.2,validation,completed,/work/zhanghc/Myllm/SELD/DynamicCausalMultiACCDOA_TAU2020/runs/manifests/41_paper_v1_C2_seed2028_eval_split0_multiaccdoa_foa.json,original_manifest_NOT_current_aligned,0.6400597907324365,0.450278962914342,15.985593257544858,0.5266219239373602,0.43799193882788473
paper_v1_C2_seed2028,C2,2028,0.2,0.2,evaluation,completed,/work/zhanghc/Myllm/SELD/DynamicCausalMultiACCDOA_TAU2020/runs/manifests/41_paper_v1_C2_seed2028_eval_split0_multiaccdoa_foa.json,original_manifest_NOT_current_aligned,0.6095931541810539,0.4844053372991283,14.634698904394439,0.5326355140186916,0.4184640464163563
supplemental_v2_A3_lambda005_seed2028,A3,2028,0.05,0.05,validation,validation_completed,/work/zhanghc/Myllm/SELD/DynamicCausalMultiACCDOA_TAU2020/runs/manifests/52_supplemental_v2_A3_lambda005_seed2028_eval_split0_multiaccdoa_foa.json,original_manifest_NOT_current_aligned,0.5644245142002989,0.5160016454134101,14.720956111588684,0.5784372203996421,0.3879421844740182
supplemental_v2_A3_lambda005_seed2026,A3,2026,0.05,0.05,validation,validation_completed,/work/zhanghc/Myllm/SELD/DynamicCausalMultiACCDOA_TAU2020/runs/manifests/52_supplemental_v2_A3_lambda005_seed2026_eval_split0_multiaccdoa_foa.json,original_manifest_NOT_current_aligned,0.5630792227204783,0.5152368333885392,14.636978745763104,0.5685748360166964,0.3901460254757039
paper_v1_A1_seed2027,A1,2027,0.2,0.2,validation,completed,/work/zhanghc/Myllm/SELD/DynamicCausalMultiACCDOA_TAU2020/runs/manifests/50_paper_v1_A1_seed2027_eval_split0_multiaccdoa_foa.json,original_manifest_NOT_current_aligned,0.5566517189835576,0.5136329525556574,14.705410888480982,0.5759021771547868,0.3872033291078353
paper_v1_A1_seed2027,A1,2027,0.2,0.2,evaluation,completed,/work/zhanghc/Myllm/SELD/DynamicCausalMultiACCDOA_TAU2020/runs/manifests/50_paper_v1_A1_seed2027_eval_split0_multiaccdoa_foa.json,original_manifest_NOT_current_aligned,0.5340789671220537,0.5342775970683905,15.160859531778076,0.6035281805950067,0.37012504671435587
paper_v1_A2_seed2028,A2,2028,0.2,0.2,validation,completed,/work/zhanghc/Myllm/SELD/DynamicCausalMultiACCDOA_TAU2020/runs/manifests/51_paper_v1_A2_seed2028_eval_split0_multiaccdoa_foa.json,original_manifest_NOT_current_aligned,0.5775784753363229,0.498982015609094,15.101785572928598,0.5469868735083532,0.40387709873934197
paper_v1_A2_seed2028,A2,2028,0.2,0.2,evaluation,completed,/work/zhanghc/Myllm/SELD/DynamicCausalMultiACCDOA_TAU2020/runs/manifests/51_paper_v1_A2_seed2028_eval_split0_multiaccdoa_foa.json,original_manifest_NOT_current_aligned,0.5552469599159285,0.5060730458335096,15.041551854483425,0.5646029609690444,0.39203378252068166
A0_smoke_seed2026_strictcausal_v1,A0,2026,0.2,0.2,validation,completed,/work/zhanghc/Myllm/SELD/DynamicCausalMultiACCDOA_TAU2020/runs/manifests/33_A0_smoke_seed2026_strictcausal_v1_eval_split0_multiaccdoa_foa.json,original_manifest_NOT_current_aligned,1.0,0.0,180,0.0,1.0
A0_smoke_seed2026_strictcausal_v1,A0,2026,0.2,0.2,evaluation,completed,/work/zhanghc/Myllm/SELD/DynamicCausalMultiACCDOA_TAU2020/runs/manifests/33_A0_smoke_seed2026_strictcausal_v1_eval_split0_multiaccdoa_foa.json,original_manifest_NOT_current_aligned,1.0,0.0,180,0.0,1.0
promoted_v2_C1_lambda005_seed2028,C1,2028,0.05,0.0,validation,validation_completed,/work/zhanghc/Myllm/SELD/DynamicCausalMultiACCDOA_TAU2020/runs/manifests/40_promoted_v2_C1_lambda005_seed2028_eval_split0_multiaccdoa_foa.json,original_manifest_NOT_current_aligned,0.6258594917787743,0.4707865168539326,15.902547243443413,0.5561194029850747,0.421825264156391
promoted_v2_C1_lambda005_seed2027,C1,2027,0.05,0.0,validation,validation_completed,/work/zhanghc/Myllm/SELD/DynamicCausalMultiACCDOA_TAU2020/runs/manifests/40_promoted_v2_C1_lambda005_seed2027_eval_split0_multiaccdoa_foa.json,original_manifest_NOT_current_aligned,0.6221225710014948,0.47901393700153067,15.42342648196948,0.556980906921241,0.4179533574390828
paper_v1_A0_seed2027,A0,2027,0.2,0.2,validation,completed,/work/zhanghc/Myllm/SELD/DynamicCausalMultiACCDOA_TAU2020/runs/manifests/32_paper_v1_A0_seed2027_eval_split0_multiaccdoa_foa.json,original_manifest_NOT_current_aligned,0.5485799701046338,0.5264954486345904,14.820816335062894,0.6059025190043226,0.374629967748462
paper_v1_A0_seed2027,A0,2027,0.2,0.2,evaluation,completed,/work/zhanghc/Myllm/SELD/DynamicCausalMultiACCDOA_TAU2020/runs/manifests/32_paper_v1_A0_seed2027_eval_split0_multiaccdoa_foa.json,original_manifest_NOT_current_aligned,0.5286743732172346,0.5398584428715875,15.350193510937425,0.6242718446601941,0.36245573463099856
paper_v1_A0_seed2028,A0,2028,0.2,0.2,validation,completed,/work/zhanghc/Myllm/SELD/DynamicCausalMultiACCDOA_TAU2020/runs/manifests/32_paper_v1_A0_seed2028_eval_split0_multiaccdoa_foa.json,original_manifest_NOT_current_aligned,0.558594917787743,0.5134719637511126,15.043828562864853,0.5955575432319619,0.3832855590384794
paper_v1_A0_seed2028,A0,2028,0.2,0.2,evaluation,completed,/work/zhanghc/Myllm/SELD/DynamicCausalMultiACCDOA_TAU2020/runs/manifests/32_paper_v1_A0_seed2028_eval_split0_multiaccdoa_foa.json,original_manifest_NOT_current_aligned,0.5203422909473052,0.5521417901409019,14.676493174802108,0.6233756534727408,0.3565902301317519
paper_v1_A3_seed2027,A3,2027,0.2,0.2,validation,completed,/work/zhanghc/Myllm/SELD/DynamicCausalMultiACCDOA_TAU2020/runs/manifests/52_paper_v1_A3_seed2027_eval_split0_multiaccdoa_foa.json,original_manifest_NOT_current_aligned,0.5866965620328849,0.48368288225567835,15.482112729534446,0.5321689804448425,0.4142141091796666
paper_v1_A3_seed2027,A3,2027,0.2,0.2,evaluation,completed,/work/zhanghc/Myllm/SELD/DynamicCausalMultiACCDOA_TAU2020/runs/manifests/52_paper_v1_A3_seed2027_eval_split0_multiaccdoa_foa.json,original_manifest_NOT_current_aligned,0.5728869539108242,0.4955090463707078,15.723837800608027,0.5449446604845947,0.404946975375836
paper_v1_A1_seed2028,A1,2028,0.2,0.2,validation,completed,/work/zhanghc/Myllm/SELD/DynamicCausalMultiACCDOA_TAU2020/runs/manifests/50_paper_v1_A1_seed2028_eval_split0_multiaccdoa_foa.json,original_manifest_NOT_current_aligned,0.535575485799701,0.5405804230201673,14.832165538384864,0.6125279642058166,0.3662170045578527
paper_v1_A1_seed2028,A1,2028,0.2,0.2,evaluation,completed,/work/zhanghc/Myllm/SELD/DynamicCausalMultiACCDOA_TAU2020/runs/manifests/50_paper_v1_A1_seed2028_eval_split0_multiaccdoa_foa.json,original_manifest_NOT_current_aligned,0.5144122504128509,0.5542019919334925,14.809294577709927,0.6220213640098603,0.35511568830863827
paper_v1_C3_seed2027,C3,2027,0.2,0.2,validation,completed,/work/zhanghc/Myllm/SELD/DynamicCausalMultiACCDOA_TAU2020/runs/manifests/42_paper_v1_C3_seed2027_eval_split0_multiaccdoa_foa.json,original_manifest_NOT_current_aligned,0.639611360239163,0.4348929689483036,16.469395117742494,0.5056682577565632,0.44763669326932753
paper_v1_C3_seed2027,C3,2027,0.2,0.2,evaluation,completed,/work/zhanghc/Myllm/SELD/DynamicCausalMultiACCDOA_TAU2020/runs/manifests/42_paper_v1_C3_seed2027_eval_split0_multiaccdoa_foa.json,original_manifest_NOT_current_aligned,0.6216784266626633,0.45746034438883704,15.453547622911286,0.4995885389391786,0.43762064642103876
supplemental_v2_C3_lambda005_seed2028,C3,2028,0.05,0.05,validation,validation_completed,/work/zhanghc/Myllm/SELD/DynamicCausalMultiACCDOA_TAU2020/runs/manifests/42_supplemental_v2_C3_lambda005_seed2028_eval_split0_multiaccdoa_foa.json,original_manifest_NOT_current_aligned,0.633034379671151,0.467031620230411,15.227669671397896,0.5283497463443748,0.4305627944843661
paper_v1_C1_seed2026,C1,2026,0.2,0.2,validation,completed,/work/zhanghc/Myllm/SELD/DynamicCausalMultiACCDOA_TAU2020/runs/manifests/40_paper_v1_C1_seed2026_eval_split0_multiaccdoa_foa.json,original_manifest_NOT_current_aligned,0.6336322869955157,0.46867749419953597,15.649826099002647,0.5519916455318514,0.4249766563979802
paper_v1_C1_seed2026,C1,2026,0.2,0.2,evaluation,completed,/work/zhanghc/Myllm/SELD/DynamicCausalMultiACCDOA_TAU2020/runs/manifests/40_paper_v1_C1_seed2026_eval_split0_multiaccdoa_foa.json,original_manifest_NOT_current_aligned,0.6148476204774058,0.4812894864733517,14.901363795740332,0.5398818868206623,0.4191154004010429
pilot_v2_C1_lambda002_seed2026,C1,2026,0.02,0.0,validation,validation_completed,/work/zhanghc/Myllm/SELD/DynamicCausalMultiACCDOA_TAU2020/runs/manifests/40_pilot_v2_C1_lambda002_seed2026_eval_split0_multiaccdoa_foa.json,original_manifest_NOT_current_aligned,0.6342301943198804,0.46669345118521494,15.713287086957601,0.5394599433089662,0.4288432097994215
paper_v1_A1_seed2026,A1,2026,0.2,0.2,validation,completed,/work/zhanghc/Myllm/SELD/DynamicCausalMultiACCDOA_TAU2020/runs/manifests/50_paper_v1_A1_seed2026_eval_split0_multiaccdoa_foa.json,original_manifest_NOT_current_aligned,0.5630792227204783,0.5168392726086602,14.737312671669725,0.5844272076372315,0.3859216754404101
paper_v1_A1_seed2026,A1,2026,0.2,0.2,evaluation,completed,/work/zhanghc/Myllm/SELD/DynamicCausalMultiACCDOA_TAU2020/runs/manifests/50_paper_v1_A1_seed2026_eval_split0_multiaccdoa_foa.json,original_manifest_NOT_current_aligned,0.5412100285242456,0.5344465956760245,14.765731324759079,0.6121945752073527,0.36915017458349364
promoted_v2_C2_lambda005_seed2028,C2,2028,0.0,0.05,validation,validation_completed,/work/zhanghc/Myllm/SELD/DynamicCausalMultiACCDOA_TAU2020/runs/manifests/41_promoted_v2_C2_lambda005_seed2028_eval_split0_multiaccdoa_foa.json,original_manifest_NOT_current_aligned,0.6260089686098654,0.480705097665555,15.016070975995852,0.5473668506638818,0.4203399092034347
paper_v1_A3_seed2028,A3,2028,0.2,0.2,validation,completed,/work/zhanghc/Myllm/SELD/DynamicCausalMultiACCDOA_TAU2020/runs/manifests/52_paper_v1_A3_seed2028_eval_split0_multiaccdoa_foa.json,original_manifest_NOT_current_aligned,0.600896860986547,0.47395612772084356,15.517800462610092,0.544490892803822,0.41716496075798437
paper_v1_A3_seed2028,A3,2028,0.2,0.2,evaluation,completed,/work/zhanghc/Myllm/SELD/DynamicCausalMultiACCDOA_TAU2020/runs/manifests/52_paper_v1_A3_seed2028_eval_split0_multiaccdoa_foa.json,original_manifest_NOT_current_aligned,0.5594505329530101,0.5140613123891563,14.826379523883219,0.5600657845555804,0.3919230527852394
C2_smoke_seed2026_strictcausal_v1,C2,2026,0.2,0.2,validation,completed,/work/zhanghc/Myllm/SELD/DynamicCausalMultiACCDOA_TAU2020/runs/manifests/44_C2_smoke_seed2026_strictcausal_v1_eval_split0_multiaccdoa_foa.json,original_manifest_NOT_current_aligned,1.0,0.0,180,0.0,1.0
C2_smoke_seed2026_strictcausal_v1,C2,2026,0.2,0.2,evaluation,completed,/work/zhanghc/Myllm/SELD/DynamicCausalMultiACCDOA_TAU2020/runs/manifests/44_C2_smoke_seed2026_strictcausal_v1_eval_split0_multiaccdoa_foa.json,original_manifest_NOT_current_aligned,1.0,0.0,180,0.0,1.0
pilot_v2_C2_lambda002_seed2026,C2,2026,0.0,0.02,validation,validation_completed,/work/zhanghc/Myllm/SELD/DynamicCausalMultiACCDOA_TAU2020/runs/manifests/41_pilot_v2_C2_lambda002_seed2026_eval_split0_multiaccdoa_foa.json,original_manifest_NOT_current_aligned,0.6282511210762332,0.4738942998562989,15.856180719039818,0.5590034312994182,0.4208608207010176
paper_v1_C2_seed2026,C2,2026,0.2,0.2,validation,completed,/work/zhanghc/Myllm/SELD/DynamicCausalMultiACCDOA_TAU2020/runs/manifests/41_paper_v1_C2_seed2026_eval_split0_multiaccdoa_foa.json,original_manifest_NOT_current_aligned,0.6458893871449926,0.4508943089430894,16.70491139035372,0.5379794060587972,0.4374551838557122
paper_v1_C2_seed2026,C2,2026,0.2,0.2,evaluation,completed,/work/zhanghc/Myllm/SELD/DynamicCausalMultiACCDOA_TAU2020/runs/manifests/41_paper_v1_C2_seed2026_eval_split0_multiaccdoa_foa.json,original_manifest_NOT_current_aligned,0.6154481309112746,0.4816053511705686,15.479448753537696,0.5419190786029466,0.4194801596643533
paper_v1_C2_seed2027,C2,2027,0.2,0.2,validation,completed,/work/zhanghc/Myllm/SELD/DynamicCausalMultiACCDOA_TAU2020/runs/manifests/41_paper_v1_C2_seed2027_eval_split0_multiaccdoa_foa.json,original_manifest_NOT_current_aligned,0.6430493273542601,0.44788525792518946,16.994803827814046,0.537061894108874,0.43812943803534643
paper_v1_C2_seed2027,C2,2027,0.2,0.2,evaluation,completed,/work/zhanghc/Myllm/SELD/DynamicCausalMultiACCDOA_TAU2020/runs/manifests/41_paper_v1_C2_seed2027_eval_split0_multiaccdoa_foa.json,original_manifest_NOT_current_aligned,0.635189911424711,0.460322633208408,15.401051883735276,0.5328799880436407,0.43188717238168683
paper_v1_C3_seed2026,C3,2026,0.2,0.2,validation,completed,/work/zhanghc/Myllm/SELD/DynamicCausalMultiACCDOA_TAU2020/runs/manifests/42_paper_v1_C3_seed2026_eval_split0_multiaccdoa_foa.json,original_manifest_NOT_current_aligned,0.6536621823617339,0.43818930041152265,16.451790275208115,0.5208955223880597,0.44649404860610475
paper_v1_C3_seed2026,C3,2026,0.2,0.2,evaluation,completed,/work/zhanghc/Myllm/SELD/DynamicCausalMultiACCDOA_TAU2020/runs/manifests/42_paper_v1_C3_seed2026_eval_split0_multiaccdoa_foa.json,original_manifest_NOT_current_aligned,0.6265575739378472,0.46525952693823913,15.255462292192924,0.521700089793475,0.4310876313740234
paper_v1_C0_seed2028,C0,2028,0.2,0.2,validation,completed,/work/zhanghc/Myllm/SELD/DynamicCausalMultiACCDOA_TAU2020/runs/manifests/35_paper_v1_C0_seed2028_eval_split0_multiaccdoa_foa.json,original_manifest_NOT_current_aligned,0.6284005979073244,0.4692214602662364,15.338391163046975,0.5473134328358209,0.4242697472611042
paper_v1_C0_seed2028,C0,2028,0.2,0.2,evaluation,completed,/work/zhanghc/Myllm/SELD/DynamicCausalMultiACCDOA_TAU2020/runs/manifests/35_paper_v1_C0_seed2028_eval_split0_multiaccdoa_foa.json,original_manifest_NOT_current_aligned,0.6127458339588651,0.4847490192938916,15.214875267063169,0.5591751344889421,0.4133371912482623
paper_v1_A2_seed2026,A2,2026,0.2,0.2,validation,completed,/work/zhanghc/Myllm/SELD/DynamicCausalMultiACCDOA_TAU2020/runs/manifests/51_paper_v1_A2_seed2026_eval_split0_multiaccdoa_foa.json,original_manifest_NOT_current_aligned,0.6002989536621823,0.4823480083857442,15.282785272034166,0.5451290466955094,0.41443156530083514
paper_v1_A2_seed2026,A2,2026,0.2,0.2,evaluation,completed,/work/zhanghc/Myllm/SELD/DynamicCausalMultiACCDOA_TAU2020/runs/manifests/51_paper_v1_A2_seed2026_eval_split0_multiaccdoa_foa.json,original_manifest_NOT_current_aligned,0.5593004053445428,0.5110124780169165,15.305599270844306,0.5683754296816619,0.39123590117655266
paper_v1_C3_seed2028,C3,2028,0.2,0.2,validation,completed,/work/zhanghc/Myllm/SELD/DynamicCausalMultiACCDOA_TAU2020/runs/manifests/42_paper_v1_C3_seed2028_eval_split0_multiaccdoa_foa.json,original_manifest_NOT_current_aligned,0.6364723467862481,0.4417805348310839,16.106794752636798,0.5153007911628601,0.44221830346562707
paper_v1_C3_seed2028,C3,2028,0.2,0.2,evaluation,completed,/work/zhanghc/Myllm/SELD/DynamicCausalMultiACCDOA_TAU2020/runs/manifests/42_paper_v1_C3_seed2028_eval_split0_multiaccdoa_foa.json,original_manifest_NOT_current_aligned,0.6269328929590151,0.45984212504698657,15.317699804299037,0.5056104129263914,0.43664467180793576
supplemental_v2_A3_lambda005_seed2027,A3,2027,0.05,0.05,validation,validation_completed,/work/zhanghc/Myllm/SELD/DynamicCausalMultiACCDOA_TAU2020/runs/manifests/52_supplemental_v2_A3_lambda005_seed2027_eval_split0_multiaccdoa_foa.json,original_manifest_NOT_current_aligned,0.5527653213751869,0.5306885619055361,14.667371776428999,0.5994928400954654,0.376017329533031
paper_v1_C0_seed2026,C0,2026,0.2,0.2,validation,completed,/work/zhanghc/Myllm/SELD/DynamicCausalMultiACCDOA_TAU2020/runs/manifests/35_paper_v1_C0_seed2026_eval_split0_multiaccdoa_foa.json,original_manifest_NOT_current_aligned,0.6430493273542601,0.46385397486190055,16.313510817148877,0.5454816582165225,0.43108607748166605
paper_v1_C0_seed2026,C0,2026,0.2,0.2,evaluation,completed,/work/zhanghc/Myllm/SELD/DynamicCausalMultiACCDOA_TAU2020/runs/manifests/35_paper_v1_C0_seed2026_eval_split0_multiaccdoa_foa.json,original_manifest_NOT_current_aligned,0.5996096682179853,0.49863694676074405,15.319997833608804,0.5748096162460803,0.40281855107169134
A3_smoke_seed2026_strictcausal_v1,A3,2026,0.2,0.2,validation,completed,/work/zhanghc/Myllm/SELD/DynamicCausalMultiACCDOA_TAU2020/runs/manifests/55_A3_smoke_seed2026_strictcausal_v1_eval_split0_multiaccdoa_foa.json,original_manifest_NOT_current_aligned,1.065217391304348,0.0,61.56197431127047,0.010869565217391304,0.8490896986207259
A3_smoke_seed2026_strictcausal_v1,A3,2026,0.2,0.2,evaluation,completed,/work/zhanghc/Myllm/SELD/DynamicCausalMultiACCDOA_TAU2020/runs/manifests/55_A3_smoke_seed2026_strictcausal_v1_eval_split0_multiaccdoa_foa.json,original_manifest_NOT_current_aligned,1.072361507281189,0.00024475310530502355,94.53940492046821,0.011935144873142171,0.8963501313818912
pilot_v2_C1_lambda005_seed2026,C1,2026,0.05,0.0,validation,validation_completed,/work/zhanghc/Myllm/SELD/DynamicCausalMultiACCDOA_TAU2020/runs/manifests/40_pilot_v2_C1_lambda005_seed2026_eval_split0_multiaccdoa_foa.json,original_manifest_NOT_current_aligned,0.6210762331838565,0.4771088242443886,15.17429117543716,0.5432577565632458,0.4212528175043849
