cohort,variant,baseline,seed,split,ER20_delta,F20_delta,LE_CD_delta,LR_CD_delta,SELD_LR_delta
audited_RB05,C1,C0,2026,evaluation,-0.05628769265132905,0.03268793062812314,-2.681141473562297,-0.017903975411998396,-0.02149171956903334
audited_RB05,C1,C0,2026,validation,-0.04926843833980299,0.03891093591425232,-3.5446277732559857,-0.007993053754070445,-0.024969674254518515
audited_RB05,C1,C0,2027,evaluation,0.03417467053830692,-0.019054283179002263,-0.18677706777172354,-0.012733244773890928,0.016231137028672626
audited_RB05,C1,C0,2027,validation,0.023439832785906223,-0.020882384960323908,0.06614041926604486,-0.024542188664616105,0.017307963296136597
audited_RB05,C1,C0,2028,evaluation,-0.03908867545231187,0.006664996088027619,0.11801830025215665,-0.028149107298018228,-0.004237226754674583
audited_RB05,C1,C0,2028,validation,-0.009704389369961097,-0.011968087899690838,0.6618819277826677,-0.03084687808653963,0.009196924609321089
audited_RB05,C3_j005,C0,2026,evaluation,-0.02285756831211372,0.001673810810538634,0.0074344795803344965,-0.005932077710217976,-0.004639499687024817
audited_RB05,C3_j005,C0,2026,validation,0.017020005971931873,-0.01081446687212495,0.015726321142309985,-0.0019935511593526245,0.00747884811354993
audited_RB05,C3_j005,C0,2027,evaluation,0.03499367135730769,-0.02045425478348817,-1.3701694176698958,-0.025122064988081116,0.018239484702122166
audited_RB05,C3_j005,C0,2027,validation,0.004777545535980865,0.009283320836341202,-2.63836673361201,-0.011759014279487112,-0.001851088496346076
audited_RB05,C3_j005,C0,2028,evaluation,-0.06566897475988387,0.022634604919852364,-0.3792573874396794,-0.01845326690919269,-0.017989324564079867
audited_RB05,C3_j005,C0,2028,validation,-0.05046282472379815,0.008878272030661827,0.5413947254622702,-0.010199334934892668,-0.01153350333619424
audited_RB05,C3_j020,C0,2026,validation,-0.006569125111973717,-0.029733871533569434,1.1079093196801324,-0.03464143688926902,0.015990308771716366
audited_RB05,C3_j020,C0,2027,validation,-0.006270528515974871,-0.014096497243081041,0.9076517256249517,-0.030299590559001,0.0107920172182282
audited_RB05,C3_j020,C0,2028,validation,-0.010898775753956369,-0.0030710586984763477,-2.8765863829268827,-0.04751454169061464,0.005926447293607362
audited_RB05,D1_motionpairs,C0,2026,validation,0.008808599581964782,-0.009840546350413426,0.8614803773635451,-0.014509841034760051,0.009486247265900527
audited_RB05,D3_motionpairs_j005,C0,2026,validation,0.017467900865930086,-0.018757721549021222,1.2958683479311794,-0.01222430622029913,0.013912299308716958
audited_rabbit02,C1,C0,2026,evaluation,-0.026431390067753746,-0.0012737186885066754,-0.3299570342515761,-0.02589496174222694,-0.0002739510679377055
audited_rabbit02,C1,C0,2026,validation,-0.06569125111973728,0.02037290080549059,-1.3111186145133296,-0.015838786484454914,-0.019377339435906193
audited_rabbit02,C1,C0,2027,evaluation,-0.020102747375474683,0.010511693102700947,-0.08250864640790923,0.002371258085543726,-0.008361019983163076
audited_rabbit02,C1,C0,2027,validation,-0.01716930426993135,0.013349646544672855,-0.21239247916599346,0.007464951449459245,-0.009790965120413109
audited_rabbit02,C1,C0,2028,evaluation,-0.016231107140198042,0.00397178483799332,-1.8392688125550514,-0.04069392433217334,0.002568218071057893
audited_rabbit02,C1,C0,2028,validation,-0.02493281576590023,0.025641003133267448,-2.366313847818505,-0.016719913495908956,-0.011750023361673634
audited_rabbit02,C2,C0,2026,evaluation,0.010647010647010569,-0.005504522178465532,-0.5803144731660979,-0.006108572339943441,0.004759033967513093
audited_rabbit02,C2,C0,2026,validation,-0.010002985965959943,-0.00041377172292489384,-1.1196098700429502,-0.010988091469249062,-0.0012052944018395295
audited_rabbit02,C2,C0,2027,evaluation,0.006030824212642449,-0.02958334359226189,1.5943428336507353,-0.02591802020373457,0.017597412048896865
audited_rabbit02,C2,C0,2027,validation,-0.011197372349955215,-0.013400398228773591,1.5354289341438534,-0.02317545195084425,0.008477159643726528
audited_rabbit02,C2,C0,2028,evaluation,0.004318367954731617,-0.0006674694356928468,-1.4261240256065992,-0.031367210996551265,0.00710753428340144
audited_rabbit02,C2,C0,2028,validation,0.00014929829799936734,0.015181918154513974,-2.3115715504200285,-0.025795210540773272,-0.0005198683711853391
audited_rabbit02,C3_j020,C0,2026,evaluation,-0.01995383813565632,-0.020752324523213295,0.4013490087104401,-0.03277326384427648,0.008950366736722892
audited_rabbit02,C3_j020,C0,2026,validation,-0.04195282173783221,-0.008230588434504305,-0.22550727602937215,-0.02337847240403379,-0.0028991447748643595
audited_rabbit02,C3_j020,C0,2027,evaluation,0.05911696820787726,-0.06896318732863382,4.876464916135282,-0.007717996289424933,0.040722405895560754
audited_rabbit02,C3_j020,C0,2027,validation,0.023290534487906855,-0.03567693229222979,4.7168394460399465,-0.0011279640700749827,0.021575023609830546
audited_rabbit02,C3_j020,C0,2028,evaluation,-0.018837018837018826,0.006946387301697832,-0.1546084647456336,-0.01663396884364643,-0.0025020933025809433
audited_rabbit02,C3_j020,C0,2028,validation,-0.00836070468796657,0.012090048422914612,-0.62851458706489,-0.01751123295558077,-0.001607816965304043
historical_EINV2_causal,C1,C0.1,2026,evaluation,-0.02538902538902532,-0.0003109982202859074,0.6302383431774299,-0.0180029768933595,-0.0008934315366541101
historical_EINV2_causal,C1,C0.1,2026,validation,-0.014780531501940919,-0.0026218182611132956,0.5014299558798925,-0.012702406834356528,0.0008323538926598428
historical_EINV2_causal,C1,C0.1,2027,evaluation,-0.0034249125158216653,-0.01418507908003086,3.1934800148940177,0.013276080575220783,0.0038064104068221694
historical_EINV2_causal,C1,C0.1,2027,validation,0.02239474469991043,-0.03549856567176535,3.9851626088827015,0.0074220305521436325,0.01815276802277571
historical_EINV2_causal,C1,C0.1,2028,evaluation,0.13394386121658852,-0.042277547655574566,-1.077966568316656,-0.028225012157771734,0.049614429468154975
historical_EINV2_causal,C1,C0.1,2028,validation,0.039265452373842935,0.016695664683636147,-3.016908993383433,-0.008856856550777503,0.003666509680546881
historical_EINV2_causal,C2,C0.1,2026,evaluation,-0.023899932990842032,0.005214723069948524,0.8992680032821188,0.0030977183557434618,-0.006804110266241725
historical_EINV2_causal,C2,C0.1,2026,validation,-0.0016422812779934848,-0.010441509263919624,0.008805186639140317,-0.010320036375750186,0.004792045516306798
historical_EINV2_causal,C2,C0.1,2027,evaluation,-0.02136847591393043,-0.004149809101884672,0.40564919104383534,-0.01554144971387128,0.00014409737968390512
historical_EINV2_causal,C2,C0.1,2027,validation,0.0037324574499850716,-0.006752609510943364,1.156352323212694,0.007649974893403688,0.0023148179102321365
historical_EINV2_causal,C2,C0.1,2028,evaluation,0.06053160598615137,-0.04082843132374658,1.058212484909463,-0.02645723635224273,0.03342405797790943
historical_EINV2_causal,C2,C0.1,2028,validation,0.029859659599880573,-0.009932685567879962,1.1475965730448632,-0.008558838371668598,0.013681680014086262
historical_EINV2_causal,C3,C0.1,2026,evaluation,-0.029409574864120325,0.0253058735127073,-1.6683923921453552,-0.005814366796133674,-0.014542482050931005
historical_EINV2_causal,C3,C0.1,2026,validation,-0.04478948939982086,0.04654609836924417,-4.649610497017987,0.006428820474261521,-0.030898894417801026
historical_EINV2_causal,C3,C0.1,2027,evaluation,0.012136103045193969,-0.0013578923752194383,0.663690735377406,0.012696762696762676,0.0011211008689369084
historical_EINV2_causal,C3,C0.1,2027,validation,-0.005374738727978445,0.010767614482784738,0.4907170576699933,0.024289544426270626,-0.00942642294027235
historical_EINV2_causal,C3,C0.1,2028,evaluation,0.06909388727570542,-0.026845779511567636,-0.5867075638085577,-0.024398928857857216,0.029269777294881782
historical_EINV2_causal,C3,C0.1,2028,validation,0.02045386682591821,0.01094675000580303,-1.2050044669821585,-0.0023542845624398012,0.0012917330303857666
historical_EINV2_noncausal,E1,E0,2026,evaluation,-0.007892189710371478,-0.004255852403576399,-0.055318679712030416,-0.009687654186653849,0.001435997720364679
historical_EINV2_noncausal,E1,E0,2026,validation,-0.001492982979994062,-0.0008754453334409718,0.09211894831139844,0.0015572578062892362,-0.0004157558794448124
historical_EINV2_noncausal,E1,E0,2027,evaluation,-0.006254188072369882,0.009250497772721689,0.02941297817812938,0.0037192416987623655,-0.004765130527382755
historical_EINV2_noncausal,E1,E0,2027,validation,-0.01567632128993729,0.005935084360069287,-0.17783003603839553,6.603423935103159e-05,-0.005666346133503919
historical_EINV2_noncausal,E1,E0,2028,evaluation,-0.019283746556473857,0.014926462322568224,-0.3827028303149138,0.014074979752711436,-0.012602828866709076
historical_EINV2_noncausal,E1,E0,2028,validation,-0.004478948939982075,0.004010397326401849,-0.1917950792755594,0.002232851724473961,-0.0029469315522638317
historical_EINV2_noncausal,E2,E0,2026,evaluation,0.0018613654977291394,-0.013820700133235109,1.4219812611375158,-0.008662134211154804,0.00806102393433189
historical_EINV2_noncausal,E2,E0,2026,validation,-0.002388772767990488,-0.0004416659258605904,0.8378739871672263,0.0029799341707202887,-6.804638214696901e-05
historical_EINV2_noncausal,E2,E0,2027,evaluation,-0.004765095674186592,0.0019431985322850842,-0.08220620508287801,-0.012829255310656484,0.0014160649912088319
historical_EINV2_noncausal,E2,E0,2027,validation,-0.007912809793968356,0.01109278510505729,-0.1959639367246524,0.005092526189413693,-0.006296702406449695
historical_EINV2_noncausal,E2,E0,2028,evaluation,0.017422381058744663,-0.028135248354469122,2.8779568427772197,0.0032843017261056096,0.014565494203412077
historical_EINV2_noncausal,E2,E0,2028,validation,0.03956404896984178,-0.03520549568573772,2.597761596998673,0.0005598674592256492,0.022160421517142204
historical_EINV2_noncausal,E3,E0,2026,evaluation,0.0051373687737324425,-0.008939946989019565,0.12127404819441168,-0.005767797961350407,0.00512971460907341
historical_EINV2_noncausal,E3,E0,2026,validation,0.02269334129590922,-0.016407888042036523,-0.8507784003239944,-0.02453405105849349,0.01472718343199314
historical_EINV2_noncausal,E3,E0,2027,evaluation,0.03231330504057778,-0.027470745584811107,2.313514276561463,-0.01977600889402753,0.02310322915285612
historical_EINV2_noncausal,E3,E0,2027,validation,0.026724395341893137,-0.023745918670228572,1.5564492240584489,-0.00016012866999837172,0.014819345703944498
historical_EINV2_noncausal,E3,E0,2028,evaluation,0.029409574864120325,-0.034371112734355336,2.9326968002856404,-0.00227141985948065,0.020586216864885792
historical_EINV2_noncausal,E3,E0,2028,validation,0.04419229620782328,-0.03853753330252763,2.028437573162579,-0.008562286593350343,0.025640303433095535
historical_Multi-ACCDOA_causal,C1_lambda005,C0,2026,evaluation,-0.006179733452460812,0.0035558789378680733,-0.3112258914609036,-0.006620500404333485,-0.0012110361790834134
historical_Multi-ACCDOA_causal,C1_lambda005,C0,2026,validation,-0.022693341295909164,0.013367151013579492,-1.1439456444672604,-0.0019234265085000812,-0.010123079845340499
historical_Multi-ACCDOA_causal,C1_lambda005,C0,2027,evaluation,0.002531457076911714,-0.009493801155679382,-0.021256340377167504,-0.023453831415334858,0.008840249717013304
historical_Multi-ACCDOA_causal,C1_lambda005,C0,2027,validation,-0.007464914899970143,0.006112502896036209,-0.09406764945490131,0.00981910193989366,-0.005979779447106814
historical_Multi-ACCDOA_causal,C1_lambda005,C0,2028,evaluation,-0.009455736728464004,0.002996820965992686,-0.03519055672189708,0.000527428759308668,-0.00329387238666623
historical_Multi-ACCDOA_causal,C1_lambda005,C0,2028,validation,-0.0028366676619886455,0.001687687311237862,0.5617956763388072,0.008795468097793635,-0.002549683995062224
historical_Multi-ACCDOA_causal,C2_lambda005,C0,2026,evaluation,-0.00379718561536746,0.000519774653732874,-0.25716553308325096,-0.008397725184605576,0.0006630168773717471
historical_Multi-ACCDOA_causal,C2_lambda005,C0,2026,validation,-0.016273514481934925,0.01242892301782439,-0.6558642023854979,0.014727522144885596,-0.01176841241447435
historical_Multi-ACCDOA_causal,C2_lambda005,C0,2027,evaluation,0.013550740823468188,-0.009742199688021536,-0.07781128637881629,-0.004914713877329668,0.006943842366123165
historical_Multi-ACCDOA_causal,C2_lambda005,C0,2027,validation,0.008510002985965937,-0.0065291678369487904,0.6166324347893131,0.002898659828681649,0.0038915616857656543
historical_Multi-ACCDOA_causal,C2_lambda005,C0,2028,evaluation,0.005881914972824087,0.0035397601992092076,-0.41656926761518065,0.0013451622648776862,-0.0003293203000589995
historical_Multi-ACCDOA_causal,C2_lambda005,C0,2028,validation,-0.0008957897879964261,0.011090569477580692,-0.3260107283015916,-0.00016307240859281258,-0.0034086143924427215
historical_Multi-ACCDOA_causal,C3_lambda005,C0,2026,evaluation,-0.004020549475095003,0.00922897925218974,-0.6597227381832926,-0.005146842311711142,-0.0029419531847035274
historical_Multi-ACCDOA_causal,C3_lambda005,C0,2026,validation,-0.005673335323977291,0.0023517787198674145,-0.8510795114541985,0.0018827211909434594,-0.0036590136857166944
historical_Multi-ACCDOA_causal,C3_lambda005,C0,2027,evaluation,0.006254188072369882,-0.006467689635773433,-0.9003542333760848,-0.03379029270100031,0.01037755061148582
historical_Multi-ACCDOA_causal,C3_lambda005,C0,2027,validation,-0.007763511495968878,0.002281688192707576,-0.7353458044313328,-0.011842734552136469,-0.0005719299014006474
historical_Multi-ACCDOA_causal,C3_lambda005,C0,2028,evaluation,-0.00014890923981836224,-0.0009301797426491953,-0.8475652986123219,-0.02639087395794404,0.005615862089343282
historical_Multi-ACCDOA_causal,C3_lambda005,C0,2028,validation,0.005076142131979711,-0.0021823399787987974,-0.11776878496415222,-0.018941015776700154,0.006386306714974921
historical_Multi-ACCDOA_noncausal,A3_lambda005,A0,2026,evaluation,0.0375251284342194,-0.031334633862366346,-0.021245574328071726,-0.05033382036167533,0.02976888792244292
historical_Multi-ACCDOA_noncausal,A3_lambda005,A0,2026,validation,0.03150194087787406,-0.028962865802841686,0.505445411474648,-0.0273972602739726,0.02266752425460905
historical_Multi-ACCDOA_noncausal,A3_lambda005,A0,2027,evaluation,0.011168192986374725,-0.007550619189780061,-0.0576039344230157,-0.01298514533434536,0.007845983913148613
historical_Multi-ACCDOA_noncausal,A3_lambda005,A0,2027,validation,0.0037324574499850716,0.004108560078985857,-0.14802488978414807,-0.006402355008718663,0.0013009729702292416
historical_Multi-ACCDOA_noncausal,A3_lambda005,A0,2028,evaluation,0.009604645968282366,-0.013186637597129791,-0.03527134128427356,-0.020726222148395923,0.01083038845444606
historical_Multi-ACCDOA_noncausal,A3_lambda005,A0,2028,validation,0.004926843833980232,0.0030112821097878495,-0.3301663556922261,-0.017100001543537635,0.004295326434026636
