35,13,57,-25
36,13,58,-29
37,13,59,-26
38,13,56,-24
39,13,56,-23
40,13,54,-14
41,13,56,-18
42,13,55,-16
43,13,55,-18
44,13,55,-18
45,13,55,-18
46,13,54,-19
47,13,54,-19
48,13,53,-19
49,13,54,-19
50,13,53,-19
51,13,53,-19
52,13,53,-19
53,13,53,-19
54,13,52,-19
55,13,50,-19
56,13,51,-19
57,13,51,-19
58,13,52,-18
59,13,52,-19
60,13,52,-19
61,13,52,-19
62,13,53,-19
63,13,52,-19
64,13,52,-19
65,13,52,-19
66,13,53,-19
67,13,53,-19
68,13,52,-19
69,13,53,-19
70,13,52,-20
71,13,53,-20
72,13,52,-20
73,13,53,-20
74,13,52,-20
75,13,52,-20
76,13,52,-20
77,13,51,-20
78,13,52,-20
79,13,52,-20
80,13,54,-21
81,13,55,-20
82,13,54,-22
83,13,53,-22
84,13,53,-23
85,13,53,-21
86,13,52,-22
87,13,53,-21
88,13,52,-22
89,13,52,-21
90,13,52,-21
91,13,53,-20
92,13,52,-21
93,13,53,-21
94,13,53,-21
95,13,53,-21
96,13,52,-21
97,13,52,-21
98,13,52,-22
99,13,53,-21
100,13,53,-22
101,13,53,-21
102,13,53,-22
103,13,53,-21
104,13,52,-22
105,13,53,-21
106,13,53,-22
107,13,53,-21
108,13,52,-22
109,13,52,-21
110,13,52,-22
111,13,52,-21
112,13,52,-22
113,13,53,-21
114,13,51,-22
115,13,52,-21
116,13,51,-22
117,13,52,-22
118,13,54,-22
119,13,54,-21
120,13,52,-24
121,13,52,-23
122,13,53,-24
123,13,54,-24
124,13,55,-24
125,13,56,-22
126,13,55,-23
127,13,55,-22
128,13,53,-23
129,13,53,-22
130,13,53,-22
131,13,54,-22
132,13,53,-23
133,13,54,-23
134,13,54,-22
135,13,54,-22
136,13,54,-22
137,13,54,-22
138,13,53,-23
139,13,54,-23
140,13,55,-23
141,13,55,-23
142,13,53,-23
143,13,53,-23
144,13,54,-23
145,13,54,-22
146,13,54,-23
147,13,54,-23
148,13,54,-23
149,13,55,-23
150,13,53,-23
151,13,53,-22
152,13,52,-23
153,13,53,-22
154,13,53,-22
155,13,54,-22
156,13,53,-23
157,13,52,-23
158,13,52,-23
159,13,53,-23
160,13,58,-23
161,13,55,-24
162,13,54,-23
163,13,53,-24
164,13,54,-23
165,13,53,-23
166,13,53,-21
167,13,52,-22
168,13,53,-21
169,13,52,-23
170,13,53,-22
171,13,52,-23
172,13,52,-22
173,13,52,-23
174,13,53,-22
175,13,52,-22
176,13,53,-22
177,13,52,-22
178,13,52,-21
179,13,51,-22
180,13,52,-22
181,13,52,-22
182,13,53,-22
183,13,54,-21
184,13,54,-21
185,13,55,-21
223,10,166,-24
240,5,161,-21
241,5,160,-24
242,5,161,-26
243,5,162,-25
244,5,161,-25
245,5,162,-26
246,5,162,-26
247,5,161,-25
285,1,-176,14
286,1,179,5
287,1,179,-1
288,1,180,-1
289,1,178,-1
290,1,176,-1
291,1,175,-2
292,1,174,-3
293,1,173,-3
294,1,172,-5
295,1,170,-5
296,1,170,-5
297,1,169,-5
298,1,167,-5
299,1,166,-4
300,1,165,-3
301,1,165,-3
302,1,166,-3
307,1,163,-4
308,1,159,-3
309,1,159,-2
310,1,158,-2
311,1,158,-3
312,1,157,-4
313,1,154,-3
314,1,153,-4
315,1,154,-2
327,1,145,-6
328,1,149,-7
329,1,148,-4
330,1,146,-2
331,1,152,-4
332,1,152,-4
333,1,156,-7
334,1,157,-6
335,1,162,-7
336,1,160,-5
337,1,157,-3
338,1,155,-3
339,1,153,-3
340,1,168,-2
341,1,173,0
342,1,173,2
343,1,176,4
344,1,171,4
345,1,175,-1
346,1,175,-2
347,1,178,-1
348,1,-180,-1
349,1,176,4
350,1,164,8
351,1,164,6
352,1,165,3
353,1,163,1
354,1,155,-1
355,1,149,0
356,1,154,6
357,1,161,7
358,1,160,6
359,1,159,8
363,1,173,-13
364,1,164,-13
365,1,150,-14
366,1,141,-14
367,1,136,5
368,1,136,3
369,1,136,1
370,1,136,3
371,1,134,5
372,1,134,5
373,1,131,3
374,1,131,1
375,1,130,1
376,1,131,1
377,1,119,3
378,1,117,0
379,1,114,0
380,1,114,0
381,1,113,0
382,1,112,-1
383,1,110,1
384,1,108,1
385,1,105,4
386,1,103,6
387,1,101,7
388,1,97,6
389,1,95,5
390,1,101,6
391,1,89,6
392,1,87,6
393,1,86,4
394,1,86,6
395,1,85,7
396,1,85,6
397,1,84,7
398,1,82,8
399,1,79,5
400,1,71,-2
401,1,68,0
402,1,70,2
403,1,69,0
404,1,68,8
405,1,64,10
406,1,59,10
407,1,58,9
408,1,58,10
409,1,58,9
410,1,58,7
411,1,56,7
412,1,52,8
413,1,46,7
414,1,43,8
415,1,41,8
416,1,38,8
417,1,35,9
418,1,36,9
419,1,35,8
420,1,35,9
421,1,30,8
422,1,26,6
423,1,23,6
424,1,23,6
425,1,20,5
426,1,16,6
427,1,15,7
428,1,12,5
429,1,12,7
430,1,13,6
431,1,11,5
432,1,10,5
433,1,8,4
434,1,5,5
435,1,2,0
436,1,-2,0
437,1,-4,-1
438,1,-5,1
439,1,-7,0
440,1,-13,-14
441,1,-8,-12
442,1,-12,-7
443,1,-11,-3
444,1,-14,-1
445,1,-12,-3
446,1,-16,-6
447,1,-19,-7
448,1,-31,3
449,1,-28,0
450,1,-29,-2
451,1,-30,1
452,1,-30,3
453,1,-35,9
454,1,-37,6
455,1,-36,5
456,1,-37,1
457,1,-39,-1
458,1,-39,-4
459,1,-34,-3
460,1,-34,-1
461,1,-36,-1
462,1,-40,2
463,1,-55,-3
464,1,-54,-1
465,1,-54,-3
466,1,-56,-2
467,1,-56,-3
468,1,-58,-3
469,1,-64,1
470,1,-64,0
471,1,-67,1
487,0,66,-8
488,0,62,-14
489,0,59,-14
490,0,57,-13
491,0,57,-12
492,0,58,-11
493,0,56,-10
494,0,55,-10
495,0,55,-8
496,0,56,-9
497,0,56,-9
498,0,56,-9
499,0,56,-9
500,0,55,-9
501,0,56,-9
502,0,57,-9
503,0,56,-9
504,0,55,-9
505,0,55,-9
506,0,56,-9
507,0,54,-9
508,0,53,-10
509,0,54,-10
510,0,56,-9
511,0,56,-9
512,0,56,-9
513,0,56,-9
514,0,56,-9
515,0,56,-9
516,0,55,-9
517,0,54,-10
518,0,55,-10
519,0,55,-10
520,0,59,-15
521,0,58,-14
522,0,56,-13
523,0,54,-14
524,0,56,-14
525,0,54,-13
526,0,53,-13
527,0,52,-14
528,0,52,-14
529,0,52,-14
530,0,53,-14
531,0,54,-13
532,0,53,-14
533,0,53,-14
534,0,54,-14
535,0,54,-13
536,0,54,-13
537,0,53,-13
538,0,53,-13
539,0,54,-14
540,0,53,-13
541,0,53,-12
542,0,54,-11
543,0,55,-11
