family,context,variant,weight,seed,run_id,checkpoint,config,epochs,best_epoch,source,ER,F,LE,LR,SELD
EINV2,noncausal,E0,0,2027,E0_OfflineEINV2_seed2027,/work/zhanghc/Myllm/SELD/EINV2/C0p1_CausalEINV2_fix_seed2026/out_train/ein_seld/E0_OfflineEINV2_seed2027/checkpoints/completion_20260904_E0_seed2027_epoch_82.pth,/work/zhanghc/Myllm/SELD/experiment_completion_20260904/configs/Completion_20260904_E0_OfflineEINV2_seed2027_validation.yaml,90,82,/work/zhanghc/Myllm/SELD/EINV2/C0p1_CausalEINV2_fix_seed2026/out_train/ein_seld/E0_OfflineEINV2_seed2027/checkpoints/metrics_statistics.csv,0.4083371367716416,0.6880036840893391,10.501888580088552,0.7586153964233631,0.25501547042596895
EINV2,noncausal,E1,0.2,2027,E1_OfflineEINV2_Velocity_seed2027,/work/zhanghc/Myllm/SELD/EINV2/E1_OfflineEINV2_Velocity_seed2026/out_train/ein_seld/E1_OfflineEINV2_Velocity_seed2027/checkpoints/completion_20260904_E1_seed2027_epoch_87.pth,/work/zhanghc/Myllm/SELD/experiment_completion_20260904/configs/Completion_20260904_E1_OfflineEINV2_Velocity_seed2027_validation.yaml,90,87,/work/zhanghc/Myllm/SELD/EINV2/E1_OfflineEINV2_Velocity_seed2026/out_train/ein_seld/E1_OfflineEINV2_Velocity_seed2027/checkpoints/metrics_statistics.csv,0.3946447588620113,0.6942429387251118,10.398413760579986,0.7627720327210987,0.24884968818808909
EINV2,noncausal,E2,0.2,2027,E2_OfflineEINV2_JEPAConsistency_seed2027,/work/zhanghc/Myllm/SELD/EINV2/E2_OfflineEINV2_JEPAConsistency_seed2026/out_train/ein_seld/E2_OfflineEINV2_JEPAConsistency_seed2027/checkpoints/completion_20260904_E2_seed2027_epoch_90.pth,/work/zhanghc/Myllm/SELD/experiment_completion_20260904/configs/Completion_20260904_E2_OfflineEINV2_JEPAConsistency_seed2027_validation.yaml,90,90,/work/zhanghc/Myllm/SELD/EINV2/E2_OfflineEINV2_JEPAConsistency_seed2026/out_train/ein_seld/E2_OfflineEINV2_JEPAConsistency_seed2027/checkpoints/metrics_statistics.csv,0.39175414574775597,0.7012204541943456,10.29558383168818,0.7665688243472886,0.24529063878998625
EINV2,noncausal,E3,0.2,2027,E3_OfflineEINV2_Velocity_JEPAConsistency_seed2027,/work/zhanghc/Myllm/SELD/EINV2/E3_OfflineEINV2_Velocity_JEPAConsistency_seed2026/out_train/ein_seld/E3_OfflineEINV2_Velocity_JEPAConsistency_seed2027/checkpoints/completion_20260904_E3_seed2027_epoch_68.pth,/work/zhanghc/Myllm/SELD/experiment_completion_20260904/configs/Completion_20260904_E3_OfflineEINV2_Velocity_JEPAConsistency_seed2027_validation.yaml,90,68,/work/zhanghc/Myllm/SELD/EINV2/E3_OfflineEINV2_Velocity_JEPAConsistency_seed2026/out_train/ein_seld/E3_OfflineEINV2_Velocity_JEPAConsistency_seed2027/checkpoints/metrics_statistics.csv,0.4151833257264567,0.6677976557680444,12.100396873785353,0.7629549660703269,0.26291378274116767
EINV2,noncausal,E0,0,2028,E0_OfflineEINV2_seed2028,/work/zhanghc/Myllm/SELD/EINV2/C0p1_CausalEINV2_fix_seed2026/out_train/ein_seld/E0_OfflineEINV2_seed2028/checkpoints/completion_20260904_E0_seed2028_epoch_90.pth,/work/zhanghc/Myllm/SELD/experiment_completion_20260904/configs/Completion_20260904_E0_OfflineEINV2_seed2028_validation.yaml,90,90,/work/zhanghc/Myllm/SELD/EINV2/C0p1_CausalEINV2_fix_seed2026/out_train/ein_seld/E0_OfflineEINV2_seed2028/checkpoints/metrics_statistics.csv,0.3929712460063898,0.6997457431235071,10.131904171006699,0.7675475768549194,0.245491570633389
EINV2,noncausal,E1,0.2,2028,E1_OfflineEINV2_Velocity_seed2028,/work/zhanghc/Myllm/SELD/EINV2/E1_OfflineEINV2_Velocity_seed2026/out_train/ein_seld/E1_OfflineEINV2_Velocity_seed2028/checkpoints/completion_20260904_E1_seed2028_epoch_83.pth,/work/zhanghc/Myllm/SELD/experiment_completion_20260904/configs/Completion_20260904_E1_OfflineEINV2_Velocity_seed2028_validation.yaml,90,83,/work/zhanghc/Myllm/SELD/EINV2/E1_OfflineEINV2_Velocity_seed2026/out_train/ein_seld/E1_OfflineEINV2_Velocity_seed2028/checkpoints/metrics_statistics.csv,0.38095238095238093,0.7060365430575899,9.954708547026826,0.772029912882584,0.23954746534614457
EINV2,noncausal,E2,0.2,2028,E2_OfflineEINV2_JEPAConsistency_seed2028,/work/zhanghc/Myllm/SELD/EINV2/E2_OfflineEINV2_JEPAConsistency_seed2026/out_train/ein_seld/E2_OfflineEINV2_JEPAConsistency_seed2028/checkpoints/completion_20260904_E2_seed2028_epoch_85.pth,/work/zhanghc/Myllm/SELD/experiment_completion_20260904/configs/Completion_20260904_E2_OfflineEINV2_JEPAConsistency_seed2028_validation.yaml,90,85,/work/zhanghc/Myllm/SELD/EINV2/E2_OfflineEINV2_JEPAConsistency_seed2026/out_train/ein_seld/E2_OfflineEINV2_JEPAConsistency_seed2028/checkpoints/metrics_statistics.csv,0.42735432831279474,0.6638519996929453,12.744784630598787,0.7664082290627158,0.26697461465400396
EINV2,noncausal,E3,0.2,2028,E3_OfflineEINV2_Velocity_JEPAConsistency_seed2028,/work/zhanghc/Myllm/SELD/EINV2/E3_OfflineEINV2_Velocity_JEPAConsistency_seed2026/out_train/ein_seld/E3_OfflineEINV2_Velocity_JEPAConsistency_seed2028/checkpoints/completion_20260904_E3_seed2028_epoch_85.pth,/work/zhanghc/Myllm/SELD/experiment_completion_20260904/configs/Completion_20260904_E3_OfflineEINV2_Velocity_JEPAConsistency_seed2028_validation.yaml,90,85,/work/zhanghc/Myllm/SELD/EINV2/E3_OfflineEINV2_Velocity_JEPAConsistency_seed2026/out_train/ein_seld/E3_OfflineEINV2_Velocity_JEPAConsistency_seed2028/checkpoints/metrics_statistics.csv,0.4252244028601856,0.6606327840953043,12.210313942516342,0.7621257832443721,0.26757522824473334
Multi-ACCDOA,noncausal,A3_lambda005,0.05,2027,supplemental_v2_A3_lambda005_seed2027,/work/zhanghc/Myllm/SELD/DynamicCausalMultiACCDOA_TAU2020/runs/models/52_supplemental_v2_A3_lambda005_seed2027_eval_split0_multiaccdoa_foa_model.h5,/work/zhanghc/Myllm/SELD/DynamicCausalMultiACCDOA_TAU2020/runs/manifests/52_supplemental_v2_A3_lambda005_seed2027_eval_split0_multiaccdoa_foa.json#params,100,98,/work/zhanghc/Myllm/SELD/DynamicCausalMultiACCDOA_TAU2020/runs/manifests/52_supplemental_v2_A3_lambda005_seed2027_eval_split0_multiaccdoa_foa.json,0.5527653213751869,0.5306885619055361,14.667371776428999,0.5994928400954654,0.376017329533031
Multi-ACCDOA,causal,C3_lambda005,0.05,2027,supplemental_v2_C3_lambda005_seed2027,/work/zhanghc/Myllm/SELD/DynamicCausalMultiACCDOA_TAU2020/runs/models/42_supplemental_v2_C3_lambda005_seed2027_eval_split0_multiaccdoa_foa_model.h5,/work/zhanghc/Myllm/SELD/DynamicCausalMultiACCDOA_TAU2020/runs/manifests/42_supplemental_v2_C3_lambda005_seed2027_eval_split0_multiaccdoa_foa.json#params,100,96,/work/zhanghc/Myllm/SELD/DynamicCausalMultiACCDOA_TAU2020/runs/manifests/42_supplemental_v2_C3_lambda005_seed2027_eval_split0_multiaccdoa_foa.json,0.6210762331838565,0.4756176853055917,14.779798276970789,0.5354424712729443,0.423031516758234
Multi-ACCDOA,noncausal,A3_lambda005,0.05,2028,supplemental_v2_A3_lambda005_seed2028,/work/zhanghc/Myllm/SELD/DynamicCausalMultiACCDOA_TAU2020/runs/models/52_supplemental_v2_A3_lambda005_seed2028_eval_split0_multiaccdoa_foa_model.h5,/work/zhanghc/Myllm/SELD/DynamicCausalMultiACCDOA_TAU2020/runs/manifests/52_supplemental_v2_A3_lambda005_seed2028_eval_split0_multiaccdoa_foa.json#params,100,89,/work/zhanghc/Myllm/SELD/DynamicCausalMultiACCDOA_TAU2020/runs/manifests/52_supplemental_v2_A3_lambda005_seed2028_eval_split0_multiaccdoa_foa.json,0.5644245142002989,0.5160016454134101,14.720956111588684,0.5784372203996421,0.3879421844740182
Multi-ACCDOA,causal,C3_lambda005,0.05,2028,supplemental_v2_C3_lambda005_seed2028,/work/zhanghc/Myllm/SELD/DynamicCausalMultiACCDOA_TAU2020/runs/models/42_supplemental_v2_C3_lambda005_seed2028_eval_split0_multiaccdoa_foa_model.h5,/work/zhanghc/Myllm/SELD/DynamicCausalMultiACCDOA_TAU2020/runs/manifests/42_supplemental_v2_C3_lambda005_seed2028_eval_split0_multiaccdoa_foa.json#params,100,96,/work/zhanghc/Myllm/SELD/DynamicCausalMultiACCDOA_TAU2020/runs/manifests/42_supplemental_v2_C3_lambda005_seed2028_eval_split0_multiaccdoa_foa.json,0.633034379671151,0.467031620230411,15.227669671397896,0.5283497463443748,0.4305627944843661
