family,context,variant,seed,evidence_level,motion_group,prediction_files,prediction_rows,unmatched_predictions_global,references,matched_recall_micro,recall_at_threshold_micro,mean_localization_error_deg_micro,median_localization_error_deg_micro,p90_localization_error_deg_micro,matched_recall_macro_class,recall_at_threshold_macro_class,mean_localization_error_deg_macro_class,prediction_dir,split,source
Multi-ACCDOA,causal,C2_lambda005,2026,completion_three_seed,static,100.0,41272.0,13256.0,31428.0,0.4738449789996182,0.38682066946671756,14.480985447444146,10.96927427827399,25.37264417483749,0.377431627038215,0.30620219583370234,14.786757795646716,/work/zhanghc/Myllm/SELD/DynamicCausalMultiACCDOA_TAU2020/runs/analysis/threshold_predictions/Completion_20260904_pilot_v2_C2_lambda005_seed2026_validation_seed2026_validation_t050,validation,/work/zhanghc/Myllm/SELD/experiment_completion_20260904/results/motion_validation/motion_stratified_runs.csv
Multi-ACCDOA,causal,C2_lambda005,2026,completion_three_seed,dynamic,100.0,41272.0,13256.0,26274.0,0.49950521428027705,0.39293598233995586,15.277830255148714,12.026308437735945,26.722280948169093,0.46781920023289975,0.3482093408213438,17.917009119732178,/work/zhanghc/Myllm/SELD/DynamicCausalMultiACCDOA_TAU2020/runs/analysis/threshold_predictions/Completion_20260904_pilot_v2_C2_lambda005_seed2026_validation_seed2026_validation_t050,validation,/work/zhanghc/Myllm/SELD/experiment_completion_20260904/results/motion_validation/motion_stratified_runs.csv
Multi-ACCDOA,causal,C3_lambda005,2026,completion_three_seed,static,100.0,41511.0,14029.0,31428.0,0.46525391370752195,0.3706567392134402,15.116975361098488,11.715355799578301,25.300730892366584,0.3681118038553088,0.28839258933008405,15.156834524856604,/work/zhanghc/Myllm/SELD/DynamicCausalMultiACCDOA_TAU2020/runs/analysis/threshold_predictions/Completion_20260904_supplemental_v2_C3_lambda005_seed2026_validation_seed2026_validation_t050,validation,/work/zhanghc/Myllm/SELD/experiment_completion_20260904/results/motion_validation/motion_stratified_runs.csv
Multi-ACCDOA,causal,C3_lambda005,2026,completion_three_seed,dynamic,100.0,41511.0,14029.0,26274.0,0.48945725812590396,0.3954099109385705,14.268537472117602,12.050174285126579,25.236511500371435,0.4681006994031477,0.35421824039197547,16.465064082840794,/work/zhanghc/Myllm/SELD/DynamicCausalMultiACCDOA_TAU2020/runs/analysis/threshold_predictions/Completion_20260904_supplemental_v2_C3_lambda005_seed2026_validation_seed2026_validation_t050,validation,/work/zhanghc/Myllm/SELD/experiment_completion_20260904/results/motion_validation/motion_stratified_runs.csv
Multi-ACCDOA,causal,C2_lambda005,2027,completion_three_seed,static,100.0,41654.0,14296.0,31428.0,0.4594310805651012,0.38367061219294896,14.777998546834901,11.521757803926198,25.469455216218996,0.3920266590185565,0.3243147040687272,15.333545637688339,/work/zhanghc/Myllm/SELD/DynamicCausalMultiACCDOA_TAU2020/runs/analysis/threshold_predictions/Completion_20260904_promoted_v2_C2_lambda005_seed2027_validation_seed2027_validation_t050,validation,/work/zhanghc/Myllm/SELD/experiment_completion_20260904/results/motion_validation/motion_stratified_runs.csv
Multi-ACCDOA,causal,C2_lambda005,2027,completion_three_seed,dynamic,100.0,41654.0,14296.0,26274.0,0.49170282408464644,0.3848671690644744,16.010852418300086,12.47376999709828,27.23865630589183,0.48353492452294655,0.37567134124208557,16.86053257347581,/work/zhanghc/Myllm/SELD/DynamicCausalMultiACCDOA_TAU2020/runs/analysis/threshold_predictions/Completion_20260904_promoted_v2_C2_lambda005_seed2027_validation_seed2027_validation_t050,validation,/work/zhanghc/Myllm/SELD/experiment_completion_20260904/results/motion_validation/motion_stratified_runs.csv
Multi-ACCDOA,noncausal,A0,2026,completion_three_seed,static,100.0,45837.0,13246.0,31428.0,0.5678694158075601,0.4933498790887107,12.790349906810636,9.897197151760182,22.2486080879707,0.5278103537142194,0.4483914489347889,13.179111362579528,/work/zhanghc/Myllm/SELD/DynamicCausalMultiACCDOA_TAU2020/runs/analysis/threshold_predictions/Completion_20260904_paper_v1_A0_seed2026_validation_seed2026_validation_t050,validation,/work/zhanghc/Myllm/SELD/experiment_completion_20260904/results/motion_validation/motion_stratified_runs.csv
Multi-ACCDOA,noncausal,A0,2026,completion_three_seed,dynamic,100.0,45837.0,13246.0,26274.0,0.5611631270457487,0.45223414782674887,14.631053714589193,11.591999462409689,27.56190631660069,0.552410641200197,0.45249184949132926,15.14376073653817,/work/zhanghc/Myllm/SELD/DynamicCausalMultiACCDOA_TAU2020/runs/analysis/threshold_predictions/Completion_20260904_paper_v1_A0_seed2026_validation_seed2026_validation_t050,validation,/work/zhanghc/Myllm/SELD/experiment_completion_20260904/results/motion_validation/motion_stratified_runs.csv
Multi-ACCDOA,causal,C0,2027,completion_three_seed,static,100.0,41165.0,14239.0,31428.0,0.4600038182512409,0.3878706885579738,14.203362015247832,11.13516772450472,24.2133145628358,0.39809182577760943,0.33656980556290345,15.531946618503842,/work/zhanghc/Myllm/SELD/DynamicCausalMultiACCDOA_TAU2020/runs/analysis/threshold_predictions/Completion_20260904_paper_v1_C0_seed2027_validation_seed2027_validation_t050,validation,/work/zhanghc/Myllm/SELD/experiment_completion_20260904/results/motion_validation/motion_stratified_runs.csv
Multi-ACCDOA,causal,C0,2027,completion_three_seed,dynamic,100.0,41165.0,14239.0,26274.0,0.47457562609423765,0.3711273502321687,15.409011407516333,12.448362796445652,27.18217358746457,0.4754518789716231,0.36803584384811977,16.362810699640495,/work/zhanghc/Myllm/SELD/DynamicCausalMultiACCDOA_TAU2020/runs/analysis/threshold_predictions/Completion_20260904_paper_v1_C0_seed2027_validation_seed2027_validation_t050,validation,/work/zhanghc/Myllm/SELD/experiment_completion_20260904/results/motion_validation/motion_stratified_runs.csv
Multi-ACCDOA,noncausal,A3_lambda005,2026,completion_three_seed,static,100.0,45147.0,13779.0,31428.0,0.5370052182766959,0.44412625684103346,14.504340723300915,10.61472266119534,25.13563269893899,0.4644769354585574,0.3800040039500103,14.87181631816637,/work/zhanghc/Myllm/SELD/DynamicCausalMultiACCDOA_TAU2020/runs/analysis/threshold_predictions/Completion_20260904_supplemental_v2_A3_lambda005_seed2026_validation_seed2026_validation_t050,validation,/work/zhanghc/Myllm/SELD/experiment_completion_20260904/results/motion_validation/motion_stratified_runs.csv
Multi-ACCDOA,noncausal,A3_lambda005,2026,completion_three_seed,dynamic,100.0,45147.0,13779.0,26274.0,0.551533835731141,0.45364238410596025,13.856237626924534,11.225688033448241,25.335627424945272,0.5486097159360932,0.4501158613750543,14.769171701335242,/work/zhanghc/Myllm/SELD/DynamicCausalMultiACCDOA_TAU2020/runs/analysis/threshold_predictions/Completion_20260904_supplemental_v2_A3_lambda005_seed2026_validation_seed2026_validation_t050,validation,/work/zhanghc/Myllm/SELD/experiment_completion_20260904/results/motion_validation/motion_stratified_runs.csv
Multi-ACCDOA,causal,C1_lambda005,2028,completion_three_seed,static,100.0,41303.0,13992.0,31428.0,0.4585083365152094,0.3701158202876416,14.972433138753022,11.07783043082453,29.49251434245205,0.379405608174947,0.3086323746553249,14.557558483802426,/work/zhanghc/Myllm/SELD/DynamicCausalMultiACCDOA_TAU2020/runs/analysis/threshold_predictions/Completion_20260904_promoted_v2_C1_lambda005_seed2028_validation_seed2028_validation_t050,validation,/work/zhanghc/Myllm/SELD/experiment_completion_20260904/results/motion_validation/motion_stratified_runs.csv
Multi-ACCDOA,causal,C1_lambda005,2028,completion_three_seed,dynamic,100.0,41303.0,13992.0,26274.0,0.4910177361650301,0.3838395371850499,15.010550125909168,12.564331407911391,27.000771799843235,0.45613216466015893,0.3506005223809642,16.323580788297548,/work/zhanghc/Myllm/SELD/DynamicCausalMultiACCDOA_TAU2020/runs/analysis/threshold_predictions/Completion_20260904_promoted_v2_C1_lambda005_seed2028_validation_seed2028_validation_t050,validation,/work/zhanghc/Myllm/SELD/experiment_completion_20260904/results/motion_validation/motion_stratified_runs.csv
Multi-ACCDOA,causal,C1_lambda005,2027,completion_three_seed,static,100.0,39771.0,12734.0,31428.0,0.45201730940562557,0.3723113147511773,14.501748881192375,11.46264659050033,25.084817925635875,0.36967595370785616,0.3041074844226959,14.293318288737668,/work/zhanghc/Myllm/SELD/DynamicCausalMultiACCDOA_TAU2020/runs/analysis/threshold_predictions/Completion_20260904_promoted_v2_C1_lambda005_seed2027_validation_seed2027_validation_t050,validation,/work/zhanghc/Myllm/SELD/experiment_completion_20260904/results/motion_validation/motion_stratified_runs.csv
Multi-ACCDOA,causal,C1_lambda005,2027,completion_three_seed,dynamic,100.0,39771.0,12734.0,26274.0,0.48835350536652206,0.3911090812209789,14.415152697536234,11.848764405097866,25.695417744141167,0.4530895328749189,0.3477179996805765,16.66553248926941,/work/zhanghc/Myllm/SELD/DynamicCausalMultiACCDOA_TAU2020/runs/analysis/threshold_predictions/Completion_20260904_promoted_v2_C1_lambda005_seed2027_validation_seed2027_validation_t050,validation,/work/zhanghc/Myllm/SELD/experiment_completion_20260904/results/motion_validation/motion_stratified_runs.csv
Multi-ACCDOA,noncausal,A0,2027,completion_three_seed,static,100.0,46939.0,13264.0,31428.0,0.569778541428026,0.4680857833778796,13.575830505895556,10.30097131306813,24.54584415801897,0.49339049693496173,0.4086743009058862,13.667241314504796,/work/zhanghc/Myllm/SELD/DynamicCausalMultiACCDOA_TAU2020/runs/analysis/threshold_predictions/Completion_20260904_paper_v1_A0_seed2027_validation_seed2027_validation_t050,validation,/work/zhanghc/Myllm/SELD/experiment_completion_20260904/results/motion_validation/motion_stratified_runs.csv
Multi-ACCDOA,noncausal,A0,2027,completion_three_seed,dynamic,100.0,46939.0,13264.0,26274.0,0.6001370175839232,0.4755651975336835,14.923344547527762,11.893587845860303,27.598954566488498,0.578358236532378,0.4505319170247674,16.060853624085194,/work/zhanghc/Myllm/SELD/DynamicCausalMultiACCDOA_TAU2020/runs/analysis/threshold_predictions/Completion_20260904_paper_v1_A0_seed2027_validation_seed2027_validation_t050,validation,/work/zhanghc/Myllm/SELD/experiment_completion_20260904/results/motion_validation/motion_stratified_runs.csv
Multi-ACCDOA,noncausal,A0,2028,completion_three_seed,static,100.0,46643.0,13747.0,31428.0,0.5637966144838997,0.4614992999872725,14.25401645627592,11.106707459963342,26.254498846400747,0.5235156114708766,0.42233664715550157,14.517661471429864,/work/zhanghc/Myllm/SELD/DynamicCausalMultiACCDOA_TAU2020/runs/analysis/threshold_predictions/Completion_20260904_paper_v1_A0_seed2028_validation_seed2028_validation_t050,validation,/work/zhanghc/Myllm/SELD/experiment_completion_20260904/results/motion_validation/motion_stratified_runs.csv
Multi-ACCDOA,noncausal,A0,2028,completion_three_seed,dynamic,100.0,46643.0,13747.0,26274.0,0.5776432975565198,0.45421329070564054,15.116286351852223,11.879550986465667,28.266433518283872,0.5786941222679142,0.4578133245976529,15.167543963715051,/work/zhanghc/Myllm/SELD/DynamicCausalMultiACCDOA_TAU2020/runs/analysis/threshold_predictions/Completion_20260904_paper_v1_A0_seed2028_validation_seed2028_validation_t050,validation,/work/zhanghc/Myllm/SELD/experiment_completion_20260904/results/motion_validation/motion_stratified_runs.csv
Multi-ACCDOA,causal,C2_lambda005,2028,completion_three_seed,static,100.0,41842.0,15280.0,31428.0,0.4449853633702431,0.3785477917780323,14.320251039903628,10.623649856590934,24.2580051417661,0.3807106273422268,0.3255242387080433,14.399644859660096,/work/zhanghc/Myllm/SELD/DynamicCausalMultiACCDOA_TAU2020/runs/analysis/threshold_predictions/Completion_20260904_promoted_v2_C2_lambda005_seed2028_validation_seed2028_validation_t050,validation,/work/zhanghc/Myllm/SELD/experiment_completion_20260904/results/motion_validation/motion_stratified_runs.csv
Multi-ACCDOA,causal,C2_lambda005,2028,completion_three_seed,dynamic,100.0,41842.0,15280.0,26274.0,0.4786861536119357,0.3916038669407018,14.347709366502558,11.840010424931656,25.094638437898478,0.47782179356459914,0.3765573714695559,16.235907564640794,/work/zhanghc/Myllm/SELD/DynamicCausalMultiACCDOA_TAU2020/runs/analysis/threshold_predictions/Completion_20260904_promoted_v2_C2_lambda005_seed2028_validation_seed2028_validation_t050,validation,/work/zhanghc/Myllm/SELD/experiment_completion_20260904/results/motion_validation/motion_stratified_runs.csv
Multi-ACCDOA,causal,C0,2028,completion_three_seed,static,100.0,39711.0,13019.0,31428.0,0.4362033855161003,0.36082474226804123,13.842251867405126,10.502876454971522,26.30348987296836,0.3739263664162702,0.30843943098489934,14.646026274422914,/work/zhanghc/Myllm/SELD/DynamicCausalMultiACCDOA_TAU2020/runs/analysis/threshold_predictions/Completion_20260904_paper_v1_C0_seed2028_validation_seed2028_validation_t050,validation,/work/zhanghc/Myllm/SELD/experiment_completion_20260904/results/motion_validation/motion_stratified_runs.csv
Multi-ACCDOA,causal,C0,2028,completion_three_seed,dynamic,100.0,39711.0,13019.0,26274.0,0.49413869224328233,0.3865037679835579,15.297352519339674,12.415040124486767,27.486018335225012,0.4868782012552562,0.36532710022718823,17.13064716518165,/work/zhanghc/Myllm/SELD/DynamicCausalMultiACCDOA_TAU2020/runs/analysis/threshold_predictions/Completion_20260904_paper_v1_C0_seed2028_validation_seed2028_validation_t050,validation,/work/zhanghc/Myllm/SELD/experiment_completion_20260904/results/motion_validation/motion_stratified_runs.csv
Multi-ACCDOA,causal,C0,2026,completion_three_seed,static,100.0,41286.0,14400.0,31428.0,0.45946289932544226,0.3788023418607611,15.300213450821614,11.660404598931748,25.024297015006344,0.38422875121407385,0.3178715232899588,14.933460201084165,/work/zhanghc/Myllm/SELD/DynamicCausalMultiACCDOA_TAU2020/runs/analysis/threshold_predictions/Completion_20260904_paper_v1_C0_seed2026_validation_seed2026_validation_t050,validation,/work/zhanghc/Myllm/SELD/experiment_completion_20260904/results/motion_validation/motion_stratified_runs.csv
Multi-ACCDOA,causal,C0,2026,completion_three_seed,dynamic,100.0,41286.0,14400.0,26274.0,0.4737002359747279,0.3726117073913374,14.96914298065989,12.151078547249451,26.54237804959,0.46404275092589714,0.34980450279522024,16.67529806620689,/work/zhanghc/Myllm/SELD/DynamicCausalMultiACCDOA_TAU2020/runs/analysis/threshold_predictions/Completion_20260904_paper_v1_C0_seed2026_validation_seed2026_validation_t050,validation,/work/zhanghc/Myllm/SELD/experiment_completion_20260904/results/motion_validation/motion_stratified_runs.csv
Multi-ACCDOA,causal,C1_lambda005,2026,completion_three_seed,static,100.0,40025.0,13211.0,31428.0,0.454785541555301,0.3802341860761105,14.108945434833325,10.767171989804508,23.21829221435619,0.39352327301305007,0.32412806911944647,14.362999929560695,/work/zhanghc/Myllm/SELD/DynamicCausalMultiACCDOA_TAU2020/runs/analysis/threshold_predictions/Completion_20260904_pilot_v2_C1_lambda005_seed2026_validation_seed2026_validation_t050,validation,/work/zhanghc/Myllm/SELD/experiment_completion_20260904/results/motion_validation/motion_stratified_runs.csv
Multi-ACCDOA,causal,C1_lambda005,2026,completion_three_seed,dynamic,100.0,40025.0,13211.0,26274.0,0.4765547689731293,0.3771408997488011,14.806667271050927,12.001514613427634,26.831405933487556,0.48608358042292876,0.3734475327183595,15.875208383215693,/work/zhanghc/Myllm/SELD/DynamicCausalMultiACCDOA_TAU2020/runs/analysis/threshold_predictions/Completion_20260904_pilot_v2_C1_lambda005_seed2026_validation_seed2026_validation_t050,validation,/work/zhanghc/Myllm/SELD/experiment_completion_20260904/results/motion_validation/motion_stratified_runs.csv
Multi-ACCDOA,causal,C3_lambda005,2027,completion_three_seed,static,100.0,39600.0,13210.0,31428.0,0.4376670484917908,0.36820669466717576,13.845944371581835,10.439885362849543,25.810755250111345,0.37377493760275715,0.3068518653626729,13.982600466610807,/work/zhanghc/Myllm/SELD/DynamicCausalMultiACCDOA_TAU2020/runs/analysis/threshold_predictions/Completion_20260904_supplemental_v2_C3_lambda005_seed2027_validation_seed2027_validation_t050,validation,/work/zhanghc/Myllm/SELD/experiment_completion_20260904/results/motion_validation/motion_stratified_runs.csv
Multi-ACCDOA,causal,C3_lambda005,2027,completion_three_seed,dynamic,100.0,39600.0,13210.0,26274.0,0.48089365913069954,0.3956763340184212,13.839304813634575,11.569718437630621,24.61840815452968,0.4709651618132538,0.36625785030417113,15.579563901954227,/work/zhanghc/Myllm/SELD/DynamicCausalMultiACCDOA_TAU2020/runs/analysis/threshold_predictions/Completion_20260904_supplemental_v2_C3_lambda005_seed2027_validation_seed2027_validation_t050,validation,/work/zhanghc/Myllm/SELD/experiment_completion_20260904/results/motion_validation/motion_stratified_runs.csv
Multi-ACCDOA,causal,C3_lambda005,2028,completion_three_seed,static,100.0,39532.0,13523.0,31428.0,0.4306987399770905,0.3599656357388316,14.229181457752802,10.50862617548431,25.19434322332501,0.358709961396645,0.2976570760098814,14.708984032444764,/work/zhanghc/Myllm/SELD/DynamicCausalMultiACCDOA_TAU2020/runs/analysis/threshold_predictions/Completion_20260904_supplemental_v2_C3_lambda005_seed2028_validation_seed2028_validation_t050,validation,/work/zhanghc/Myllm/SELD/experiment_completion_20260904/results/motion_validation/motion_stratified_runs.csv
Multi-ACCDOA,causal,C3_lambda005,2028,completion_three_seed,dynamic,100.0,39532.0,13523.0,26274.0,0.4747278678541524,0.38395371850498594,14.034685555543488,11.64699558657084,25.657226569883168,0.4570371585700987,0.3523601097514221,15.701831869101344,/work/zhanghc/Myllm/SELD/DynamicCausalMultiACCDOA_TAU2020/runs/analysis/threshold_predictions/Completion_20260904_supplemental_v2_C3_lambda005_seed2028_validation_seed2028_validation_t050,validation,/work/zhanghc/Myllm/SELD/experiment_completion_20260904/results/motion_validation/motion_stratified_runs.csv
Multi-ACCDOA,noncausal,A3_lambda005,2027,completion_three_seed,static,100.0,47070.0,13591.0,31428.0,0.5715285732467863,0.481004200076365,13.98665731341119,10.87080094851748,24.08559565103019,0.4829154002880217,0.40328691390105986,14.174616373032402,/work/zhanghc/Myllm/SELD/DynamicCausalMultiACCDOA_TAU2020/runs/analysis/threshold_predictions/Completion_20260904_supplemental_v2_A3_lambda005_seed2027_validation_seed2027_validation_t050,validation,/work/zhanghc/Myllm/SELD/experiment_completion_20260904/results/motion_validation/motion_stratified_runs.csv
Multi-ACCDOA,noncausal,A3_lambda005,2027,completion_three_seed,dynamic,100.0,47070.0,13591.0,26274.0,0.590583847149273,0.4737763568546852,14.43241074478413,11.5551890073811,26.58709625587734,0.5546037638985942,0.45112941643349364,15.27302272573438,/work/zhanghc/Myllm/SELD/DynamicCausalMultiACCDOA_TAU2020/runs/analysis/threshold_predictions/Completion_20260904_supplemental_v2_A3_lambda005_seed2027_validation_seed2027_validation_t050,validation,/work/zhanghc/Myllm/SELD/experiment_completion_20260904/results/motion_validation/motion_stratified_runs.csv
Multi-ACCDOA,noncausal,A3_lambda005,2028,completion_three_seed,static,100.0,45831.0,13892.0,31428.0,0.5405689194348988,0.4519854906452845,14.04121962520575,10.824554039373306,24.410013713103083,0.4733720418815154,0.3959474979974025,14.584432890457707,/work/zhanghc/Myllm/SELD/DynamicCausalMultiACCDOA_TAU2020/runs/analysis/threshold_predictions/Completion_20260904_supplemental_v2_A3_lambda005_seed2028_validation_seed2028_validation_t050,validation,/work/zhanghc/Myllm/SELD/experiment_completion_20260904/results/motion_validation/motion_stratified_runs.csv
Multi-ACCDOA,noncausal,A3_lambda005,2028,completion_three_seed,dynamic,100.0,45831.0,13892.0,26274.0,0.569003577681358,0.4494937961482835,14.416171630216983,11.977409240184793,26.68494822494146,0.5354075440436632,0.42048737790748036,14.909787406386743,/work/zhanghc/Myllm/SELD/DynamicCausalMultiACCDOA_TAU2020/runs/analysis/threshold_predictions/Completion_20260904_supplemental_v2_A3_lambda005_seed2028_validation_seed2028_validation_t050,validation,/work/zhanghc/Myllm/SELD/experiment_completion_20260904/results/motion_validation/motion_stratified_runs.csv
EINV2,causal,C0.1,2026,completion_three_seed,static,100.0,47841.0,14524.0,31428.0,0.5847969963090238,0.499013618429426,16.70868861139254,7.567090432698885,29.025975237274423,0.5866744522347479,0.510391120565798,14.975948255191957,/work/zhanghc/Myllm/SELD/EINV2/C0p1_CausalEINV2_fix_seed2026/out_infer/ein_seld/Completion_20260904_EINV2_C0_bestfix_seed2026_validation/submissions,validation,/work/zhanghc/Myllm/SELD/experiment_completion_20260904/results/motion_validation/motion_stratified_runs.csv
EINV2,causal,C0.1,2026,completion_three_seed,dynamic,100.0,47841.0,14524.0,26274.0,0.5685468524016137,0.5036538022379539,14.124713956792394,7.806831763233657,22.041211643777427,0.5332161361148696,0.4731701747168694,14.46229659688278,/work/zhanghc/Myllm/SELD/EINV2/C0p1_CausalEINV2_fix_seed2026/out_infer/ein_seld/Completion_20260904_EINV2_C0_bestfix_seed2026_validation/submissions,validation,/work/zhanghc/Myllm/SELD/experiment_completion_20260904/results/motion_validation/motion_stratified_runs.csv
EINV2,causal,C0.1,2027,completion_three_seed,static,100.0,47963.0,14818.0,31428.0,0.5900470917653048,0.5392007127402316,11.32172670185269,7.272260863682449,18.352114383441425,0.5752801669440498,0.5308383238374921,10.576293094969895,/work/zhanghc/Myllm/SELD/EINV2/C0p1_CausalEINV2_fix_seed2026/out_infer/ein_seld/Completion_20260904_EINV2_C0_bestfix_seed2027_validation/submissions,validation,/work/zhanghc/Myllm/SELD/experiment_completion_20260904/results/motion_validation/motion_stratified_runs.csv
EINV2,causal,C0.1,2027,completion_three_seed,dynamic,100.0,47963.0,14818.0,26274.0,0.5557204841287965,0.5076882088756947,11.554120701266575,7.6293584033795065,18.66946467547922,0.516957195925517,0.47423832196152216,11.93403147977211,/work/zhanghc/Myllm/SELD/EINV2/C0p1_CausalEINV2_fix_seed2026/out_infer/ein_seld/Completion_20260904_EINV2_C0_bestfix_seed2027_validation/submissions,validation,/work/zhanghc/Myllm/SELD/experiment_completion_20260904/results/motion_validation/motion_stratified_runs.csv
EINV2,causal,C0.1,2028,completion_three_seed,static,100.0,45258.0,12297.0,31428.0,0.5817423953162785,0.49312714776632305,15.209282280313358,8.597742548593443,26.08730791374865,0.5785644962079114,0.49244412735816506,14.422838474610824,/work/zhanghc/Myllm/SELD/EINV2/C0p1_CausalEINV2_fix_seed2026/out_infer/ein_seld/Completion_20260904_EINV2_C0_bestfix_seed2028_validation/submissions,validation,/work/zhanghc/Myllm/SELD/experiment_completion_20260904/results/motion_validation/motion_stratified_runs.csv
EINV2,causal,C0.1,2028,completion_three_seed,dynamic,100.0,45258.0,12297.0,26274.0,0.5586511380071554,0.48188323057014537,13.394269035078231,8.589866925985739,23.044073859373363,0.5327047688638299,0.4601198125215412,14.44797214951006,/work/zhanghc/Myllm/SELD/EINV2/C0p1_CausalEINV2_fix_seed2026/out_infer/ein_seld/Completion_20260904_EINV2_C0_bestfix_seed2028_validation/submissions,validation,/work/zhanghc/Myllm/SELD/experiment_completion_20260904/results/motion_validation/motion_stratified_runs.csv
EINV2,causal,C1,2026,completion_three_seed,static,100.0,47704.0,15041.0,31428.0,0.5879152348224513,0.5025773195876289,16.254834828762675,9.215771778237142,26.49872654232053,0.5815140976273888,0.5031232734119169,15.29676388407045,/work/zhanghc/Myllm/SELD/EINV2/C1_CausalEINV2_Velocity_seed2026/out_infer/ein_seld/Completion_20260904_C1_CausalEINV2_Velocity_seed2026_validation/submissions,validation,/work/zhanghc/Myllm/SELD/experiment_completion_20260904/results/motion_validation/motion_stratified_runs.csv
EINV2,causal,C1,2026,completion_three_seed,dynamic,100.0,47704.0,15041.0,26274.0,0.5399254015376418,0.4683337139377331,15.4926562835609,9.964406707259554,23.03412771467189,0.5252193362856067,0.45488369517610305,16.613057244802853,/work/zhanghc/Myllm/SELD/EINV2/C1_CausalEINV2_Velocity_seed2026/out_infer/ein_seld/Completion_20260904_C1_CausalEINV2_Velocity_seed2026_validation/submissions,validation,/work/zhanghc/Myllm/SELD/experiment_completion_20260904/results/motion_validation/motion_stratified_runs.csv
EINV2,causal,C1,2027,completion_three_seed,static,100.0,47756.0,14618.0,31428.0,0.5867379406898308,0.4953226422298587,16.189975735743683,9.044778532466115,27.462826106785123,0.5788995307554321,0.49690122533461933,14.621622885712174,/work/zhanghc/Myllm/SELD/EINV2/C1_CausalEINV2_Velocity_seed2026/out_infer/ein_seld/Completion_20260904_C1_CausalEINV2_Velocity_seed2027_validation/submissions,validation,/work/zhanghc/Myllm/SELD/experiment_completion_20260904/results/motion_validation/motion_stratified_runs.csv
EINV2,causal,C1,2027,completion_three_seed,dynamic,100.0,47756.0,14618.0,26274.0,0.5594123468067291,0.49254015376417754,13.483236168844293,8.94172446613054,22.334787299867667,0.5201967857140525,0.45963776881130936,13.57649156359166,/work/zhanghc/Myllm/SELD/EINV2/C1_CausalEINV2_Velocity_seed2026/out_infer/ein_seld/Completion_20260904_C1_CausalEINV2_Velocity_seed2027_validation/submissions,validation,/work/zhanghc/Myllm/SELD/experiment_completion_20260904/results/motion_validation/motion_stratified_runs.csv
EINV2,causal,C1,2028,completion_three_seed,static,100.0,48718.0,15842.0,31428.0,0.5829833269695812,0.5374824996818124,11.28382828922517,7.065836412371786,17.674279166626494,0.5685851304249813,0.5291966474679848,10.562819182650156,/work/zhanghc/Myllm/SELD/EINV2/C1_CausalEINV2_Velocity_seed2026/out_infer/ein_seld/Completion_20260904_C1_CausalEINV2_Velocity_seed2028_validation/submissions,validation,/work/zhanghc/Myllm/SELD/experiment_completion_20260904/results/motion_validation/motion_stratified_runs.csv
EINV2,causal,C1,2028,completion_three_seed,dynamic,100.0,48718.0,15842.0,26274.0,0.5539316434497983,0.5090203242749486,11.40875452735116,7.614631845287242,18.092667070632945,0.5161906431461053,0.47574428250572703,11.510305201637832,/work/zhanghc/Myllm/SELD/EINV2/C1_CausalEINV2_Velocity_seed2026/out_infer/ein_seld/Completion_20260904_C1_CausalEINV2_Velocity_seed2028_validation/submissions,validation,/work/zhanghc/Myllm/SELD/experiment_completion_20260904/results/motion_validation/motion_stratified_runs.csv
EINV2,causal,C2,2026,completion_three_seed,static,100.0,48910.0,15728.0,31428.0,0.579928725976836,0.4874315896652666,16.326821796344436,8.54203589727113,28.856111741079175,0.577952233913638,0.4988466363903091,14.552286954907215,/work/zhanghc/Myllm/SELD/EINV2/C2_CausalEINV2_JEPA_seed2026/out_infer/ein_seld/Completion_20260904_C2_CausalEINV2_JEPA_seed2026_validation/submissions,validation,/work/zhanghc/Myllm/SELD/experiment_completion_20260904/results/motion_validation/motion_stratified_runs.csv
EINV2,causal,C2,2026,completion_three_seed,dynamic,100.0,48910.0,15728.0,26274.0,0.5692319403212301,0.49189312628453985,14.87124247597539,9.918161912653993,23.69802948760418,0.5396067770174306,0.46919377344206387,14.709231598531222,/work/zhanghc/Myllm/SELD/EINV2/C2_CausalEINV2_JEPA_seed2026/out_infer/ein_seld/Completion_20260904_C2_CausalEINV2_JEPA_seed2026_validation/submissions,validation,/work/zhanghc/Myllm/SELD/experiment_completion_20260904/results/motion_validation/motion_stratified_runs.csv
EINV2,causal,C2,2027,completion_three_seed,static,100.0,48882.0,15098.0,31428.0,0.6006109201985491,0.5385007000127275,12.839145540905923,8.419595181533827,20.38001055954924,0.5721423647682409,0.5236582870707561,11.435455935616186,/work/zhanghc/Myllm/SELD/EINV2/C2_CausalEINV2_JEPA_seed2026/out_infer/ein_seld/Completion_20260904_C2_CausalEINV2_JEPA_seed2027_validation/submissions,validation,/work/zhanghc/Myllm/SELD/experiment_completion_20260904/results/motion_validation/motion_stratified_runs.csv
EINV2,causal,C2,2027,completion_three_seed,dynamic,100.0,48882.0,15098.0,26274.0,0.5674050392022532,0.515033873791581,11.901540564901707,8.834942314334636,19.230030571098926,0.5096520326552854,0.46241434956854593,13.28505814877341,/work/zhanghc/Myllm/SELD/EINV2/C2_CausalEINV2_JEPA_seed2026/out_infer/ein_seld/Completion_20260904_C2_CausalEINV2_JEPA_seed2027_validation/submissions,validation,/work/zhanghc/Myllm/SELD/experiment_completion_20260904/results/motion_validation/motion_stratified_runs.csv
EINV2,causal,C2,2028,completion_three_seed,static,100.0,47756.0,14953.0,31428.0,0.5824105892834415,0.48230876925035,17.20202838406323,10.41725946007464,28.923177423460153,0.5793119423703468,0.4927351681446009,15.408207540862811,/work/zhanghc/Myllm/SELD/EINV2/C2_CausalEINV2_JEPA_seed2026/out_infer/ein_seld/Completion_20260904_C2_CausalEINV2_JEPA_seed2028_validation/submissions,validation,/work/zhanghc/Myllm/SELD/experiment_completion_20260904/results/motion_validation/motion_stratified_runs.csv
EINV2,causal,C2,2028,completion_three_seed,dynamic,100.0,47756.0,14953.0,26274.0,0.5518383192509705,0.47895257669178654,14.095543078407765,10.643469146681028,22.088301259294038,0.5187053005113678,0.4505540796181303,14.44929305296973,/work/zhanghc/Myllm/SELD/EINV2/C2_CausalEINV2_JEPA_seed2026/out_infer/ein_seld/Completion_20260904_C2_CausalEINV2_JEPA_seed2028_validation/submissions,validation,/work/zhanghc/Myllm/SELD/experiment_completion_20260904/results/motion_validation/motion_stratified_runs.csv
EINV2,causal,C3,2026,completion_three_seed,static,100.0,49033.0,14760.0,31428.0,0.6118747613592974,0.5566055746468117,11.153985235540079,7.021525931549315,18.437285646699557,0.5875894929570039,0.5393840821155641,10.306817566946393,/work/zhanghc/Myllm/SELD/EINV2/C3_CausalEINV2_Velocity_JEPA_seed2026/out_infer/ein_seld/Completion_20260904_C3_CausalEINV2_Velocity_JEPA_seed2026_validation/submissions,validation,/work/zhanghc/Myllm/SELD/experiment_completion_20260904/results/motion_validation/motion_stratified_runs.csv
EINV2,causal,C3,2026,completion_three_seed,dynamic,100.0,49033.0,14760.0,26274.0,0.5725431985993759,0.525462434345741,11.20228803544842,8.046189774787836,18.10937303756011,0.5256024917617269,0.4818942184083128,11.386151032985302,/work/zhanghc/Myllm/SELD/EINV2/C3_CausalEINV2_Velocity_JEPA_seed2026/out_infer/ein_seld/Completion_20260904_C3_CausalEINV2_Velocity_JEPA_seed2026_validation/submissions,validation,/work/zhanghc/Myllm/SELD/experiment_completion_20260904/results/motion_validation/motion_stratified_runs.csv
EINV2,causal,C3,2027,completion_three_seed,static,100.0,48589.0,14269.0,31428.0,0.6047155402825506,0.5541873488608884,11.330784399422162,7.779126214424701,18.356720328406155,0.6009701065759006,0.5552541110961235,10.902405029393487,/work/zhanghc/Myllm/SELD/EINV2/C3_CausalEINV2_Velocity_JEPA_seed2026/out_infer/ein_seld/Completion_20260904_C3_CausalEINV2_Velocity_JEPA_seed2027_validation/submissions,validation,/work/zhanghc/Myllm/SELD/experiment_completion_20260904/results/motion_validation/motion_stratified_runs.csv
EINV2,causal,C3,2027,completion_three_seed,dynamic,100.0,48589.0,14269.0,26274.0,0.5828956382735785,0.5291542970236736,12.048354941963575,8.599517867567101,19.08062944282224,0.539421109940376,0.49221654452414676,11.623903561265095,/work/zhanghc/Myllm/SELD/EINV2/C3_CausalEINV2_Velocity_JEPA_seed2026/out_infer/ein_seld/Completion_20260904_C3_CausalEINV2_Velocity_JEPA_seed2027_validation/submissions,validation,/work/zhanghc/Myllm/SELD/experiment_completion_20260904/results/motion_validation/motion_stratified_runs.csv
EINV2,causal,C3,2028,completion_three_seed,static,100.0,48133.0,14824.0,31428.0,0.5778286877943235,0.506204658266514,13.42022271852593,8.43195168319116,22.201353587810864,0.5542612880369214,0.49378218984954664,12.289726424274988,/work/zhanghc/Myllm/SELD/EINV2/C3_CausalEINV2_Velocity_JEPA_seed2026/out_infer/ein_seld/Completion_20260904_C3_CausalEINV2_Velocity_JEPA_seed2028_validation/submissions,validation,/work/zhanghc/Myllm/SELD/experiment_completion_20260904/results/motion_validation/motion_stratified_runs.csv
EINV2,causal,C3,2028,completion_three_seed,dynamic,100.0,48133.0,14824.0,26274.0,0.5765776052371165,0.5181167694298546,12.387936899869064,8.938448123563107,20.09873878636214,0.5372941727497591,0.4828013034686217,12.357115681344176,/work/zhanghc/Myllm/SELD/EINV2/C3_CausalEINV2_Velocity_JEPA_seed2026/out_infer/ein_seld/Completion_20260904_C3_CausalEINV2_Velocity_JEPA_seed2028_validation/submissions,validation,/work/zhanghc/Myllm/SELD/experiment_completion_20260904/results/motion_validation/motion_stratified_runs.csv
EINV2,noncausal,E0,2026,completion_three_seed,static,100.0,50300.0,10310.0,31428.0,0.7141084383352425,0.6687985236095202,8.924164547280231,6.000000000000087,14.530184852109656,0.7149770757445661,0.6739175963226072,8.603453659242515,/work/zhanghc/Myllm/SELD/EINV2/C0p1_CausalEINV2_fix_seed2026/out_infer/ein_seld/Completion_20260904_EvalAlias_Pilot_E0_best_seed2026_validation/submissions,validation,/work/zhanghc/Myllm/SELD/experiment_completion_20260904/results/motion_validation/motion_stratified_runs.csv
EINV2,noncausal,E0,2026,completion_three_seed,dynamic,100.0,50300.0,10310.0,26274.0,0.667846540306006,0.6205754738524777,9.64673333831639,6.3431005374337115,16.03088971430163,0.6468209355925013,0.6075307852791999,9.29525884210379,/work/zhanghc/Myllm/SELD/EINV2/C0p1_CausalEINV2_fix_seed2026/out_infer/ein_seld/Completion_20260904_EvalAlias_Pilot_E0_best_seed2026_validation/submissions,validation,/work/zhanghc/Myllm/SELD/experiment_completion_20260904/results/motion_validation/motion_stratified_runs.csv
EINV2,noncausal,E0,2027,completion_three_seed,static,100.0,49597.0,10946.0,31428.0,0.68445335369734,0.6349115438462517,10.022425185793882,5.105955606123226,14.96380492412648,0.689962835989911,0.6447796072528774,9.545666942933629,/work/zhanghc/Myllm/SELD/EINV2/C0p1_CausalEINV2_fix_seed2026/out_infer/ein_seld/Completion_20260904_E0_OfflineEINV2_seed2027_validation/submissions,validation,/work/zhanghc/Myllm/SELD/experiment_completion_20260904/results/motion_validation/motion_stratified_runs.csv
EINV2,noncausal,E0,2027,completion_three_seed,dynamic,100.0,49597.0,10946.0,26274.0,0.6523559412346807,0.6062647484204917,9.29309038793735,5.926063708156173,16.031521486563413,0.6173224750486134,0.5775168736938889,9.146481941121129,/work/zhanghc/Myllm/SELD/EINV2/C0p1_CausalEINV2_fix_seed2026/out_infer/ein_seld/Completion_20260904_E0_OfflineEINV2_seed2027_validation/submissions,validation,/work/zhanghc/Myllm/SELD/experiment_completion_20260904/results/motion_validation/motion_stratified_runs.csv
EINV2,noncausal,E0,2028,completion_three_seed,static,100.0,49906.0,10563.0,31428.0,0.7024627720504009,0.6508527427771414,9.862579747737072,5.383542792897964,16.145025745089864,0.6940946499525047,0.6485627326328957,9.191660203532397,/work/zhanghc/Myllm/SELD/EINV2/C0p1_CausalEINV2_fix_seed2026/out_infer/ein_seld/Completion_20260904_E0_OfflineEINV2_seed2028_validation/submissions,validation,/work/zhanghc/Myllm/SELD/experiment_completion_20260904/results/motion_validation/motion_stratified_runs.csv
EINV2,noncausal,E0,2028,completion_three_seed,dynamic,100.0,49906.0,10563.0,26274.0,0.6571515566719951,0.6124305396970389,9.336232066288131,5.802892888974432,15.559257843976722,0.6188165595153182,0.5765551199114037,9.500085392110954,/work/zhanghc/Myllm/SELD/EINV2/C0p1_CausalEINV2_fix_seed2026/out_infer/ein_seld/Completion_20260904_E0_OfflineEINV2_seed2028_validation/submissions,validation,/work/zhanghc/Myllm/SELD/experiment_completion_20260904/results/motion_validation/motion_stratified_runs.csv
EINV2,noncausal,E1,2026,completion_three_seed,static,100.0,49499.0,9688.0,31428.0,0.6915807560137457,0.6416889397989054,9.548557263278173,6.0554156510020976,15.537651044145914,0.6724782503049797,0.6325169333806361,8.9705313064819,/work/zhanghc/Myllm/SELD/EINV2/E1_OfflineEINV2_Velocity_seed2026/out_infer/ein_seld/Completion_20260904_E1_OfflineEINV2_Velocity_seed2026_validation/submissions,validation,/work/zhanghc/Myllm/SELD/experiment_completion_20260904/results/motion_validation/motion_stratified_runs.csv
EINV2,noncausal,E1,2026,completion_three_seed,dynamic,100.0,49499.0,9688.0,26274.0,0.687980513054731,0.6410519905610109,9.238036005718051,6.077048997459374,15.850755281961305,0.6584433503561656,0.6152520870793265,9.55426881919038,/work/zhanghc/Myllm/SELD/EINV2/E1_OfflineEINV2_Velocity_seed2026/out_infer/ein_seld/Completion_20260904_E1_OfflineEINV2_Velocity_seed2026_validation/submissions,validation,/work/zhanghc/Myllm/SELD/experiment_completion_20260904/results/motion_validation/motion_stratified_runs.csv
EINV2,noncausal,E1,2027,completion_three_seed,static,100.0,49544.0,10418.0,31428.0,0.693967163039328,0.6446799032709686,9.93923205298239,5.541172435202808,14.958334576400679,0.6894178415010104,0.6418617086202988,9.590522989805569,/work/zhanghc/Myllm/SELD/EINV2/E1_OfflineEINV2_Velocity_seed2026/out_infer/ein_seld/Completion_20260904_E1_OfflineEINV2_Velocity_seed2027_validation/submissions,validation,/work/zhanghc/Myllm/SELD/experiment_completion_20260904/results/motion_validation/motion_stratified_runs.csv
EINV2,noncausal,E1,2027,completion_three_seed,dynamic,100.0,49544.0,10418.0,26274.0,0.6590545786709294,0.612049935297252,9.337034199074258,5.999999999999965,15.762550836622893,0.6257044089982079,0.5829873196609032,9.160427026089542,/work/zhanghc/Myllm/SELD/EINV2/E1_OfflineEINV2_Velocity_seed2026/out_infer/ein_seld/Completion_20260904_E1_OfflineEINV2_Velocity_seed2027_validation/submissions,validation,/work/zhanghc/Myllm/SELD/experiment_completion_20260904/results/motion_validation/motion_stratified_runs.csv
EINV2,noncausal,E1,2028,completion_three_seed,static,100.0,49976.0,10385.0,31428.0,0.689703449153621,0.6483708794705358,9.344048585866137,5.339121027828763,14.289245115658192,0.6811491677496535,0.6413773924598033,8.96123210245368,/work/zhanghc/Myllm/SELD/EINV2/E1_OfflineEINV2_Velocity_seed2026/out_infer/ein_seld/Completion_20260904_E1_OfflineEINV2_Velocity_seed2028_validation/submissions,validation,/work/zhanghc/Myllm/SELD/experiment_completion_20260904/results/motion_validation/motion_stratified_runs.csv
EINV2,noncausal,E1,2028,completion_three_seed,dynamic,100.0,49976.0,10385.0,26274.0,0.6818527822181625,0.6316510618862754,9.512417643242314,5.793781114107238,16.027114552041862,0.6488471321836469,0.6050283623424998,9.28166197139045,/work/zhanghc/Myllm/SELD/EINV2/E1_OfflineEINV2_Velocity_seed2026/out_infer/ein_seld/Completion_20260904_E1_OfflineEINV2_Velocity_seed2028_validation/submissions,validation,/work/zhanghc/Myllm/SELD/experiment_completion_20260904/results/motion_validation/motion_stratified_runs.csv
EINV2,noncausal,E2,2026,completion_three_seed,static,100.0,50731.0,10454.0,31428.0,0.7099401807305588,0.6650120911289297,10.176642476489823,7.134746130768104,15.649517422332805,0.6973006900200224,0.653667274807682,9.827011956907524,/work/zhanghc/Myllm/SELD/EINV2/E2_OfflineEINV2_JEPAConsistency_seed2026/out_infer/ein_seld/Completion_20260904_E2_OfflineEINV2_JEPAConsistency_seed2026_validation/submissions,validation,/work/zhanghc/Myllm/SELD/experiment_completion_20260904/results/motion_validation/motion_stratified_runs.csv
EINV2,noncausal,E2,2026,completion_three_seed,dynamic,100.0,50731.0,10454.0,26274.0,0.6837558042170967,0.6345436553246555,10.274767094412967,7.132596445794206,16.773828423586288,0.6478456742267504,0.6008377793780021,10.768318055797833,/work/zhanghc/Myllm/SELD/EINV2/E2_OfflineEINV2_JEPAConsistency_seed2026/out_infer/ein_seld/Completion_20260904_E2_OfflineEINV2_JEPAConsistency_seed2026_validation/submissions,validation,/work/zhanghc/Myllm/SELD/experiment_completion_20260904/results/motion_validation/motion_stratified_runs.csv
EINV2,noncausal,E2,2027,completion_three_seed,static,100.0,49196.0,10279.0,31428.0,0.6896079928725977,0.642548046328115,9.75922255739511,5.919071451855506,14.55640136622792,0.68371129823987,0.6411933843293263,9.275229224160544,/work/zhanghc/Myllm/SELD/EINV2/E2_OfflineEINV2_JEPAConsistency_seed2026/out_infer/ein_seld/Completion_20260904_E2_OfflineEINV2_JEPAConsistency_seed2027_validation/submissions,validation,/work/zhanghc/Myllm/SELD/experiment_completion_20260904/results/motion_validation/motion_stratified_runs.csv
EINV2,noncausal,E2,2027,completion_three_seed,dynamic,100.0,49196.0,10279.0,26274.0,0.656314226992464,0.6145238638958667,9.16085973436505,6.081278118645406,15.178623946834868,0.6176527674403832,0.5801340948276946,9.001796068762609,/work/zhanghc/Myllm/SELD/EINV2/E2_OfflineEINV2_JEPAConsistency_seed2026/out_infer/ein_seld/Completion_20260904_E2_OfflineEINV2_JEPAConsistency_seed2027_validation/submissions,validation,/work/zhanghc/Myllm/SELD/experiment_completion_20260904/results/motion_validation/motion_stratified_runs.csv
EINV2,noncausal,E2,2028,completion_three_seed,static,100.0,49251.0,10190.0,31428.0,0.6941580756013745,0.6222476772304951,12.447378063180574,6.512866126550954,20.75643926676188,0.6833847821417274,0.6153578406403177,11.836589496764866,/work/zhanghc/Myllm/SELD/EINV2/E2_OfflineEINV2_JEPAConsistency_seed2026/out_infer/ein_seld/Completion_20260904_E2_OfflineEINV2_JEPAConsistency_seed2028_validation/submissions,validation,/work/zhanghc/Myllm/SELD/experiment_completion_20260904/results/motion_validation/motion_stratified_runs.csv
EINV2,noncausal,E2,2028,completion_three_seed,dynamic,100.0,49251.0,10190.0,26274.0,0.6563522874324427,0.6003653802237954,11.003961745894244,7.068161587914832,18.14113925766491,0.6197930125622639,0.5681327389486848,11.531328628567119,/work/zhanghc/Myllm/SELD/EINV2/E2_OfflineEINV2_JEPAConsistency_seed2026/out_infer/ein_seld/Completion_20260904_E2_OfflineEINV2_JEPAConsistency_seed2028_validation/submissions,validation,/work/zhanghc/Myllm/SELD/experiment_completion_20260904/results/motion_validation/motion_stratified_runs.csv
EINV2,noncausal,E3,2026,completion_three_seed,static,100.0,50411.0,11961.0,31428.0,0.6734122438589792,0.6351342751686394,8.591469266436585,6.000000000000087,13.439746557140293,0.6773439130885734,0.6395612401465376,8.355278601010278,/work/zhanghc/Myllm/SELD/EINV2/E3_OfflineEINV2_Velocity_JEPAConsistency_seed2026/out_infer/ein_seld/Completion_20260904_E3_OfflineEINV2_Velocity_JEPAConsistency_seed2026_validation/submissions,validation,/work/zhanghc/Myllm/SELD/experiment_completion_20260904/results/motion_validation/motion_stratified_runs.csv
EINV2,noncausal,E3,2026,completion_three_seed,dynamic,100.0,50411.0,11961.0,26274.0,0.6579127654715689,0.6190149958133516,8.663217238864037,6.000000000000026,14.261721745816512,0.6173292487450417,0.5838519573370524,8.55229529647677,/work/zhanghc/Myllm/SELD/EINV2/E3_OfflineEINV2_Velocity_JEPAConsistency_seed2026/out_infer/ein_seld/Completion_20260904_E3_OfflineEINV2_Velocity_JEPAConsistency_seed2026_validation/submissions,validation,/work/zhanghc/Myllm/SELD/experiment_completion_20260904/results/motion_validation/motion_stratified_runs.csv
EINV2,noncausal,E3,2027,completion_three_seed,static,100.0,49453.0,10374.0,31428.0,0.6882079674175894,0.6229795087183403,11.43856112689349,6.386271344327533,18.88313030930877,0.6822459703483202,0.6172553683793061,11.067541125080137,/work/zhanghc/Myllm/SELD/EINV2/E3_OfflineEINV2_Velocity_JEPAConsistency_seed2026/out_infer/ein_seld/Completion_20260904_E3_OfflineEINV2_Velocity_JEPAConsistency_seed2027_validation/submissions,validation,/work/zhanghc/Myllm/SELD/experiment_completion_20260904/results/motion_validation/motion_stratified_runs.csv
EINV2,noncausal,E3,2027,completion_three_seed,dynamic,100.0,49453.0,10374.0,26274.0,0.6641546776280733,0.6024967648626018,11.245957704451397,7.2154881820468955,19.026005392169683,0.6266274816006832,0.5663863987067219,11.890295176259867,/work/zhanghc/Myllm/SELD/EINV2/E3_OfflineEINV2_Velocity_JEPAConsistency_seed2026/out_infer/ein_seld/Completion_20260904_E3_OfflineEINV2_Velocity_JEPAConsistency_seed2027_validation/submissions,validation,/work/zhanghc/Myllm/SELD/experiment_completion_20260904/results/motion_validation/motion_stratified_runs.csv
EINV2,noncausal,E3,2028,completion_three_seed,static,100.0,48634.0,9913.0,31428.0,0.6825760468372152,0.6148657248313606,11.668090414783757,6.317248357185387,19.803093027301284,0.6628925119030055,0.6015060667233563,10.72590662154783,/work/zhanghc/Myllm/SELD/EINV2/E3_OfflineEINV2_Velocity_JEPAConsistency_seed2026/out_infer/ein_seld/Completion_20260904_E3_OfflineEINV2_Velocity_JEPAConsistency_seed2028_validation/submissions,validation,/work/zhanghc/Myllm/SELD/experiment_completion_20260904/results/motion_validation/motion_stratified_runs.csv
EINV2,noncausal,E3,2028,completion_three_seed,dynamic,100.0,48634.0,9913.0,26274.0,0.6572657379919312,0.5994899901042856,10.752398162344651,6.643086579016608,18.08892787742057,0.6137735635803634,0.5602027807507377,10.893740511255015,/work/zhanghc/Myllm/SELD/EINV2/E3_OfflineEINV2_Velocity_JEPAConsistency_seed2026/out_infer/ein_seld/Completion_20260904_E3_OfflineEINV2_Velocity_JEPAConsistency_seed2028_validation/submissions,validation,/work/zhanghc/Myllm/SELD/experiment_completion_20260904/results/motion_validation/motion_stratified_runs.csv
Multi-ACCDOA,causal,C2_lambda005,2026,completion_three_seed,static,200.0,83987.0,26319.0,64036.0,0.4616621900181148,0.4097070397901181,12.31458401478069,9.859215076783629,20.849023403172563,0.37529709195324934,0.3333063990235237,12.5871281383754,/work/zhanghc/Myllm/SELD/DynamicCausalMultiACCDOA_TAU2020/runs/analysis/threshold_predictions/Completion_20260904_pilot_v2_C2_lambda005_seed2026_evaluation_seed2026_evaluation_t050,evaluation,/work/zhanghc/Myllm/SELD/experiment_completion_20260904/results/motion_evaluation/motion_stratified_runs.csv
Multi-ACCDOA,causal,C2_lambda005,2026,completion_three_seed,dynamic,200.0,83987.0,26319.0,53184.0,0.5284484055354994,0.40365523465703973,16.666676821241172,12.657596262504677,29.929194521632272,0.4464805214472567,0.3438338220658305,17.01897102846511,/work/zhanghc/Myllm/SELD/DynamicCausalMultiACCDOA_TAU2020/runs/analysis/threshold_predictions/Completion_20260904_pilot_v2_C2_lambda005_seed2026_evaluation_seed2026_evaluation_t050,evaluation,/work/zhanghc/Myllm/SELD/experiment_completion_20260904/results/motion_evaluation/motion_stratified_runs.csv
Multi-ACCDOA,causal,C3_lambda005,2026,completion_three_seed,static,200.0,85421.0,26930.0,64036.0,0.4709226060341058,0.4205134611780873,12.18884209475819,9.733887244245587,20.50902017349157,0.374888880009392,0.33432685468644835,12.27866747740279,/work/zhanghc/Myllm/SELD/DynamicCausalMultiACCDOA_TAU2020/runs/analysis/threshold_predictions/Completion_20260904_supplemental_v2_C3_lambda005_seed2026_evaluation_seed2026_evaluation_t050,evaluation,/work/zhanghc/Myllm/SELD/experiment_completion_20260904/results/motion_evaluation/motion_stratified_runs.csv
Multi-ACCDOA,causal,C3_lambda005,2026,completion_three_seed,dynamic,200.0,85421.0,26930.0,53184.0,0.5327730144404332,0.4139402827918171,16.00916594301821,12.284453645146497,28.49073524335011,0.4516219706366511,0.3518293952834243,16.362088777984564,/work/zhanghc/Myllm/SELD/DynamicCausalMultiACCDOA_TAU2020/runs/analysis/threshold_predictions/Completion_20260904_supplemental_v2_C3_lambda005_seed2026_evaluation_seed2026_evaluation_t050,evaluation,/work/zhanghc/Myllm/SELD/experiment_completion_20260904/results/motion_evaluation/motion_stratified_runs.csv
Multi-ACCDOA,causal,C2_lambda005,2027,completion_three_seed,static,200.0,85987.0,28354.0,64036.0,0.45999125491910803,0.3924823536760572,13.449965099829933,10.667615625189665,22.71426864792963,0.41343688023507874,0.3574491538079792,12.850693652771536,/work/zhanghc/Myllm/SELD/DynamicCausalMultiACCDOA_TAU2020/runs/analysis/threshold_predictions/Completion_20260904_promoted_v2_C2_lambda005_seed2027_evaluation_seed2027_evaluation_t050,evaluation,/work/zhanghc/Myllm/SELD/experiment_completion_20260904/results/motion_evaluation/motion_stratified_runs.csv
Multi-ACCDOA,causal,C2_lambda005,2027,completion_three_seed,dynamic,200.0,85987.0,28354.0,53184.0,0.5298021961492179,0.4001203369434416,16.09219342212318,12.784302960804379,29.708572652625456,0.47319147006612094,0.36163367923933626,16.42260336441625,/work/zhanghc/Myllm/SELD/DynamicCausalMultiACCDOA_TAU2020/runs/analysis/threshold_predictions/Completion_20260904_promoted_v2_C2_lambda005_seed2027_evaluation_seed2027_evaluation_t050,evaluation,/work/zhanghc/Myllm/SELD/experiment_completion_20260904/results/motion_evaluation/motion_stratified_runs.csv
Multi-ACCDOA,noncausal,A0,2026,paper_v1_completed,static,200.0,94598.0,23597.0,64036.0,0.5822193766006621,0.5083234430632769,12.306692033024444,9.75637715756152,22.03400472842238,0.5651822397725452,0.5006965288455133,12.218173675833013,/work/zhanghc/Myllm/SELD/DynamicCausalMultiACCDOA_TAU2020/runs/results/32_paper_v1_A0_seed2026_eval_split0_multiaccdoa_foa_20260902094006_test,evaluation,/work/zhanghc/Myllm/SELD/experiment_completion_20260904/results/motion_evaluation/motion_stratified_runs.csv
Multi-ACCDOA,noncausal,A0,2026,paper_v1_completed,dynamic,200.0,94598.0,23597.0,53184.0,0.6339876654632972,0.47029181708784595,16.52126415102562,13.101671099736617,29.830226637756144,0.57603258154585,0.4445016154265881,15.339779885311948,/work/zhanghc/Myllm/SELD/DynamicCausalMultiACCDOA_TAU2020/runs/results/32_paper_v1_A0_seed2026_eval_split0_multiaccdoa_foa_20260902094006_test,evaluation,/work/zhanghc/Myllm/SELD/experiment_completion_20260904/results/motion_evaluation/motion_stratified_runs.csv
Multi-ACCDOA,causal,C0,2027,paper_v1_completed,static,200.0,84338.0,26872.0,64036.0,0.467081016927978,0.4059591479792617,13.02775354323124,10.570634414460137,22.30538760368301,0.4161679766100408,0.3664113743312745,12.963938740498905,/work/zhanghc/Myllm/SELD/DynamicCausalMultiACCDOA_TAU2020/runs/results/35_paper_v1_C0_seed2027_eval_split0_multiaccdoa_foa_20260902122653_test,evaluation,/work/zhanghc/Myllm/SELD/experiment_completion_20260904/results/motion_evaluation/motion_stratified_runs.csv
Multi-ACCDOA,causal,C0,2027,paper_v1_completed,dynamic,200.0,84338.0,26872.0,53184.0,0.5181257521058965,0.3878986161251504,16.66901057378479,13.060295156747818,30.377169154741978,0.4691585272744685,0.3574536350067465,16.401035826542394,/work/zhanghc/Myllm/SELD/DynamicCausalMultiACCDOA_TAU2020/runs/results/35_paper_v1_C0_seed2027_eval_split0_multiaccdoa_foa_20260902122653_test,evaluation,/work/zhanghc/Myllm/SELD/experiment_completion_20260904/results/motion_evaluation/motion_stratified_runs.csv
Multi-ACCDOA,noncausal,A3_lambda005,2026,completion_three_seed,static,200.0,93972.0,27262.0,64036.0,0.5346992316821788,0.46839277906177773,12.799037043598474,9.5728303998219,22.18284276559418,0.48011557597969806,0.42810984662111146,12.15482744689632,/work/zhanghc/Myllm/SELD/DynamicCausalMultiACCDOA_TAU2020/runs/analysis/threshold_predictions/Completion_20260904_supplemental_v2_A3_lambda005_seed2026_evaluation_seed2026_evaluation_t050,evaluation,/work/zhanghc/Myllm/SELD/experiment_completion_20260904/results/motion_evaluation/motion_stratified_runs.csv
Multi-ACCDOA,noncausal,A3_lambda005,2026,completion_three_seed,dynamic,200.0,93972.0,27262.0,53184.0,0.6105219614921781,0.4658731949458484,15.889601382364555,12.663716184696561,29.775884537738136,0.534521788332442,0.41355645143671943,15.225508807629359,/work/zhanghc/Myllm/SELD/DynamicCausalMultiACCDOA_TAU2020/runs/analysis/threshold_predictions/Completion_20260904_supplemental_v2_A3_lambda005_seed2026_evaluation_seed2026_evaluation_t050,evaluation,/work/zhanghc/Myllm/SELD/experiment_completion_20260904/results/motion_evaluation/motion_stratified_runs.csv
Multi-ACCDOA,causal,C1_lambda005,2028,completion_three_seed,static,200.0,81568.0,25518.0,64036.0,0.44999687675682426,0.3895777375226435,12.835079389850657,10.1856753791215,22.0545961863265,0.380394074915147,0.33090583797863915,12.550321210764107,/work/zhanghc/Myllm/SELD/DynamicCausalMultiACCDOA_TAU2020/runs/analysis/threshold_predictions/Completion_20260904_promoted_v2_C1_lambda005_seed2028_evaluation_seed2028_evaluation_t050,evaluation,/work/zhanghc/Myllm/SELD/experiment_completion_20260904/results/motion_evaluation/motion_stratified_runs.csv
Multi-ACCDOA,causal,C1_lambda005,2028,completion_three_seed,dynamic,200.0,81568.0,25518.0,53184.0,0.5120712996389891,0.3852850481347774,16.512659029821283,13.238137654371204,29.058854395237578,0.45280683588599263,0.344119183257485,16.677281616710758,/work/zhanghc/Myllm/SELD/DynamicCausalMultiACCDOA_TAU2020/runs/analysis/threshold_predictions/Completion_20260904_promoted_v2_C1_lambda005_seed2028_evaluation_seed2028_evaluation_t050,evaluation,/work/zhanghc/Myllm/SELD/experiment_completion_20260904/results/motion_evaluation/motion_stratified_runs.csv
Multi-ACCDOA,causal,C1_lambda005,2027,completion_three_seed,static,200.0,81640.0,26783.0,64036.0,0.43894059591479795,0.3784121431694672,13.732428088731915,10.792480708454736,22.60176503011067,0.3686240261953956,0.32218157214699455,13.488342159640617,/work/zhanghc/Myllm/SELD/DynamicCausalMultiACCDOA_TAU2020/runs/analysis/threshold_predictions/Completion_20260904_promoted_v2_C1_lambda005_seed2027_evaluation_seed2027_evaluation_t050,evaluation,/work/zhanghc/Myllm/SELD/experiment_completion_20260904/results/motion_evaluation/motion_stratified_runs.csv
Multi-ACCDOA,causal,C1_lambda005,2027,completion_three_seed,dynamic,200.0,81640.0,26783.0,53184.0,0.5029520156438027,0.3794750300842359,16.532913592826855,12.80109438198865,29.65308018058097,0.4412974191098625,0.33884655951390874,16.633076566387512,/work/zhanghc/Myllm/SELD/DynamicCausalMultiACCDOA_TAU2020/runs/analysis/threshold_predictions/Completion_20260904_promoted_v2_C1_lambda005_seed2027_evaluation_seed2027_evaluation_t050,evaluation,/work/zhanghc/Myllm/SELD/experiment_completion_20260904/results/motion_evaluation/motion_stratified_runs.csv
Multi-ACCDOA,noncausal,A0,2027,paper_v1_completed,static,200.0,97023.0,26275.0,64036.0,0.5765506902367419,0.49489349740770816,12.758309034303709,9.691671294927334,22.555874760130923,0.5152960338467993,0.4512651114159077,12.314806459965103,/work/zhanghc/Myllm/SELD/DynamicCausalMultiACCDOA_TAU2020/runs/results/32_paper_v1_A0_seed2027_eval_split0_multiaccdoa_foa_20260902103752_test,evaluation,/work/zhanghc/Myllm/SELD/experiment_completion_20260904/results/motion_evaluation/motion_stratified_runs.csv
Multi-ACCDOA,noncausal,A0,2027,paper_v1_completed,dynamic,200.0,97023.0,26275.0,53184.0,0.6360559566787004,0.47228489771359805,17.309685989762677,12.900419731599849,30.752326368850436,0.5560517823505239,0.4259485387031807,15.560121000126781,/work/zhanghc/Myllm/SELD/DynamicCausalMultiACCDOA_TAU2020/runs/results/32_paper_v1_A0_seed2027_eval_split0_multiaccdoa_foa_20260902103752_test,evaluation,/work/zhanghc/Myllm/SELD/experiment_completion_20260904/results/motion_evaluation/motion_stratified_runs.csv
Multi-ACCDOA,noncausal,A0,2028,paper_v1_completed,static,200.0,95402.0,26361.0,64036.0,0.5703510525329503,0.5068867512024486,12.136427536222284,9.102110382071055,20.756419405672343,0.545350803273886,0.4892490748837281,12.048097812110422,/work/zhanghc/Myllm/SELD/DynamicCausalMultiACCDOA_TAU2020/runs/results/32_paper_v1_A0_seed2028_eval_split0_multiaccdoa_foa_20260902113350_test,evaluation,/work/zhanghc/Myllm/SELD/experiment_completion_20260904/results/motion_evaluation/motion_stratified_runs.csv
Multi-ACCDOA,noncausal,A0,2028,paper_v1_completed,dynamic,200.0,95402.0,26361.0,53184.0,0.6114244885679904,0.4603828219013237,16.574906844800402,12.620743802728565,31.047891327302953,0.5358878823563121,0.41207630405326,15.754804923870593,/work/zhanghc/Myllm/SELD/DynamicCausalMultiACCDOA_TAU2020/runs/results/32_paper_v1_A0_seed2028_eval_split0_multiaccdoa_foa_20260902113350_test,evaluation,/work/zhanghc/Myllm/SELD/experiment_completion_20260904/results/motion_evaluation/motion_stratified_runs.csv
Multi-ACCDOA,causal,C2_lambda005,2028,completion_three_seed,static,200.0,85609.0,28827.0,64036.0,0.45908551439815104,0.4075676182147542,12.39093984976404,9.902657243523008,20.850451912152987,0.3908616484839117,0.351485007179046,12.382731586067802,/work/zhanghc/Myllm/SELD/DynamicCausalMultiACCDOA_TAU2020/runs/analysis/threshold_predictions/Completion_20260904_promoted_v2_C2_lambda005_seed2028_evaluation_seed2028_evaluation_t050,evaluation,/work/zhanghc/Myllm/SELD/experiment_completion_20260904/results/motion_evaluation/motion_stratified_runs.csv
Multi-ACCDOA,causal,C2_lambda005,2028,completion_three_seed,dynamic,200.0,85609.0,28827.0,53184.0,0.5148916967509025,0.3911702767749699,16.246465592624727,12.329224630585024,30.446772460835565,0.4483206546070486,0.345728405632,15.904839782998586,/work/zhanghc/Myllm/SELD/DynamicCausalMultiACCDOA_TAU2020/runs/analysis/threshold_predictions/Completion_20260904_promoted_v2_C2_lambda005_seed2028_evaluation_seed2028_evaluation_t050,evaluation,/work/zhanghc/Myllm/SELD/experiment_completion_20260904/results/motion_evaluation/motion_stratified_runs.csv
Multi-ACCDOA,causal,C0,2028,paper_v1_completed,static,200.0,83350.0,27878.0,64036.0,0.452901492910238,0.3964801049409707,13.29985246866112,10.247366312572026,21.820819597350255,0.3956092797282621,0.35338075610075464,12.83630507107377,/work/zhanghc/Myllm/SELD/DynamicCausalMultiACCDOA_TAU2020/runs/results/35_paper_v1_C0_seed2028_eval_split0_multiaccdoa_foa_20260902131803_test,evaluation,/work/zhanghc/Myllm/SELD/experiment_completion_20260904/results/motion_evaluation/motion_stratified_runs.csv
Multi-ACCDOA,causal,C0,2028,paper_v1_completed,dynamic,200.0,83350.0,27878.0,53184.0,0.4977060770156438,0.3782152527075812,15.964559800885267,12.894263651441968,29.34989919154723,0.43399956443133764,0.3344337906058519,15.507872102861816,/work/zhanghc/Myllm/SELD/DynamicCausalMultiACCDOA_TAU2020/runs/results/35_paper_v1_C0_seed2028_eval_split0_multiaccdoa_foa_20260902131803_test,evaluation,/work/zhanghc/Myllm/SELD/experiment_completion_20260904/results/motion_evaluation/motion_stratified_runs.csv
Multi-ACCDOA,causal,C0,2026,paper_v1_completed,static,200.0,84940.0,26705.0,64036.0,0.4653632331813355,0.415063401836467,12.14096786925043,9.634331902516054,20.639537475460095,0.39518692190791604,0.3524056578223844,12.324270888358736,/work/zhanghc/Myllm/SELD/DynamicCausalMultiACCDOA_TAU2020/runs/results/35_paper_v1_C0_seed2026_eval_split0_multiaccdoa_foa_20260902095315_test,evaluation,/work/zhanghc/Myllm/SELD/experiment_completion_20260904/results/motion_evaluation/motion_stratified_runs.csv
Multi-ACCDOA,causal,C0,2026,paper_v1_completed,dynamic,200.0,84940.0,26705.0,53184.0,0.5346532791817088,0.4010604693140794,16.648013302990936,12.672145504058953,30.22185450388173,0.4626867925698695,0.3490325932197004,17.1397028065312,/work/zhanghc/Myllm/SELD/DynamicCausalMultiACCDOA_TAU2020/runs/results/35_paper_v1_C0_seed2026_eval_split0_multiaccdoa_foa_20260902095315_test,evaluation,/work/zhanghc/Myllm/SELD/experiment_completion_20260904/results/motion_evaluation/motion_stratified_runs.csv
Multi-ACCDOA,causal,C1_lambda005,2026,completion_three_seed,static,200.0,84501.0,27000.0,64036.0,0.4545411955774877,0.3987913048909988,12.757139867396448,10.307758011960162,21.39913311638492,0.4036400612395699,0.35622269137188844,12.930049978251365,/work/zhanghc/Myllm/SELD/DynamicCausalMultiACCDOA_TAU2020/runs/analysis/threshold_predictions/Completion_20260904_pilot_v2_C1_lambda005_seed2026_evaluation_seed2026_evaluation_t050,evaluation,/work/zhanghc/Myllm/SELD/experiment_completion_20260904/results/motion_evaluation/motion_stratified_runs.csv
Multi-ACCDOA,causal,C1_lambda005,2026,completion_three_seed,dynamic,200.0,84501.0,27000.0,53184.0,0.5338823706377858,0.41138312274368233,16.238309523841014,12.35574990355828,29.78373463546162,0.4758403859384584,0.3623628851752379,16.848227630451625,/work/zhanghc/Myllm/SELD/DynamicCausalMultiACCDOA_TAU2020/runs/analysis/threshold_predictions/Completion_20260904_pilot_v2_C1_lambda005_seed2026_evaluation_seed2026_evaluation_t050,evaluation,/work/zhanghc/Myllm/SELD/experiment_completion_20260904/results/motion_evaluation/motion_stratified_runs.csv
Multi-ACCDOA,causal,C3_lambda005,2027,completion_three_seed,static,200.0,81071.0,27430.0,64036.0,0.4301330501592854,0.3768192891498532,12.716656482309848,10.064836710409049,21.550058477140432,0.37877626966086775,0.33166258172378654,13.200999113544219,/work/zhanghc/Myllm/SELD/DynamicCausalMultiACCDOA_TAU2020/runs/analysis/threshold_predictions/Completion_20260904_supplemental_v2_C3_lambda005_seed2027_evaluation_seed2027_evaluation_t050,evaluation,/work/zhanghc/Myllm/SELD/experiment_completion_20260904/results/motion_evaluation/motion_stratified_runs.csv
Multi-ACCDOA,causal,C3_lambda005,2027,completion_three_seed,dynamic,200.0,81071.0,27430.0,53184.0,0.4906926895306859,0.38836868231046934,15.027715129627504,11.9273344151945,26.943390644443358,0.4406421756800127,0.34899361882306085,15.49960135469668,/work/zhanghc/Myllm/SELD/DynamicCausalMultiACCDOA_TAU2020/runs/analysis/threshold_predictions/Completion_20260904_supplemental_v2_C3_lambda005_seed2027_evaluation_seed2027_evaluation_t050,evaluation,/work/zhanghc/Myllm/SELD/experiment_completion_20260904/results/motion_evaluation/motion_stratified_runs.csv
Multi-ACCDOA,causal,C3_lambda005,2028,completion_three_seed,static,200.0,79966.0,26521.0,64036.0,0.42485476919232934,0.3793334999063027,11.894953079727003,9.747971789756377,20.505218431365275,0.36203653299519706,0.32406404494376756,12.055341226946041,/work/zhanghc/Myllm/SELD/DynamicCausalMultiACCDOA_TAU2020/runs/analysis/threshold_predictions/Completion_20260904_supplemental_v2_C3_lambda005_seed2028_evaluation_seed2028_evaluation_t050,evaluation,/work/zhanghc/Myllm/SELD/experiment_completion_20260904/results/motion_evaluation/motion_stratified_runs.csv
Multi-ACCDOA,causal,C3_lambda005,2028,completion_three_seed,dynamic,200.0,79966.0,26521.0,53184.0,0.4933626654632972,0.38962845968712395,15.079846579561718,11.985155193955032,27.42166539365339,0.42780440321910024,0.34031512074811165,14.99800714354049,/work/zhanghc/Myllm/SELD/DynamicCausalMultiACCDOA_TAU2020/runs/analysis/threshold_predictions/Completion_20260904_supplemental_v2_C3_lambda005_seed2028_evaluation_seed2028_evaluation_t050,evaluation,/work/zhanghc/Myllm/SELD/experiment_completion_20260904/results/motion_evaluation/motion_stratified_runs.csv
Multi-ACCDOA,noncausal,A3_lambda005,2027,completion_three_seed,static,200.0,96552.0,27793.0,64036.0,0.5637610094321944,0.4853363732900244,13.072801584440008,10.035602423307026,23.016199188996,0.5072556978529816,0.4446075235989931,12.522971902542308,/work/zhanghc/Myllm/SELD/DynamicCausalMultiACCDOA_TAU2020/runs/analysis/threshold_predictions/Completion_20260904_supplemental_v2_A3_lambda005_seed2027_evaluation_seed2027_evaluation_t050,evaluation,/work/zhanghc/Myllm/SELD/experiment_completion_20260904/results/motion_evaluation/motion_stratified_runs.csv
Multi-ACCDOA,noncausal,A3_lambda005,2027,completion_three_seed,dynamic,200.0,96552.0,27793.0,53184.0,0.6140568592057761,0.465365523465704,16.655778650522272,12.478613297539331,31.213764010901617,0.5368028303208591,0.4148264487850868,15.59269536817712,/work/zhanghc/Myllm/SELD/DynamicCausalMultiACCDOA_TAU2020/runs/analysis/threshold_predictions/Completion_20260904_supplemental_v2_A3_lambda005_seed2027_evaluation_seed2027_evaluation_t050,evaluation,/work/zhanghc/Myllm/SELD/experiment_completion_20260904/results/motion_evaluation/motion_stratified_runs.csv
Multi-ACCDOA,noncausal,A3_lambda005,2028,completion_three_seed,static,200.0,93654.0,25136.0,64036.0,0.5566556312074458,0.4891935786120307,12.354705404608683,9.628346848356042,21.40530640171461,0.4999694357627119,0.4415135309651246,12.540588287438007,/work/zhanghc/Myllm/SELD/DynamicCausalMultiACCDOA_TAU2020/runs/analysis/threshold_predictions/Completion_20260904_supplemental_v2_A3_lambda005_seed2028_evaluation_seed2028_evaluation_t050,evaluation,/work/zhanghc/Myllm/SELD/experiment_completion_20260904/results/motion_evaluation/motion_stratified_runs.csv
Multi-ACCDOA,noncausal,A3_lambda005,2028,completion_three_seed,dynamic,200.0,93654.0,25136.0,53184.0,0.6180806257521059,0.460514440433213,16.297562127513395,13.059318189909982,29.655052505070532,0.5345170877286216,0.40848901187594017,15.620845176911423,/work/zhanghc/Myllm/SELD/DynamicCausalMultiACCDOA_TAU2020/runs/analysis/threshold_predictions/Completion_20260904_supplemental_v2_A3_lambda005_seed2028_evaluation_seed2028_evaluation_t050,evaluation,/work/zhanghc/Myllm/SELD/experiment_completion_20260904/results/motion_evaluation/motion_stratified_runs.csv
EINV2,causal,C0.1,2026,completion_three_seed,static,200.0,99765.0,29339.0,64036.0,0.5817665063401837,0.5310138047348366,12.015044621690112,7.758152394455001,18.638100563509067,0.5758803524873085,0.5335389738818063,11.236392768198094,/work/zhanghc/Myllm/SELD/EINV2/C0p1_CausalEINV2_fix_seed2026/out_infer/ein_seld/Completion_20260904_EINV2_C0_bestfix_seed2026_evaluation/submissions,evaluation,/work/zhanghc/Myllm/SELD/experiment_completion_20260904/results/motion_evaluation/motion_stratified_runs.csv
EINV2,causal,C0.1,2026,completion_three_seed,dynamic,200.0,99765.0,29339.0,53184.0,0.6237214199759326,0.5371916365824309,14.977804662435716,8.56384188844273,26.029963198365618,0.5508399657083597,0.4844723497709376,13.433047166798158,/work/zhanghc/Myllm/SELD/EINV2/C0p1_CausalEINV2_fix_seed2026/out_infer/ein_seld/Completion_20260904_EINV2_C0_bestfix_seed2026_evaluation/submissions,evaluation,/work/zhanghc/Myllm/SELD/experiment_completion_20260904/results/motion_evaluation/motion_stratified_runs.csv
EINV2,causal,C0.1,2027,completion_three_seed,static,200.0,101838.0,31738.0,64036.0,0.5854207008557686,0.545833593603598,10.832544731529751,7.999999999999981,17.104427807999485,0.5695197471199037,0.53770019623284,10.086628260921499,/work/zhanghc/Myllm/SELD/EINV2/C0p1_CausalEINV2_fix_seed2026/out_infer/ein_seld/Completion_20260904_EINV2_C0_bestfix_seed2027_evaluation/submissions,evaluation,/work/zhanghc/Myllm/SELD/experiment_completion_20260904/results/motion_evaluation/motion_stratified_runs.csv
EINV2,causal,C0.1,2027,completion_three_seed,dynamic,200.0,101838.0,31738.0,53184.0,0.6131919374247894,0.5538883874849578,12.329360293147777,8.472982606062184,19.58324288790733,0.5390215517470551,0.4939722915768608,11.563725140444214,/work/zhanghc/Myllm/SELD/EINV2/C0p1_CausalEINV2_fix_seed2026/out_infer/ein_seld/Completion_20260904_EINV2_C0_bestfix_seed2027_evaluation/submissions,evaluation,/work/zhanghc/Myllm/SELD/experiment_completion_20260904/results/motion_evaluation/motion_stratified_runs.csv
EINV2,causal,C0.1,2028,completion_three_seed,static,200.0,94228.0,23002.0,64036.0,0.5968361546630021,0.5398681991379849,11.987702162695806,7.61282920169981,19.412672526938586,0.581688677953382,0.5303569763897444,11.684118691820062,/work/zhanghc/Myllm/SELD/EINV2/C0p1_CausalEINV2_fix_seed2026/out_infer/ein_seld/Completion_20260904_EINV2_C0_bestfix_seed2028_evaluation/submissions,evaluation,/work/zhanghc/Myllm/SELD/experiment_completion_20260904/results/motion_evaluation/motion_stratified_runs.csv
EINV2,causal,C0.1,2028,completion_three_seed,dynamic,200.0,94228.0,23002.0,53184.0,0.6206189831528279,0.5400120336943441,13.828378051118927,8.530202856941793,23.09201822310082,0.5437587419185461,0.4761235122944025,13.459532548482288,/work/zhanghc/Myllm/SELD/EINV2/C0p1_CausalEINV2_fix_seed2026/out_infer/ein_seld/Completion_20260904_EINV2_C0_bestfix_seed2028_evaluation/submissions,evaluation,/work/zhanghc/Myllm/SELD/experiment_completion_20260904/results/motion_evaluation/motion_stratified_runs.csv
EINV2,causal,C1,2026,completion_three_seed,static,200.0,98003.0,28932.0,64036.0,0.580126803672934,0.525470048097945,12.786476027620159,8.804684256223172,19.576211773506433,0.5746466034160373,0.527443075542466,12.126133569592922,/work/zhanghc/Myllm/SELD/EINV2/C1_CausalEINV2_Velocity_seed2026/out_infer/ein_seld/Completion_20260904_C1_CausalEINV2_Velocity_seed2026_evaluation/submissions,evaluation,/work/zhanghc/Myllm/SELD/experiment_completion_20260904/results/motion_evaluation/motion_stratified_runs.csv
EINV2,causal,C1,2026,completion_three_seed,dynamic,200.0,98003.0,28932.0,53184.0,0.600218110709988,0.5134814981949458,15.345939758720057,9.484950586748852,25.433892264787545,0.525084289501851,0.45704295067053535,14.05906817134182,/work/zhanghc/Myllm/SELD/EINV2/C1_CausalEINV2_Velocity_seed2026/out_infer/ein_seld/Completion_20260904_C1_CausalEINV2_Velocity_seed2026_evaluation/submissions,evaluation,/work/zhanghc/Myllm/SELD/experiment_completion_20260904/results/motion_evaluation/motion_stratified_runs.csv
EINV2,causal,C1,2027,completion_three_seed,static,200.0,100635.0,29091.0,64036.0,0.60045911674683,0.5351677181585358,13.761504621809701,9.055166063065103,21.023482921063827,0.5819541590102839,0.5280796515475188,12.748000231868975,/work/zhanghc/Myllm/SELD/EINV2/C1_CausalEINV2_Velocity_seed2026/out_infer/ein_seld/Completion_20260904_C1_CausalEINV2_Velocity_seed2027_evaluation/submissions,evaluation,/work/zhanghc/Myllm/SELD/experiment_completion_20260904/results/motion_evaluation/motion_stratified_runs.csv
EINV2,causal,C1,2027,completion_three_seed,dynamic,200.0,100635.0,29091.0,53184.0,0.6222360108303249,0.5367403730445247,15.597841742025173,9.48553067000459,24.591910608074933,0.5349991512404781,0.47084417504289916,13.873071320658422,/work/zhanghc/Myllm/SELD/EINV2/C1_CausalEINV2_Velocity_seed2026/out_infer/ein_seld/Completion_20260904_C1_CausalEINV2_Velocity_seed2027_evaluation/submissions,evaluation,/work/zhanghc/Myllm/SELD/experiment_completion_20260904/results/motion_evaluation/motion_stratified_runs.csv
EINV2,causal,C1,2028,completion_three_seed,static,200.0,104568.0,35955.0,64036.0,0.5793147604472484,0.5376350802673496,11.317162068063938,7.614631845287194,17.25110686536391,0.5548182971303836,0.5204448316326516,10.471096361472998,/work/zhanghc/Myllm/SELD/EINV2/C1_CausalEINV2_Velocity_seed2026/out_infer/ein_seld/Completion_20260904_C1_CausalEINV2_Velocity_seed2028_evaluation/submissions,evaluation,/work/zhanghc/Myllm/SELD/experiment_completion_20260904/results/motion_evaluation/motion_stratified_runs.csv
EINV2,causal,C1,2028,completion_three_seed,dynamic,200.0,104568.0,35955.0,53184.0,0.5925842358604091,0.5340891997593261,12.507588458438356,8.061769243515062,19.80073838657525,0.5079816065152252,0.46360531721726317,11.721415558977746,/work/zhanghc/Myllm/SELD/EINV2/C1_CausalEINV2_Velocity_seed2026/out_infer/ein_seld/Completion_20260904_C1_CausalEINV2_Velocity_seed2028_evaluation/submissions,evaluation,/work/zhanghc/Myllm/SELD/experiment_completion_20260904/results/motion_evaluation/motion_stratified_runs.csv
EINV2,causal,C2,2026,completion_three_seed,static,200.0,98259.0,27766.0,64036.0,0.5923074520582172,0.5318258479605222,13.152157037691437,8.79820758178601,20.0982445497143,0.5877119845586531,0.537121099042083,12.233775260836708,/work/zhanghc/Myllm/SELD/EINV2/C2_CausalEINV2_JEPA_seed2026/out_infer/ein_seld/Completion_20260904_C2_CausalEINV2_JEPA_seed2026_evaluation/submissions,evaluation,/work/zhanghc/Myllm/SELD/experiment_completion_20260904/results/motion_evaluation/motion_stratified_runs.csv
EINV2,causal,C2,2026,completion_three_seed,dynamic,200.0,98259.0,27766.0,53184.0,0.6122894103489771,0.5208145306859205,15.495549746975504,9.795893165220381,25.319925117723503,0.550760362375157,0.47872749505390977,14.135341580634318,/work/zhanghc/Myllm/SELD/EINV2/C2_CausalEINV2_JEPA_seed2026/out_infer/ein_seld/Completion_20260904_C2_CausalEINV2_JEPA_seed2026_evaluation/submissions,evaluation,/work/zhanghc/Myllm/SELD/experiment_completion_20260904/results/motion_evaluation/motion_stratified_runs.csv
EINV2,causal,C2,2027,completion_three_seed,static,200.0,98199.0,30109.0,64036.0,0.5724748578924355,0.5305609344743581,10.992653466785097,8.535293681382145,17.695331675294863,0.5518632433634225,0.5177770189858133,10.292735699637467,/work/zhanghc/Myllm/SELD/EINV2/C2_CausalEINV2_JEPA_seed2026/out_infer/ein_seld/Completion_20260904_C2_CausalEINV2_JEPA_seed2027_evaluation/submissions,evaluation,/work/zhanghc/Myllm/SELD/experiment_completion_20260904/results/motion_evaluation/motion_stratified_runs.csv
EINV2,causal,C2,2027,completion_three_seed,dynamic,200.0,98199.0,30109.0,53184.0,0.5909860108303249,0.5358566486161251,12.565144872718957,8.93298767717458,19.249641180686748,0.5071859378668483,0.4670069434348066,11.397185188344329,/work/zhanghc/Myllm/SELD/EINV2/C2_CausalEINV2_JEPA_seed2026/out_infer/ein_seld/Completion_20260904_C2_CausalEINV2_JEPA_seed2027_evaluation/submissions,evaluation,/work/zhanghc/Myllm/SELD/experiment_completion_20260904/results/motion_evaluation/motion_stratified_runs.csv
EINV2,causal,C2,2028,completion_three_seed,static,200.0,97078.0,28449.0,64036.0,0.5804391279905053,0.5061215566243987,13.993991420801446,11.09100229285345,21.372071244468334,0.5623908935165283,0.49533085122908826,13.128248218676283,/work/zhanghc/Myllm/SELD/EINV2/C2_CausalEINV2_JEPA_seed2026/out_infer/ein_seld/Completion_20260904_C2_CausalEINV2_JEPA_seed2028_evaluation/submissions,evaluation,/work/zhanghc/Myllm/SELD/experiment_completion_20260904/results/motion_evaluation/motion_stratified_runs.csv
EINV2,causal,C2,2028,completion_three_seed,dynamic,200.0,97078.0,28449.0,53184.0,0.5915312876052948,0.5060544524669074,14.77620582452683,10.197540915399996,23.988623052851047,0.5293577472526739,0.460506721066548,13.806017265161502,/work/zhanghc/Myllm/SELD/EINV2/C2_CausalEINV2_JEPA_seed2026/out_infer/ein_seld/Completion_20260904_C2_CausalEINV2_JEPA_seed2028_evaluation/submissions,evaluation,/work/zhanghc/Myllm/SELD/experiment_completion_20260904/results/motion_evaluation/motion_stratified_runs.csv
EINV2,causal,C3,2026,completion_three_seed,static,200.0,98807.0,28736.0,64036.0,0.5901367980510963,0.5503154475607471,11.289546370370402,8.000000000000071,17.19016318576301,0.5618734710701931,0.5305855604927635,10.266551773740701,/work/zhanghc/Myllm/SELD/EINV2/C3_CausalEINV2_Velocity_JEPA_seed2026/out_infer/ein_seld/Completion_20260904_C3_CausalEINV2_Velocity_JEPA_seed2026_evaluation/submissions,evaluation,/work/zhanghc/Myllm/SELD/experiment_completion_20260904/results/motion_evaluation/motion_stratified_runs.csv
EINV2,causal,C3,2026,completion_three_seed,dynamic,200.0,98807.0,28736.0,53184.0,0.6069682611311673,0.5442426293622142,13.031548005152827,8.815929676539936,20.22624757602068,0.5284472659122323,0.4812437019000467,12.139747444601289,/work/zhanghc/Myllm/SELD/EINV2/C3_CausalEINV2_Velocity_JEPA_seed2026/out_infer/ein_seld/Completion_20260904_C3_CausalEINV2_Velocity_JEPA_seed2026_evaluation/submissions,evaluation,/work/zhanghc/Myllm/SELD/experiment_completion_20260904/results/motion_evaluation/motion_stratified_runs.csv
EINV2,causal,C3,2027,completion_three_seed,static,200.0,103228.0,32088.0,64036.0,0.6051283652945219,0.5622150040602162,11.245614300827143,8.405524559146546,17.43490941293127,0.5876009669089947,0.553291383688271,10.429455312271722,/work/zhanghc/Myllm/SELD/EINV2/C3_CausalEINV2_Velocity_JEPA_seed2026/out_infer/ein_seld/Completion_20260904_C3_CausalEINV2_Velocity_JEPA_seed2027_evaluation/submissions,evaluation,/work/zhanghc/Myllm/SELD/experiment_completion_20260904/results/motion_evaluation/motion_stratified_runs.csv
EINV2,causal,C3,2027,completion_three_seed,dynamic,200.0,103228.0,32088.0,53184.0,0.6090177496991577,0.5415538507821901,12.885575936342104,9.199095972698872,20.971430244190717,0.5382817726801299,0.48794388840302655,11.967563010441722,/work/zhanghc/Myllm/SELD/EINV2/C3_CausalEINV2_Velocity_JEPA_seed2026/out_infer/ein_seld/Completion_20260904_C3_CausalEINV2_Velocity_JEPA_seed2027_evaluation/submissions,evaluation,/work/zhanghc/Myllm/SELD/experiment_completion_20260904/results/motion_evaluation/motion_stratified_runs.csv
EINV2,causal,C3,2028,completion_three_seed,static,200.0,99492.0,31144.0,64036.0,0.5738022362421138,0.5254388156661878,11.288061720348736,8.05989127118362,18.77564077889259,0.5578013721867754,0.5168149722634116,10.946671489940341,/work/zhanghc/Myllm/SELD/EINV2/C3_CausalEINV2_Velocity_JEPA_seed2026/out_infer/ein_seld/Completion_20260904_C3_CausalEINV2_Velocity_JEPA_seed2028_evaluation/submissions,evaluation,/work/zhanghc/Myllm/SELD/experiment_completion_20260904/results/motion_evaluation/motion_stratified_runs.csv
EINV2,causal,C3,2028,completion_three_seed,dynamic,200.0,99492.0,31144.0,53184.0,0.5942388688327317,0.5279031287605295,13.18471278088898,9.054326877143914,21.091789251209246,0.5367633536734114,0.4865135251248852,12.123600056888803,/work/zhanghc/Myllm/SELD/EINV2/C3_CausalEINV2_Velocity_JEPA_seed2026/out_infer/ein_seld/Completion_20260904_C3_CausalEINV2_Velocity_JEPA_seed2028_evaluation/submissions,evaluation,/work/zhanghc/Myllm/SELD/experiment_completion_20260904/results/motion_evaluation/motion_stratified_runs.csv
EINV2,noncausal,E0,2026,archived_single_seed,static,200.0,101612.0,17518.0,64036.0,0.7119745143356861,0.6803829096133425,8.261771630147605,6.075839074526685,13.588779403963864,0.723605055985938,0.6959534868774052,8.147506567487486,/work/zhanghc/Myllm/SELD/EINV2/C0p1_CausalEINV2_fix_seed2026/out_infer/ein_seld/Eval_Pilot_E0_best_seed2026/submissions,evaluation,/work/zhanghc/Myllm/SELD/experiment_completion_20260904/results/motion_evaluation/motion_stratified_runs.csv
EINV2,noncausal,E0,2026,archived_single_seed,dynamic,200.0,101612.0,17518.0,53184.0,0.7239395306859205,0.6704836040914561,10.285459423517729,7.05782900844748,17.1018336417187,0.671940076682237,0.6270448996935883,10.266267387502968,/work/zhanghc/Myllm/SELD/EINV2/C0p1_CausalEINV2_fix_seed2026/out_infer/ein_seld/Eval_Pilot_E0_best_seed2026/submissions,evaluation,/work/zhanghc/Myllm/SELD/experiment_completion_20260904/results/motion_evaluation/motion_stratified_runs.csv
EINV2,noncausal,E0,2027,completion_three_seed,static,200.0,102506.0,17493.0,64036.0,0.7153476169654569,0.6735586232744082,8.912625196795801,5.942311837665242,14.316158884211427,0.7213204857190094,0.6883353935912132,8.35636290846104,/work/zhanghc/Myllm/SELD/EINV2/C0p1_CausalEINV2_fix_seed2026/out_infer/ein_seld/Completion_20260904_E0_OfflineEINV2_seed2027_evaluation/submissions,evaluation,/work/zhanghc/Myllm/SELD/experiment_completion_20260904/results/motion_evaluation/motion_stratified_runs.csv
EINV2,noncausal,E0,2027,completion_three_seed,dynamic,200.0,102506.0,17493.0,53184.0,0.7371577918170878,0.6603677797833934,11.607176550924978,7.008672566920269,20.549703118159993,0.6697593866618101,0.6116195141132404,10.521085551111845,/work/zhanghc/Myllm/SELD/EINV2/C0p1_CausalEINV2_fix_seed2026/out_infer/ein_seld/Completion_20260904_E0_OfflineEINV2_seed2027_evaluation/submissions,evaluation,/work/zhanghc/Myllm/SELD/experiment_completion_20260904/results/motion_evaluation/motion_stratified_runs.csv
EINV2,noncausal,E0,2028,completion_three_seed,static,200.0,102222.0,17586.0,64036.0,0.7155350115559997,0.6818196014741708,8.658078114208706,5.381511417173161,14.29614135485287,0.7290239814123891,0.6995674270111061,8.401956712285202,/work/zhanghc/Myllm/SELD/EINV2/C0p1_CausalEINV2_fix_seed2026/out_infer/ein_seld/Completion_20260904_E0_OfflineEINV2_seed2028_evaluation/submissions,evaluation,/work/zhanghc/Myllm/SELD/experiment_completion_20260904/results/motion_evaluation/motion_stratified_runs.csv
EINV2,noncausal,E0,2028,completion_three_seed,dynamic,200.0,102222.0,17586.0,53184.0,0.7298435619735258,0.6636582430806257,10.861925960260123,6.700241446118091,19.01912048035649,0.6598148372254428,0.609916092281988,10.114675889510941,/work/zhanghc/Myllm/SELD/EINV2/C0p1_CausalEINV2_fix_seed2026/out_infer/ein_seld/Completion_20260904_E0_OfflineEINV2_seed2028_evaluation/submissions,evaluation,/work/zhanghc/Myllm/SELD/experiment_completion_20260904/results/motion_evaluation/motion_stratified_runs.csv
EINV2,noncausal,E1,2026,completion_three_seed,static,200.0,99539.0,16404.0,64036.0,0.6997314010868886,0.6631894559310388,8.30549067466058,5.652399686096694,13.614085875351371,0.7033811240408117,0.674504445853328,7.921577300716621,/work/zhanghc/Myllm/SELD/EINV2/E1_OfflineEINV2_Velocity_seed2026/out_infer/ein_seld/Completion_20260904_E1_OfflineEINV2_Velocity_seed2026_evaluation/submissions,evaluation,/work/zhanghc/Myllm/SELD/experiment_completion_20260904/results/motion_evaluation/motion_stratified_runs.csv
EINV2,noncausal,E1,2026,completion_three_seed,dynamic,200.0,99539.0,16404.0,53184.0,0.7206490673886883,0.6642411251504212,10.02144061203852,6.324266269575543,17.642527417114533,0.6502593932658649,0.6065463735217281,9.68859336929169,/work/zhanghc/Myllm/SELD/EINV2/E1_OfflineEINV2_Velocity_seed2026/out_infer/ein_seld/Completion_20260904_E1_OfflineEINV2_Velocity_seed2026_evaluation/submissions,evaluation,/work/zhanghc/Myllm/SELD/experiment_completion_20260904/results/motion_evaluation/motion_stratified_runs.csv
EINV2,noncausal,E1,2027,completion_three_seed,static,200.0,102135.0,16883.0,64036.0,0.7230776438253482,0.6829283528015492,9.016744431199458,5.999999999999965,15.030392090011834,0.7353956098171521,0.6998200375397114,8.745692432539027,/work/zhanghc/Myllm/SELD/EINV2/E1_OfflineEINV2_Velocity_seed2026/out_infer/ein_seld/Completion_20260904_E1_OfflineEINV2_Velocity_seed2027_evaluation/submissions,evaluation,/work/zhanghc/Myllm/SELD/experiment_completion_20260904/results/motion_evaluation/motion_stratified_runs.csv
EINV2,noncausal,E1,2027,completion_three_seed,dynamic,200.0,102135.0,16883.0,53184.0,0.7323443140794224,0.665030836341757,11.386514649175554,6.931716684729419,19.000000000000014,0.6737941806251788,0.6220587361920408,10.590765819600124,/work/zhanghc/Myllm/SELD/EINV2/E1_OfflineEINV2_Velocity_seed2026/out_infer/ein_seld/Completion_20260904_E1_OfflineEINV2_Velocity_seed2027_evaluation/submissions,evaluation,/work/zhanghc/Myllm/SELD/experiment_completion_20260904/results/motion_evaluation/motion_stratified_runs.csv
EINV2,noncausal,E1,2028,completion_three_seed,static,200.0,103271.0,16471.0,64036.0,0.7406458866887375,0.7052439252920233,8.287966748357597,5.654554720574264,13.336224425159463,0.7435992571254082,0.7151261839608851,7.9757999551012215,/work/zhanghc/Myllm/SELD/EINV2/E1_OfflineEINV2_Velocity_seed2026/out_infer/ein_seld/Completion_20260904_E1_OfflineEINV2_Velocity_seed2028_evaluation/submissions,evaluation,/work/zhanghc/Myllm/SELD/experiment_completion_20260904/results/motion_evaluation/motion_stratified_runs.csv
EINV2,noncausal,E1,2028,completion_three_seed,dynamic,200.0,103271.0,16471.0,53184.0,0.740297833935018,0.6808062575210589,10.34047198125751,6.321858957849579,17.331779262830135,0.6722789254601031,0.6274396425804655,9.614956323203648,/work/zhanghc/Myllm/SELD/EINV2/E1_OfflineEINV2_Velocity_seed2026/out_infer/ein_seld/Completion_20260904_E1_OfflineEINV2_Velocity_seed2028_evaluation/submissions,evaluation,/work/zhanghc/Myllm/SELD/experiment_completion_20260904/results/motion_evaluation/motion_stratified_runs.csv
EINV2,noncausal,E2,2026,completion_three_seed,static,200.0,101698.0,17762.0,64036.0,0.7102254981572865,0.6702167530763945,9.67399443202116,7.2756619002192435,15.511639903260853,0.7152658521235958,0.6824898465812216,9.215791778098648,/work/zhanghc/Myllm/SELD/EINV2/E2_OfflineEINV2_JEPAConsistency_seed2026/out_infer/ein_seld/Completion_20260904_E2_OfflineEINV2_JEPAConsistency_seed2026_evaluation/submissions,evaluation,/work/zhanghc/Myllm/SELD/experiment_completion_20260904/results/motion_evaluation/motion_stratified_runs.csv
EINV2,noncausal,E2,2026,completion_three_seed,dynamic,200.0,101698.0,17762.0,53184.0,0.7230746089049338,0.6559491576413959,11.793274678707801,8.494911522512444,19.17352124338464,0.6621597721766942,0.6080494889987828,11.433237682034244,/work/zhanghc/Myllm/SELD/EINV2/E2_OfflineEINV2_JEPAConsistency_seed2026/out_infer/ein_seld/Completion_20260904_E2_OfflineEINV2_JEPAConsistency_seed2026_evaluation/submissions,evaluation,/work/zhanghc/Myllm/SELD/experiment_completion_20260904/results/motion_evaluation/motion_stratified_runs.csv
EINV2,noncausal,E2,2027,completion_three_seed,static,200.0,99902.0,16843.0,64036.0,0.7052751577237804,0.6694984071459804,8.446666710308143,6.017626427381204,13.692753721201942,0.7155993328985287,0.6843879677183836,8.236536914205809,/work/zhanghc/Myllm/SELD/EINV2/E2_OfflineEINV2_JEPAConsistency_seed2026/out_infer/ein_seld/Completion_20260904_E2_OfflineEINV2_JEPAConsistency_seed2027_evaluation/submissions,evaluation,/work/zhanghc/Myllm/SELD/experiment_completion_20260904/results/motion_evaluation/motion_stratified_runs.csv
EINV2,noncausal,E2,2027,completion_three_seed,dynamic,200.0,99902.0,16843.0,53184.0,0.7125451263537906,0.6479580324909747,11.215050024314438,6.9292554867593665,18.57348327325591,0.6580411792091638,0.6077569406569346,10.635285895806652,/work/zhanghc/Myllm/SELD/EINV2/E2_OfflineEINV2_JEPAConsistency_seed2026/out_infer/ein_seld/Completion_20260904_E2_OfflineEINV2_JEPAConsistency_seed2027_evaluation/submissions,evaluation,/work/zhanghc/Myllm/SELD/experiment_completion_20260904/results/motion_evaluation/motion_stratified_runs.csv
EINV2,noncausal,E2,2028,completion_three_seed,static,200.0,100573.0,15660.0,64036.0,0.7129895683677931,0.6540852020738335,11.163490133584059,6.881463221246872,17.48378820568784,0.7192291043910195,0.67006143597911,10.40742702572422,/work/zhanghc/Myllm/SELD/EINV2/E2_OfflineEINV2_JEPAConsistency_seed2026/out_infer/ein_seld/Completion_20260904_E2_OfflineEINV2_JEPAConsistency_seed2028_evaluation/submissions,evaluation,/work/zhanghc/Myllm/SELD/experiment_completion_20260904/results/motion_evaluation/motion_stratified_runs.csv
EINV2,noncausal,E2,2028,completion_three_seed,dynamic,200.0,100573.0,15660.0,53184.0,0.7381167268351384,0.6476759927797834,13.41453674032778,8.06009530299344,22.59303688110233,0.6758288180868661,0.6019039030753247,12.75622796789801,/work/zhanghc/Myllm/SELD/EINV2/E2_OfflineEINV2_JEPAConsistency_seed2026/out_infer/ein_seld/Completion_20260904_E2_OfflineEINV2_JEPAConsistency_seed2028_evaluation/submissions,evaluation,/work/zhanghc/Myllm/SELD/experiment_completion_20260904/results/motion_evaluation/motion_stratified_runs.csv
EINV2,noncausal,E3,2026,completion_three_seed,static,200.0,102462.0,18863.0,64036.0,0.710569054906615,0.6774002123805359,8.352202951819798,6.082662313855276,13.679738541596246,0.7175348958793809,0.6912144216831252,8.104300014235038,/work/zhanghc/Myllm/SELD/EINV2/E3_OfflineEINV2_Velocity_JEPAConsistency_seed2026/out_infer/ein_seld/Completion_20260904_E3_OfflineEINV2_Velocity_JEPAConsistency_seed2026_evaluation/submissions,evaluation,/work/zhanghc/Myllm/SELD/experiment_completion_20260904/results/motion_evaluation/motion_stratified_runs.csv
EINV2,noncausal,E3,2026,completion_three_seed,dynamic,200.0,102462.0,18863.0,53184.0,0.7163244584837545,0.6616839651022864,10.381940592037099,7.063340569456719,17.19369769905694,0.6701763703676435,0.6257597864602641,10.141822210731455,/work/zhanghc/Myllm/SELD/EINV2/E3_OfflineEINV2_Velocity_JEPAConsistency_seed2026/out_infer/ein_seld/Completion_20260904_E3_OfflineEINV2_Velocity_JEPAConsistency_seed2026_evaluation/submissions,evaluation,/work/zhanghc/Myllm/SELD/experiment_completion_20260904/results/motion_evaluation/motion_stratified_runs.csv
EINV2,noncausal,E3,2027,completion_three_seed,static,200.0,99540.0,16691.0,64036.0,0.6978106065338248,0.6458710725217065,10.940194258912559,7.000000000000025,16.83269418690953,0.7119653226168838,0.6648268795483185,10.584165852921341,/work/zhanghc/Myllm/SELD/EINV2/E3_OfflineEINV2_Velocity_JEPAConsistency_seed2026/out_infer/ein_seld/Completion_20260904_E3_OfflineEINV2_Velocity_JEPAConsistency_seed2027_evaluation/submissions,evaluation,/work/zhanghc/Myllm/SELD/experiment_completion_20260904/results/motion_evaluation/motion_stratified_runs.csv
EINV2,noncausal,E3,2027,completion_three_seed,dynamic,200.0,99540.0,16691.0,53184.0,0.7175842358604091,0.6353602587244284,13.49423003836735,8.046189774787836,21.940580052090745,0.6562204325883556,0.5869536152212224,13.233128779439678,/work/zhanghc/Myllm/SELD/EINV2/E3_OfflineEINV2_Velocity_JEPAConsistency_seed2026/out_infer/ein_seld/Completion_20260904_E3_OfflineEINV2_Velocity_JEPAConsistency_seed2027_evaluation/submissions,evaluation,/work/zhanghc/Myllm/SELD/experiment_completion_20260904/results/motion_evaluation/motion_stratified_runs.csv
EINV2,noncausal,E3,2028,completion_three_seed,static,200.0,99060.0,16224.0,64036.0,0.7046661253045162,0.6492597913673559,11.20036428375872,6.925588234728164,17.438014875967884,0.7099462667028114,0.6631945310909441,10.443935809822666,/work/zhanghc/Myllm/SELD/EINV2/E3_OfflineEINV2_Velocity_JEPAConsistency_seed2026/out_infer/ein_seld/Completion_20260904_E3_OfflineEINV2_Velocity_JEPAConsistency_seed2028_evaluation/submissions,evaluation,/work/zhanghc/Myllm/SELD/experiment_completion_20260904/results/motion_evaluation/motion_stratified_runs.csv
EINV2,noncausal,E3,2028,completion_three_seed,dynamic,200.0,99060.0,16224.0,53184.0,0.7090854392298436,0.6226308664259927,13.20402815017193,8.05943213769681,22.76559197116856,0.6488247661071789,0.5773917017922822,12.307854243297164,/work/zhanghc/Myllm/SELD/EINV2/E3_OfflineEINV2_Velocity_JEPAConsistency_seed2026/out_infer/ein_seld/Completion_20260904_E3_OfflineEINV2_Velocity_JEPAConsistency_seed2028_evaluation/submissions,evaluation,/work/zhanghc/Myllm/SELD/experiment_completion_20260904/results/motion_evaluation/motion_stratified_runs.csv
