family,context,variant,weight,seed,split,dataset,train_folds,validation_fold,status,profile,run_id,portable_recipe_not_historical_config,historical_config,checkpoint,prediction_dir,original_result,checkpoint_bytes,prediction_files,ER20,F20,LE_CD,LR_CD,SELD_LR
EINV2,causal,C0.1,0,2026,evaluation,TAU2020 FOA,"2,3,4,5,6",1,SCORED_SAVED_PREDICTIONS,dcase2023_micro,EINV2_C0_bestfix_seed2026,configs/einv2/C0.yaml,/work/zhanghc/Myllm/SELD/experiment_completion_20260904/configs/Completion_20260904_EINV2_C0_bestfix_seed2026_evaluation.yaml,/work/zhanghc/Myllm/SELD/EINV2/C0p1_CausalEINV2_fix_seed2026/out_train/ein_seld/EINV2_C0_bestfix_seed2026/checkpoints/rabbit02_gpu3_bestfix_seed2026_epoch_82.pth,/work/zhanghc/Myllm/SELD/EINV2/C0p1_CausalEINV2_fix_seed2026/out_infer/ein_seld/Completion_20260904_EINV2_C0_bestfix_seed2026_evaluation/submissions,/work/zhanghc/Myllm/SELD/EINV2/C0p1_CausalEINV2_fix_seed2026/out_eval/ein_seld/Completion_20260904_EINV2_C0_bestfix_seed2026_evaluation/results.csv,419846080,200,0.6620504802322984,0.5571399331377499,14.497521589780344,0.7085832777901208,0.3692172639785797
EINV2,causal,C0.1,0,2026,validation,TAU2020 FOA,"2,3,4,5,6",1,SCORED_SAVED_PREDICTIONS,dcase2023_micro,EINV2_C0_bestfix_seed2026,configs/einv2/C0.yaml,/work/zhanghc/Myllm/SELD/experiment_completion_20260904/configs/Completion_20260904_EINV2_C0_bestfix_seed2026_validation.yaml,/work/zhanghc/Myllm/SELD/EINV2/C0p1_CausalEINV2_fix_seed2026/out_train/ein_seld/EINV2_C0_bestfix_seed2026/checkpoints/rabbit02_gpu3_bestfix_seed2026_epoch_82.pth,/work/zhanghc/Myllm/SELD/EINV2/C0p1_CausalEINV2_fix_seed2026/out_infer/ein_seld/Completion_20260904_EINV2_C0_bestfix_seed2026_validation/submissions,/work/zhanghc/Myllm/SELD/EINV2/C0p1_CausalEINV2_fix_seed2026/out_eval/ein_seld/Completion_20260904_EINV2_C0_bestfix_seed2026_validation/results.csv,419846080,100,0.6873693639892505,0.5269601100412655,16.625237156022383,0.6906357004615156,0.3905339955327595
EINV2,causal,C0.1,0,2027,evaluation,TAU2020 FOA,"2,3,4,5,6",1,SCORED_SAVED_PREDICTIONS,dcase2023_micro,EINV2_C0_bestfix_seed2027,configs/einv2/C0.yaml,/work/zhanghc/Myllm/SELD/experiment_completion_20260904/configs/Completion_20260904_EINV2_C0_bestfix_seed2027_evaluation.yaml,/work/zhanghc/Myllm/SELD/EINV2/C0p1_CausalEINV2_fix_seed2026/out_train/ein_seld/EINV2_C0_bestfix_seed2027/checkpoints/rabbit02_gpu3_bestfix_seed2027_epoch_82.pth,/work/zhanghc/Myllm/SELD/EINV2/C0p1_CausalEINV2_fix_seed2026/out_infer/ein_seld/Completion_20260904_EINV2_C0_bestfix_seed2027_evaluation/submissions,/work/zhanghc/Myllm/SELD/EINV2/C0p1_CausalEINV2_fix_seed2026/out_eval/ein_seld/Completion_20260904_EINV2_C0_bestfix_seed2027_evaluation/results.csv,419846144,200,0.6580299307572035,0.5761097223160597,12.385536199298931,0.7032967032967034,0.3618580098962475
EINV2,causal,C0.1,0,2027,validation,TAU2020 FOA,"2,3,4,5,6",1,SCORED_SAVED_PREDICTIONS,dcase2023_micro,EINV2_C0_bestfix_seed2027,configs/einv2/C0.yaml,/work/zhanghc/Myllm/SELD/experiment_completion_20260904/configs/Completion_20260904_EINV2_C0_bestfix_seed2027_validation.yaml,/work/zhanghc/Myllm/SELD/EINV2/C0p1_CausalEINV2_fix_seed2026/out_train/ein_seld/EINV2_C0_bestfix_seed2027/checkpoints/rabbit02_gpu3_bestfix_seed2027_epoch_82.pth,/work/zhanghc/Myllm/SELD/EINV2/C0p1_CausalEINV2_fix_seed2026/out_infer/ein_seld/Completion_20260904_EINV2_C0_bestfix_seed2027_validation/submissions,/work/zhanghc/Myllm/SELD/EINV2/C0p1_CausalEINV2_fix_seed2026/out_eval/ein_seld/Completion_20260904_EINV2_C0_bestfix_seed2027_validation/results.csv,419846144,100,0.6401911018214392,0.5665973665973666,12.249587201716542,0.6771407297096054,0.36612656693655643
EINV2,causal,C0.1,0,2028,evaluation,TAU2020 FOA,"2,3,4,5,6",1,SCORED_SAVED_PREDICTIONS,dcase2023_micro,EINV2_C0_bestfix_seed2028,configs/einv2/C0.yaml,/work/zhanghc/Myllm/SELD/experiment_completion_20260904/configs/Completion_20260904_EINV2_C0_bestfix_seed2028_evaluation.yaml,/work/zhanghc/Myllm/SELD/EINV2/C0p1_CausalEINV2_fix_seed2026/out_train/ein_seld/EINV2_C0_bestfix_seed2028/checkpoints/rabbit02_gpu3_bestfix_seed2028_epoch_45.pth,/work/zhanghc/Myllm/SELD/EINV2/C0p1_CausalEINV2_fix_seed2026/out_infer/ein_seld/Completion_20260904_EINV2_C0_bestfix_seed2028_evaluation/submissions,/work/zhanghc/Myllm/SELD/EINV2/C0p1_CausalEINV2_fix_seed2026/out_eval/ein_seld/Completion_20260904_EINV2_C0_bestfix_seed2028_evaluation/results.csv,419846080,200,0.580373762191944,0.5928912996930983,13.905229473079444,0.7146348689083099,0.33752471711024434
EINV2,causal,C0.1,0,2028,validation,TAU2020 FOA,"2,3,4,5,6",1,SCORED_SAVED_PREDICTIONS,dcase2023_micro,EINV2_C0_bestfix_seed2028,configs/einv2/C0.yaml,/work/zhanghc/Myllm/SELD/experiment_completion_20260904/configs/Completion_20260904_EINV2_C0_bestfix_seed2028_validation.yaml,/work/zhanghc/Myllm/SELD/EINV2/C0p1_CausalEINV2_fix_seed2026/out_train/ein_seld/EINV2_C0_bestfix_seed2028/checkpoints/rabbit02_gpu3_bestfix_seed2028_epoch_45.pth,/work/zhanghc/Myllm/SELD/EINV2/C0p1_CausalEINV2_fix_seed2026/out_infer/ein_seld/Completion_20260904_EINV2_C0_bestfix_seed2028_validation/submissions,/work/zhanghc/Myllm/SELD/EINV2/C0p1_CausalEINV2_fix_seed2026/out_eval/ein_seld/Completion_20260904_EINV2_C0_bestfix_seed2028_validation/results.csv,419846080,100,0.61749776052553,0.5455201269658058,15.3542280252811,0.6829739776951673,0.3685762306679185
EINV2,causal,C1,0.2,2026,evaluation,TAU2020 FOA,"2,3,4,5,6",1,SCORED_SAVED_PREDICTIONS,dcase2023_micro,C1_CausalEINV2_Velocity_seed2026,configs/einv2/C1.yaml,/work/zhanghc/Myllm/SELD/experiment_completion_20260904/configs/Completion_20260904_C1_CausalEINV2_Velocity_seed2026_evaluation.yaml,/work/zhanghc/Myllm/SELD/EINV2/C1_CausalEINV2_Velocity_seed2026/out_train/ein_seld/C1_CausalEINV2_Velocity_seed2026/checkpoints/rabbit02_gpu4_epoch_59.pth,/work/zhanghc/Myllm/SELD/EINV2/C1_CausalEINV2_Velocity_seed2026/out_infer/ein_seld/Completion_20260904_C1_CausalEINV2_Velocity_seed2026_evaluation/submissions,/work/zhanghc/Myllm/SELD/EINV2/C1_CausalEINV2_Velocity_seed2026/out_eval/ein_seld/Completion_20260904_C1_CausalEINV2_Velocity_seed2026_evaluation/results.csv,419888103,200,0.6366614548432731,0.556828934917464,15.127759932957774,0.6905803008967613,0.36832383244192557
EINV2,causal,C1,0.2,2026,validation,TAU2020 FOA,"2,3,4,5,6",1,SCORED_SAVED_PREDICTIONS,dcase2023_micro,C1_CausalEINV2_Velocity_seed2026,configs/einv2/C1.yaml,/work/zhanghc/Myllm/SELD/experiment_completion_20260904/configs/Completion_20260904_C1_CausalEINV2_Velocity_seed2026_validation.yaml,/work/zhanghc/Myllm/SELD/EINV2/C1_CausalEINV2_Velocity_seed2026/out_train/ein_seld/C1_CausalEINV2_Velocity_seed2026/checkpoints/rabbit02_gpu4_epoch_59.pth,/work/zhanghc/Myllm/SELD/EINV2/C1_CausalEINV2_Velocity_seed2026/out_infer/ein_seld/Completion_20260904_C1_CausalEINV2_Velocity_seed2026_validation/submissions,/work/zhanghc/Myllm/SELD/EINV2/C1_CausalEINV2_Velocity_seed2026/out_eval/ein_seld/Completion_20260904_C1_CausalEINV2_Velocity_seed2026_validation/results.csv,419888103,100,0.6725888324873096,0.5243382917801522,17.126667111902275,0.677933293627159,0.39136634942541937
EINV2,causal,C1,0.2,2027,evaluation,TAU2020 FOA,"2,3,4,5,6",1,SCORED_SAVED_PREDICTIONS,dcase2023_micro,C1_CausalEINV2_Velocity_seed2027,configs/einv2/C1.yaml,/work/zhanghc/Myllm/SELD/experiment_completion_20260904/configs/Completion_20260904_C1_CausalEINV2_Velocity_seed2027_evaluation.yaml,/work/zhanghc/Myllm/SELD/EINV2/C1_CausalEINV2_Velocity_seed2026/out_train/ein_seld/C1_CausalEINV2_Velocity_seed2027/checkpoints/rabbit02_gpu0_c1_seed2027_epoch_48.pth,/work/zhanghc/Myllm/SELD/EINV2/C1_CausalEINV2_Velocity_seed2026/out_infer/ein_seld/Completion_20260904_C1_CausalEINV2_Velocity_seed2027_evaluation/submissions,/work/zhanghc/Myllm/SELD/EINV2/C1_CausalEINV2_Velocity_seed2026/out_eval/ein_seld/Completion_20260904_C1_CausalEINV2_Velocity_seed2027_evaluation/results.csv,419897715,200,0.6546050182413818,0.5619246432360289,15.579016214192949,0.7165727838719241,0.36566442030306967
EINV2,causal,C1,0.2,2027,validation,TAU2020 FOA,"2,3,4,5,6",1,SCORED_SAVED_PREDICTIONS,dcase2023_micro,C1_CausalEINV2_Velocity_seed2027,configs/einv2/C1.yaml,/work/zhanghc/Myllm/SELD/experiment_completion_20260904/configs/Completion_20260904_C1_CausalEINV2_Velocity_seed2027_validation.yaml,/work/zhanghc/Myllm/SELD/EINV2/C1_CausalEINV2_Velocity_seed2026/out_train/ein_seld/C1_CausalEINV2_Velocity_seed2027/checkpoints/rabbit02_gpu0_c1_seed2027_epoch_48.pth,/work/zhanghc/Myllm/SELD/EINV2/C1_CausalEINV2_Velocity_seed2026/out_infer/ein_seld/Completion_20260904_C1_CausalEINV2_Velocity_seed2027_validation/submissions,/work/zhanghc/Myllm/SELD/EINV2/C1_CausalEINV2_Velocity_seed2026/out_eval/ein_seld/Completion_20260904_C1_CausalEINV2_Velocity_seed2027_validation/results.csv,419897715,100,0.6625858465213497,0.5310988009256012,16.234749810599244,0.684562760261749,0.38427933495933214
EINV2,causal,C1,0.2,2028,evaluation,TAU2020 FOA,"2,3,4,5,6",1,SCORED_SAVED_PREDICTIONS,dcase2023_micro,C1_CausalEINV2_Velocity_seed2028,configs/einv2/C1.yaml,/work/zhanghc/Myllm/SELD/experiment_completion_20260904/configs/Completion_20260904_C1_CausalEINV2_Velocity_seed2028_evaluation.yaml,/work/zhanghc/Myllm/SELD/EINV2/C1_CausalEINV2_Velocity_seed2026/out_train/ein_seld/C1_CausalEINV2_Velocity_seed2028/checkpoints/rabbit02_gpu2_c1_seed2028_epoch_81.pth,/work/zhanghc/Myllm/SELD/EINV2/C1_CausalEINV2_Velocity_seed2026/out_infer/ein_seld/Completion_20260904_C1_CausalEINV2_Velocity_seed2028_evaluation/submissions,/work/zhanghc/Myllm/SELD/EINV2/C1_CausalEINV2_Velocity_seed2026/out_eval/ein_seld/Completion_20260904_C1_CausalEINV2_Velocity_seed2028_evaluation/results.csv,419897651,200,0.7143176234085326,0.5506137520375237,12.827262904762788,0.6864098567505381,0.3871391465783993
EINV2,causal,C1,0.2,2028,validation,TAU2020 FOA,"2,3,4,5,6",1,SCORED_SAVED_PREDICTIONS,dcase2023_micro,C1_CausalEINV2_Velocity_seed2028,configs/einv2/C1.yaml,/work/zhanghc/Myllm/SELD/experiment_completion_20260904/configs/Completion_20260904_C1_CausalEINV2_Velocity_seed2028_validation.yaml,/work/zhanghc/Myllm/SELD/EINV2/C1_CausalEINV2_Velocity_seed2026/out_train/ein_seld/C1_CausalEINV2_Velocity_seed2028/checkpoints/rabbit02_gpu2_c1_seed2028_epoch_81.pth,/work/zhanghc/Myllm/SELD/EINV2/C1_CausalEINV2_Velocity_seed2026/out_infer/ein_seld/Completion_20260904_C1_CausalEINV2_Velocity_seed2028_validation/submissions,/work/zhanghc/Myllm/SELD/EINV2/C1_CausalEINV2_Velocity_seed2026/out_eval/ein_seld/Completion_20260904_C1_CausalEINV2_Velocity_seed2028_validation/results.csv,419897651,100,0.6567632128993729,0.5622157916494419,12.337319031897668,0.6741171211443898,0.3722427403484654
EINV2,causal,C2,0.2,2026,evaluation,TAU2020 FOA,"2,3,4,5,6",1,SCORED_SAVED_PREDICTIONS,dcase2023_micro,C2_CausalEINV2_JEPA_seed2026,configs/einv2/C2.yaml,/work/zhanghc/Myllm/SELD/experiment_completion_20260904/configs/Completion_20260904_C2_CausalEINV2_JEPA_seed2026_evaluation.yaml,/work/zhanghc/Myllm/SELD/EINV2/C2_CausalEINV2_JEPA_seed2026/out_train/ein_seld/C2_CausalEINV2_JEPA_seed2026/checkpoints/rabbit02_gpu4_c2_epoch_59.pth,/work/zhanghc/Myllm/SELD/EINV2/C2_CausalEINV2_JEPA_seed2026/out_infer/ein_seld/Completion_20260904_C2_CausalEINV2_JEPA_seed2026_evaluation/submissions,/work/zhanghc/Myllm/SELD/EINV2/C2_CausalEINV2_JEPA_seed2026/out_eval/ein_seld/Completion_20260904_C2_CausalEINV2_JEPA_seed2026_evaluation/results.csv,528758688,200,0.6381505472414564,0.5623546562076984,15.396789593062463,0.7116809961458642,0.36241315371233795
EINV2,causal,C2,0.2,2026,validation,TAU2020 FOA,"2,3,4,5,6",1,SCORED_SAVED_PREDICTIONS,dcase2023_micro,C2_CausalEINV2_JEPA_seed2026,configs/einv2/C2.yaml,/work/zhanghc/Myllm/SELD/experiment_completion_20260904/configs/Completion_20260904_C2_CausalEINV2_JEPA_seed2026_validation.yaml,/work/zhanghc/Myllm/SELD/EINV2/C2_CausalEINV2_JEPA_seed2026/out_train/ein_seld/C2_CausalEINV2_JEPA_seed2026/checkpoints/rabbit02_gpu4_c2_epoch_59.pth,/work/zhanghc/Myllm/SELD/EINV2/C2_CausalEINV2_JEPA_seed2026/out_infer/ein_seld/Completion_20260904_C2_CausalEINV2_JEPA_seed2026_validation/submissions,/work/zhanghc/Myllm/SELD/EINV2/C2_CausalEINV2_JEPA_seed2026/out_eval/ein_seld/Completion_20260904_C2_CausalEINV2_JEPA_seed2026_validation/results.csv,528758688,100,0.685727082711257,0.5165186007773459,16.634042342661523,0.6803156640857654,0.3953260410490663
EINV2,causal,C2,0.2,2027,evaluation,TAU2020 FOA,"2,3,4,5,6",1,SCORED_SAVED_PREDICTIONS,dcase2023_micro,C2_CausalEINV2_JEPA_seed2027,configs/einv2/C2.yaml,/work/zhanghc/Myllm/SELD/experiment_completion_20260904/configs/Completion_20260904_C2_CausalEINV2_JEPA_seed2027_evaluation.yaml,/work/zhanghc/Myllm/SELD/EINV2/C2_CausalEINV2_JEPA_seed2026/out_train/ein_seld/C2_CausalEINV2_JEPA_seed2027/checkpoints/rabbit02_gpu1_c2_seed2027_epoch_75.pth,/work/zhanghc/Myllm/SELD/EINV2/C2_CausalEINV2_JEPA_seed2026/out_infer/ein_seld/Completion_20260904_C2_CausalEINV2_JEPA_seed2027_evaluation/submissions,/work/zhanghc/Myllm/SELD/EINV2/C2_CausalEINV2_JEPA_seed2026/out_eval/ein_seld/Completion_20260904_C2_CausalEINV2_JEPA_seed2027_evaluation/results.csv,528767778,200,0.6366614548432731,0.571959913214175,12.791185390342767,0.6877552535828321,0.3620021072759314
EINV2,causal,C2,0.2,2027,validation,TAU2020 FOA,"2,3,4,5,6",1,SCORED_SAVED_PREDICTIONS,dcase2023_micro,C2_CausalEINV2_JEPA_seed2027,configs/einv2/C2.yaml,/work/zhanghc/Myllm/SELD/experiment_completion_20260904/configs/Completion_20260904_C2_CausalEINV2_JEPA_seed2027_validation.yaml,/work/zhanghc/Myllm/SELD/EINV2/C2_CausalEINV2_JEPA_seed2026/out_train/ein_seld/C2_CausalEINV2_JEPA_seed2027/checkpoints/rabbit02_gpu1_c2_seed2027_epoch_75.pth,/work/zhanghc/Myllm/SELD/EINV2/C2_CausalEINV2_JEPA_seed2026/out_infer/ein_seld/Completion_20260904_C2_CausalEINV2_JEPA_seed2027_validation/submissions,/work/zhanghc/Myllm/SELD/EINV2/C2_CausalEINV2_JEPA_seed2026/out_eval/ein_seld/Completion_20260904_C2_CausalEINV2_JEPA_seed2027_validation/results.csv,528767778,100,0.6439235592714243,0.5598447570864232,13.405939524929236,0.6847907046030091,0.36844138484678857
EINV2,causal,C2,0.2,2028,evaluation,TAU2020 FOA,"2,3,4,5,6",1,SCORED_SAVED_PREDICTIONS,dcase2023_micro,C2_CausalEINV2_JEPA_seed2028,configs/einv2/C2.yaml,/work/zhanghc/Myllm/SELD/experiment_completion_20260904/configs/Completion_20260904_C2_CausalEINV2_JEPA_seed2028_evaluation.yaml,/work/zhanghc/Myllm/SELD/EINV2/C2_CausalEINV2_JEPA_seed2026/out_train/ein_seld/C2_CausalEINV2_JEPA_seed2028/checkpoints/rabbit02_gpu4_c2_seed2028_epoch_42.pth,/work/zhanghc/Myllm/SELD/EINV2/C2_CausalEINV2_JEPA_seed2026/out_infer/ein_seld/Completion_20260904_C2_CausalEINV2_JEPA_seed2028_evaluation/submissions,/work/zhanghc/Myllm/SELD/EINV2/C2_CausalEINV2_JEPA_seed2026/out_eval/ein_seld/Completion_20260904_C2_CausalEINV2_JEPA_seed2028_evaluation/results.csv,528767778,200,0.6409053681780954,0.5520628683693517,14.963441957988907,0.6881776325560671,0.37094877508815377
EINV2,causal,C2,0.2,2028,validation,TAU2020 FOA,"2,3,4,5,6",1,SCORED_SAVED_PREDICTIONS,dcase2023_micro,C2_CausalEINV2_JEPA_seed2028,configs/einv2/C2.yaml,/work/zhanghc/Myllm/SELD/experiment_completion_20260904/configs/Completion_20260904_C2_CausalEINV2_JEPA_seed2028_validation.yaml,/work/zhanghc/Myllm/SELD/EINV2/C2_CausalEINV2_JEPA_seed2026/out_train/ein_seld/C2_CausalEINV2_JEPA_seed2028/checkpoints/rabbit02_gpu4_c2_seed2028_epoch_42.pth,/work/zhanghc/Myllm/SELD/EINV2/C2_CausalEINV2_JEPA_seed2026/out_infer/ein_seld/Completion_20260904_C2_CausalEINV2_JEPA_seed2028_validation/submissions,/work/zhanghc/Myllm/SELD/EINV2/C2_CausalEINV2_JEPA_seed2026/out_eval/ein_seld/Completion_20260904_C2_CausalEINV2_JEPA_seed2028_validation/results.csv,528767778,100,0.6473574201254105,0.5355874413979258,16.501824598325964,0.6744151393234987,0.38225791068200476
EINV2,causal,C3,0.2,2026,evaluation,TAU2020 FOA,"2,3,4,5,6",1,SCORED_SAVED_PREDICTIONS,dcase2023_micro,C3_CausalEINV2_Velocity_JEPA_seed2026,configs/einv2/C3.yaml,/work/zhanghc/Myllm/SELD/experiment_completion_20260904/configs/Completion_20260904_C3_CausalEINV2_Velocity_JEPA_seed2026_evaluation.yaml,/work/zhanghc/Myllm/SELD/EINV2/C3_CausalEINV2_Velocity_JEPA_seed2026/out_train/ein_seld/C3_CausalEINV2_Velocity_JEPA_seed2026/checkpoints/rabbit02_gpu4_c3_epoch_77.pth,/work/zhanghc/Myllm/SELD/EINV2/C3_CausalEINV2_Velocity_JEPA_seed2026/out_infer/ein_seld/Completion_20260904_C3_CausalEINV2_Velocity_JEPA_seed2026_evaluation/submissions,/work/zhanghc/Myllm/SELD/EINV2/C3_CausalEINV2_Velocity_JEPA_seed2026/out_eval/ein_seld/Completion_20260904_C3_CausalEINV2_Velocity_JEPA_seed2026_evaluation/results.csv,528827832,200,0.6326409053681781,0.5824458066504572,12.82912919763499,0.7027689109939871,0.3546747819276487
EINV2,causal,C3,0.2,2026,validation,TAU2020 FOA,"2,3,4,5,6",1,SCORED_SAVED_PREDICTIONS,dcase2023_micro,C3_CausalEINV2_Velocity_JEPA_seed2026,configs/einv2/C3.yaml,/work/zhanghc/Myllm/SELD/experiment_completion_20260904/configs/Completion_20260904_C3_CausalEINV2_Velocity_JEPA_seed2026_validation.yaml,/work/zhanghc/Myllm/SELD/EINV2/C3_CausalEINV2_Velocity_JEPA_seed2026/out_train/ein_seld/C3_CausalEINV2_Velocity_JEPA_seed2026/checkpoints/rabbit02_gpu4_c3_epoch_77.pth,/work/zhanghc/Myllm/SELD/EINV2/C3_CausalEINV2_Velocity_JEPA_seed2026/out_infer/ein_seld/Completion_20260904_C3_CausalEINV2_Velocity_JEPA_seed2026_validation/submissions,/work/zhanghc/Myllm/SELD/EINV2/C3_CausalEINV2_Velocity_JEPA_seed2026/out_eval/ein_seld/Completion_20260904_C3_CausalEINV2_Velocity_JEPA_seed2026_validation/results.csv,528827832,100,0.6425798745894297,0.5735062084105097,11.975626659004396,0.6970645209357771,0.3596351011149585
EINV2,causal,C3,0.2,2027,evaluation,TAU2020 FOA,"2,3,4,5,6",1,SCORED_SAVED_PREDICTIONS,dcase2023_micro,C3_CausalEINV2_Velocity_JEPA_seed2027,configs/einv2/C3.yaml,/work/zhanghc/Myllm/SELD/experiment_completion_20260904/configs/Completion_20260904_C3_CausalEINV2_Velocity_JEPA_seed2027_evaluation.yaml,/work/zhanghc/Myllm/SELD/EINV2/C3_CausalEINV2_Velocity_JEPA_seed2026/out_train/ein_seld/C3_CausalEINV2_Velocity_JEPA_seed2027/checkpoints/rabbit02_gpu3_c3_seed2027_epoch_80.pth,/work/zhanghc/Myllm/SELD/EINV2/C3_CausalEINV2_Velocity_JEPA_seed2026/out_infer/ein_seld/Completion_20260904_C3_CausalEINV2_Velocity_JEPA_seed2027_evaluation/submissions,/work/zhanghc/Myllm/SELD/EINV2/C3_CausalEINV2_Velocity_JEPA_seed2026/out_eval/ein_seld/Completion_20260904_C3_CausalEINV2_Velocity_JEPA_seed2027_evaluation/results.csv,528837138,200,0.6701660338023975,0.5747518299408403,13.049226934676337,0.715993465993466,0.3629791107651844
EINV2,causal,C3,0.2,2027,validation,TAU2020 FOA,"2,3,4,5,6",1,SCORED_SAVED_PREDICTIONS,dcase2023_micro,C3_CausalEINV2_Velocity_JEPA_seed2027,configs/einv2/C3.yaml,/work/zhanghc/Myllm/SELD/experiment_completion_20260904/configs/Completion_20260904_C3_CausalEINV2_Velocity_JEPA_seed2027_validation.yaml,/work/zhanghc/Myllm/SELD/EINV2/C3_CausalEINV2_Velocity_JEPA_seed2026/out_train/ein_seld/C3_CausalEINV2_Velocity_JEPA_seed2027/checkpoints/rabbit02_gpu3_c3_seed2027_epoch_80.pth,/work/zhanghc/Myllm/SELD/EINV2/C3_CausalEINV2_Velocity_JEPA_seed2026/out_infer/ein_seld/Completion_20260904_C3_CausalEINV2_Velocity_JEPA_seed2027_validation/submissions,/work/zhanghc/Myllm/SELD/EINV2/C3_CausalEINV2_Velocity_JEPA_seed2026/out_eval/ein_seld/Completion_20260904_C3_CausalEINV2_Velocity_JEPA_seed2027_validation/results.csv,528837138,100,0.6348163630934608,0.5773649810801513,12.740304259386535,0.701430274135876,0.3567001439962841
EINV2,causal,C3,0.2,2028,evaluation,TAU2020 FOA,"2,3,4,5,6",1,SCORED_SAVED_PREDICTIONS,dcase2023_micro,C3_CausalEINV2_Velocity_JEPA_seed2028,configs/einv2/C3.yaml,/work/zhanghc/Myllm/SELD/experiment_completion_20260904/configs/Completion_20260904_C3_CausalEINV2_Velocity_JEPA_seed2028_evaluation.yaml,/work/zhanghc/Myllm/SELD/EINV2/C3_CausalEINV2_Velocity_JEPA_seed2026/out_train/ein_seld/C3_CausalEINV2_Velocity_JEPA_seed2028/checkpoints/rabbit02_gpu3_c3_seed2028_epoch_60.pth,/work/zhanghc/Myllm/SELD/EINV2/C3_CausalEINV2_Velocity_JEPA_seed2026/out_infer/ein_seld/Completion_20260904_C3_CausalEINV2_Velocity_JEPA_seed2028_evaluation/submissions,/work/zhanghc/Myllm/SELD/EINV2/C3_CausalEINV2_Velocity_JEPA_seed2026/out_eval/ein_seld/Completion_20260904_C3_CausalEINV2_Velocity_JEPA_seed2028_evaluation/results.csv,528837074,200,0.6494676494676495,0.5660455201815306,13.318521909270887,0.6902359400504526,0.3667944944051261
EINV2,causal,C3,0.2,2028,validation,TAU2020 FOA,"2,3,4,5,6",1,SCORED_SAVED_PREDICTIONS,dcase2023_micro,C3_CausalEINV2_Velocity_JEPA_seed2028,configs/einv2/C3.yaml,/work/zhanghc/Myllm/SELD/experiment_completion_20260904/configs/Completion_20260904_C3_CausalEINV2_Velocity_JEPA_seed2028_validation.yaml,/work/zhanghc/Myllm/SELD/EINV2/C3_CausalEINV2_Velocity_JEPA_seed2026/out_train/ein_seld/C3_CausalEINV2_Velocity_JEPA_seed2028/checkpoints/rabbit02_gpu3_c3_seed2028_epoch_60.pth,/work/zhanghc/Myllm/SELD/EINV2/C3_CausalEINV2_Velocity_JEPA_seed2026/out_infer/ein_seld/Completion_20260904_C3_CausalEINV2_Velocity_JEPA_seed2028_validation/submissions,/work/zhanghc/Myllm/SELD/EINV2/C3_CausalEINV2_Velocity_JEPA_seed2026/out_eval/ein_seld/Completion_20260904_C3_CausalEINV2_Velocity_JEPA_seed2028_validation/results.csv,528837074,100,0.6379516273514482,0.5564668769716088,14.149223558298942,0.6806196931327275,0.36986796369830427
EINV2,noncausal,E0,0,2026,evaluation,TAU2020 FOA,"2,3,4,5,6",1,SCORED_SAVED_PREDICTIONS,dcase2023_micro,E0_OfflineEINV2_seed2026,configs/einv2/E0.yaml,/work/zhanghc/Myllm/SELD/EINV2/E0_OfflineEINV2_seed2026/config.yaml,/work/zhanghc/Myllm/SELD/EINV2/E0_OfflineEINV2_seed2026/None_epoch_best.pth,/work/zhanghc/Myllm/SELD/EINV2/C0p1_CausalEINV2_fix_seed2026/out_infer/ein_seld/Eval_Pilot_E0_best_seed2026/submissions,/work/zhanghc/Myllm/SELD/EINV2/C0p1_CausalEINV2_fix_seed2026/out_eval/ein_seld/Eval_Pilot_E0_best_seed2026/results.csv,419873896,200,0.370560643287916,0.7308955223880597,9.849483294851916,0.7827120154463092,0.22791811427290332
EINV2,noncausal,E0,0,2026,validation,TAU2020 FOA,"2,3,4,5,6",1,SCORED_SAVED_PREDICTIONS,dcase2023_micro,EvalAlias_Pilot_E0_best_seed2026,configs/einv2/E0.yaml,/work/zhanghc/Myllm/SELD/experiment_completion_20260904/configs/Completion_20260904_EvalAlias_Pilot_E0_best_seed2026_validation.yaml,/work/zhanghc/Myllm/SELD/EINV2/C0p1_CausalEINV2_fix_seed2026/out_train/ein_seld/EvalAlias_Pilot_E0_best_seed2026/checkpoints/eval_best_epoch_1.pth,/work/zhanghc/Myllm/SELD/EINV2/C0p1_CausalEINV2_fix_seed2026/out_infer/ein_seld/Completion_20260904_EvalAlias_Pilot_E0_best_seed2026_validation/submissions,/work/zhanghc/Myllm/SELD/EINV2/C0p1_CausalEINV2_fix_seed2026/out_eval/ein_seld/Completion_20260904_EvalAlias_Pilot_E0_best_seed2026_validation/results.csv,419873896,100,0.4141534786503434,0.6933492039875019,9.914212631530555,0.7540544561821158,0.25545719438619613
EINV2,noncausal,E0,0,2027,evaluation,TAU2020 FOA,"2,3,4,5,6",1,SCORED_SAVED_PREDICTIONS,dcase2023_micro,E0_OfflineEINV2_seed2027,configs/einv2/E0.yaml,/work/zhanghc/Myllm/SELD/experiment_completion_20260904/configs/Completion_20260904_E0_OfflineEINV2_seed2027_evaluation.yaml,/work/zhanghc/Myllm/SELD/EINV2/C0p1_CausalEINV2_fix_seed2026/out_train/ein_seld/E0_OfflineEINV2_seed2027/checkpoints/completion_20260904_E0_seed2027_epoch_82.pth,/work/zhanghc/Myllm/SELD/EINV2/C0p1_CausalEINV2_fix_seed2026/out_infer/ein_seld/Completion_20260904_E0_OfflineEINV2_seed2027_evaluation/submissions,/work/zhanghc/Myllm/SELD/EINV2/C0p1_CausalEINV2_fix_seed2026/out_eval/ein_seld/Completion_20260904_E0_OfflineEINV2_seed2027_evaluation/results.csv,419894749,200,0.37651701288064926,0.7156768007135955,10.789805869446347,0.7878607998812792,0.2332306945567858
EINV2,noncausal,E0,0,2027,validation,TAU2020 FOA,"2,3,4,5,6",1,SCORED_SAVED_PREDICTIONS,dcase2023_micro,E0_OfflineEINV2_seed2027,configs/einv2/E0.yaml,/work/zhanghc/Myllm/SELD/experiment_completion_20260904/configs/Completion_20260904_E0_OfflineEINV2_seed2027_validation.yaml,/work/zhanghc/Myllm/SELD/EINV2/C0p1_CausalEINV2_fix_seed2026/out_train/ein_seld/E0_OfflineEINV2_seed2027/checkpoints/completion_20260904_E0_seed2027_epoch_82.pth,/work/zhanghc/Myllm/SELD/EINV2/C0p1_CausalEINV2_fix_seed2026/out_infer/ein_seld/Completion_20260904_E0_OfflineEINV2_seed2027_validation/submissions,/work/zhanghc/Myllm/SELD/EINV2/C0p1_CausalEINV2_fix_seed2026/out_eval/ein_seld/Completion_20260904_E0_OfflineEINV2_seed2027_validation/results.csv,419894749,100,0.4423708569722305,0.6694864945087563,10.57495712970076,0.7405919976201101,0.2727605316687588
EINV2,noncausal,E0,0,2028,evaluation,TAU2020 FOA,"2,3,4,5,6",1,SCORED_SAVED_PREDICTIONS,dcase2023_micro,E0_OfflineEINV2_seed2028,configs/einv2/E0.yaml,/work/zhanghc/Myllm/SELD/experiment_completion_20260904/configs/Completion_20260904_E0_OfflineEINV2_seed2028_evaluation.yaml,/work/zhanghc/Myllm/SELD/EINV2/C0p1_CausalEINV2_fix_seed2026/out_train/ein_seld/E0_OfflineEINV2_seed2028/checkpoints/completion_20260904_E0_seed2028_epoch_90.pth,/work/zhanghc/Myllm/SELD/EINV2/C0p1_CausalEINV2_fix_seed2026/out_infer/ein_seld/Completion_20260904_E0_OfflineEINV2_seed2028_evaluation/submissions,/work/zhanghc/Myllm/SELD/EINV2/C0p1_CausalEINV2_fix_seed2026/out_eval/ein_seld/Completion_20260904_E0_OfflineEINV2_seed2028_evaluation/results.csv,419894685,200,0.38120765393492667,0.7222987307849779,10.219862605577466,0.7845742706554821,0.23277791674247425
EINV2,noncausal,E0,0,2028,validation,TAU2020 FOA,"2,3,4,5,6",1,SCORED_SAVED_PREDICTIONS,dcase2023_micro,E0_OfflineEINV2_seed2028,configs/einv2/E0.yaml,/work/zhanghc/Myllm/SELD/experiment_completion_20260904/configs/Completion_20260904_E0_OfflineEINV2_seed2028_validation.yaml,/work/zhanghc/Myllm/SELD/EINV2/C0p1_CausalEINV2_fix_seed2026/out_train/ein_seld/E0_OfflineEINV2_seed2028/checkpoints/completion_20260904_E0_seed2028_epoch_90.pth,/work/zhanghc/Myllm/SELD/EINV2/C0p1_CausalEINV2_fix_seed2026/out_infer/ein_seld/Completion_20260904_E0_OfflineEINV2_seed2028_validation/submissions,/work/zhanghc/Myllm/SELD/EINV2/C0p1_CausalEINV2_fix_seed2026/out_eval/ein_seld/Completion_20260904_E0_OfflineEINV2_seed2028_validation/results.csv,419894685,100,0.4278889220662884,0.6799851466765688,10.190074005163439,0.7478416195296219,0.2641684195277514
EINV2,noncausal,E1,0.2,2026,evaluation,TAU2020 FOA,"2,3,4,5,6",1,SCORED_SAVED_PREDICTIONS,dcase2023_micro,E1_OfflineEINV2_Velocity_seed2026,configs/einv2/E1.yaml,/work/zhanghc/Myllm/SELD/experiment_completion_20260904/configs/Completion_20260904_E1_OfflineEINV2_Velocity_seed2026_evaluation.yaml,/work/zhanghc/Myllm/SELD/EINV2/E1_OfflineEINV2_Velocity_seed2026/out_train/ein_seld/E1_OfflineEINV2_Velocity_seed2026/checkpoints/rabbit02_gpu4_e1_epoch_69.pth,/work/zhanghc/Myllm/SELD/EINV2/E1_OfflineEINV2_Velocity_seed2026/out_infer/ein_seld/Completion_20260904_E1_OfflineEINV2_Velocity_seed2026_evaluation/submissions,/work/zhanghc/Myllm/SELD/EINV2/E1_OfflineEINV2_Velocity_seed2026/out_eval/ein_seld/Completion_20260904_E1_OfflineEINV2_Velocity_seed2026_evaluation/results.csv,419937610,200,0.3626684535775445,0.7266396699844833,9.794164615139886,0.7730243612596553,0.229354111993268
EINV2,noncausal,E1,0.2,2026,validation,TAU2020 FOA,"2,3,4,5,6",1,SCORED_SAVED_PREDICTIONS,dcase2023_micro,E1_OfflineEINV2_Velocity_seed2026,configs/einv2/E1.yaml,/work/zhanghc/Myllm/SELD/experiment_completion_20260904/configs/Completion_20260904_E1_OfflineEINV2_Velocity_seed2026_validation.yaml,/work/zhanghc/Myllm/SELD/EINV2/E1_OfflineEINV2_Velocity_seed2026/out_train/ein_seld/E1_OfflineEINV2_Velocity_seed2026/checkpoints/rabbit02_gpu4_e1_epoch_69.pth,/work/zhanghc/Myllm/SELD/EINV2/E1_OfflineEINV2_Velocity_seed2026/out_infer/ein_seld/Completion_20260904_E1_OfflineEINV2_Velocity_seed2026_validation/submissions,/work/zhanghc/Myllm/SELD/EINV2/E1_OfflineEINV2_Velocity_seed2026/out_eval/ein_seld/Completion_20260904_E1_OfflineEINV2_Velocity_seed2026_validation/results.csv,419937610,100,0.41266049567034935,0.6924737586540609,10.006331579841953,0.755611713988405,0.2550414385067513
EINV2,noncausal,E1,0.2,2027,evaluation,TAU2020 FOA,"2,3,4,5,6",1,SCORED_SAVED_PREDICTIONS,dcase2023_micro,E1_OfflineEINV2_Velocity_seed2027,configs/einv2/E1.yaml,/work/zhanghc/Myllm/SELD/experiment_completion_20260904/configs/Completion_20260904_E1_OfflineEINV2_Velocity_seed2027_evaluation.yaml,/work/zhanghc/Myllm/SELD/EINV2/E1_OfflineEINV2_Velocity_seed2026/out_train/ein_seld/E1_OfflineEINV2_Velocity_seed2027/checkpoints/completion_20260904_E1_seed2027_epoch_87.pth,/work/zhanghc/Myllm/SELD/EINV2/E1_OfflineEINV2_Velocity_seed2026/out_infer/ein_seld/Completion_20260904_E1_OfflineEINV2_Velocity_seed2027_evaluation/submissions,/work/zhanghc/Myllm/SELD/EINV2/E1_OfflineEINV2_Velocity_seed2026/out_eval/ein_seld/Completion_20260904_E1_OfflineEINV2_Velocity_seed2027_evaluation/results.csv,419950409,200,0.3702628248082794,0.7249272984863172,10.819218847624477,0.7915800415800416,0.22846556402940305
EINV2,noncausal,E1,0.2,2027,validation,TAU2020 FOA,"2,3,4,5,6",1,SCORED_SAVED_PREDICTIONS,dcase2023_micro,E1_OfflineEINV2_Velocity_seed2027,configs/einv2/E1.yaml,/work/zhanghc/Myllm/SELD/experiment_completion_20260904/configs/Completion_20260904_E1_OfflineEINV2_Velocity_seed2027_validation.yaml,/work/zhanghc/Myllm/SELD/EINV2/E1_OfflineEINV2_Velocity_seed2026/out_train/ein_seld/E1_OfflineEINV2_Velocity_seed2027/checkpoints/completion_20260904_E1_seed2027_epoch_87.pth,/work/zhanghc/Myllm/SELD/EINV2/E1_OfflineEINV2_Velocity_seed2026/out_infer/ein_seld/Completion_20260904_E1_OfflineEINV2_Velocity_seed2027_validation/submissions,/work/zhanghc/Myllm/SELD/EINV2/E1_OfflineEINV2_Velocity_seed2026/out_eval/ein_seld/Completion_20260904_E1_OfflineEINV2_Velocity_seed2027_validation/results.csv,419950409,100,0.4266945356822932,0.6754215788688256,10.397127093662364,0.7406580318594611,0.2670941855352549
EINV2,noncausal,E1,0.2,2028,evaluation,TAU2020 FOA,"2,3,4,5,6",1,SCORED_SAVED_PREDICTIONS,dcase2023_micro,E1_OfflineEINV2_Velocity_seed2028,configs/einv2/E1.yaml,/work/zhanghc/Myllm/SELD/experiment_completion_20260904/configs/Completion_20260904_E1_OfflineEINV2_Velocity_seed2028_evaluation.yaml,/work/zhanghc/Myllm/SELD/EINV2/E1_OfflineEINV2_Velocity_seed2026/out_train/ein_seld/E1_OfflineEINV2_Velocity_seed2028/checkpoints/completion_20260904_E1_seed2028_epoch_83.pth,/work/zhanghc/Myllm/SELD/EINV2/E1_OfflineEINV2_Velocity_seed2026/out_infer/ein_seld/Completion_20260904_E1_OfflineEINV2_Velocity_seed2028_evaluation/submissions,/work/zhanghc/Myllm/SELD/EINV2/E1_OfflineEINV2_Velocity_seed2026/out_eval/ein_seld/Completion_20260904_E1_OfflineEINV2_Velocity_seed2028_evaluation/results.csv,419950409,200,0.3619239073784528,0.7372251931075461,9.837159775262553,0.7986492504081936,0.22017508787576517
EINV2,noncausal,E1,0.2,2028,validation,TAU2020 FOA,"2,3,4,5,6",1,SCORED_SAVED_PREDICTIONS,dcase2023_micro,E1_OfflineEINV2_Velocity_seed2028,configs/einv2/E1.yaml,/work/zhanghc/Myllm/SELD/experiment_completion_20260904/configs/Completion_20260904_E1_OfflineEINV2_Velocity_seed2028_validation.yaml,/work/zhanghc/Myllm/SELD/EINV2/E1_OfflineEINV2_Velocity_seed2026/out_train/ein_seld/E1_OfflineEINV2_Velocity_seed2028/checkpoints/completion_20260904_E1_seed2028_epoch_83.pth,/work/zhanghc/Myllm/SELD/EINV2/E1_OfflineEINV2_Velocity_seed2026/out_infer/ein_seld/Completion_20260904_E1_OfflineEINV2_Velocity_seed2028_validation/submissions,/work/zhanghc/Myllm/SELD/EINV2/E1_OfflineEINV2_Velocity_seed2026/out_eval/ein_seld/Completion_20260904_E1_OfflineEINV2_Velocity_seed2028_validation/results.csv,419950409,100,0.42340997312630635,0.6839955440029707,9.99827892588788,0.7500744712540959,0.26122148797548755
EINV2,noncausal,E2,0.2,2026,evaluation,TAU2020 FOA,"2,3,4,5,6",1,SCORED_SAVED_PREDICTIONS,dcase2023_micro,E2_OfflineEINV2_JEPAConsistency_seed2026,configs/einv2/E2.yaml,/work/zhanghc/Myllm/SELD/experiment_completion_20260904/configs/Completion_20260904_E2_OfflineEINV2_JEPAConsistency_seed2026_evaluation.yaml,/work/zhanghc/Myllm/SELD/EINV2/E2_OfflineEINV2_JEPAConsistency_seed2026/out_train/ein_seld/E2_OfflineEINV2_JEPAConsistency_seed2026/checkpoints/rabbit02_gpu4_e2_epoch_60.pth,/work/zhanghc/Myllm/SELD/EINV2/E2_OfflineEINV2_JEPAConsistency_seed2026/out_infer/ein_seld/Completion_20260904_E2_OfflineEINV2_JEPAConsistency_seed2026_evaluation/submissions,/work/zhanghc/Myllm/SELD/EINV2/E2_OfflineEINV2_JEPAConsistency_seed2026/out_eval/ein_seld/Completion_20260904_E2_OfflineEINV2_JEPAConsistency_seed2026_evaluation/results.csv,528853120,200,0.37242200878564513,0.7170748222548246,11.271464555989432,0.7740498812351544,0.2359791382072352
EINV2,noncausal,E2,0.2,2026,validation,TAU2020 FOA,"2,3,4,5,6",1,SCORED_SAVED_PREDICTIONS,dcase2023_micro,E2_OfflineEINV2_JEPAConsistency_seed2026,configs/einv2/E2.yaml,/work/zhanghc/Myllm/SELD/experiment_completion_20260904/configs/Completion_20260904_E2_OfflineEINV2_JEPAConsistency_seed2026_validation.yaml,/work/zhanghc/Myllm/SELD/EINV2/E2_OfflineEINV2_JEPAConsistency_seed2026/out_train/ein_seld/E2_OfflineEINV2_JEPAConsistency_seed2026/checkpoints/rabbit02_gpu4_e2_epoch_60.pth,/work/zhanghc/Myllm/SELD/EINV2/E2_OfflineEINV2_JEPAConsistency_seed2026/out_infer/ein_seld/Completion_20260904_E2_OfflineEINV2_JEPAConsistency_seed2026_validation/submissions,/work/zhanghc/Myllm/SELD/EINV2/E2_OfflineEINV2_JEPAConsistency_seed2026/out_eval/ein_seld/Completion_20260904_E2_OfflineEINV2_JEPAConsistency_seed2026_validation/results.csv,528853120,100,0.4117647058823529,0.6929075380616413,10.752086618697781,0.757034390352836,0.25538914800404916
EINV2,noncausal,E2,0.2,2027,evaluation,TAU2020 FOA,"2,3,4,5,6",1,SCORED_SAVED_PREDICTIONS,dcase2023_micro,E2_OfflineEINV2_JEPAConsistency_seed2027,configs/einv2/E2.yaml,/work/zhanghc/Myllm/SELD/experiment_completion_20260904/configs/Completion_20260904_E2_OfflineEINV2_JEPAConsistency_seed2027_evaluation.yaml,/work/zhanghc/Myllm/SELD/EINV2/E2_OfflineEINV2_JEPAConsistency_seed2026/out_train/ein_seld/E2_OfflineEINV2_JEPAConsistency_seed2027/checkpoints/completion_20260904_E2_seed2027_epoch_90.pth,/work/zhanghc/Myllm/SELD/EINV2/E2_OfflineEINV2_JEPAConsistency_seed2026/out_infer/ein_seld/Completion_20260904_E2_OfflineEINV2_JEPAConsistency_seed2027_evaluation/submissions,/work/zhanghc/Myllm/SELD/EINV2/E2_OfflineEINV2_JEPAConsistency_seed2026/out_eval/ein_seld/Completion_20260904_E2_OfflineEINV2_JEPAConsistency_seed2027_evaluation/results.csv,528869774,200,0.37175191720646267,0.7176199992458806,10.70759966436347,0.7750315445706227,0.23464675954799463
EINV2,noncausal,E2,0.2,2027,validation,TAU2020 FOA,"2,3,4,5,6",1,SCORED_SAVED_PREDICTIONS,dcase2023_micro,E2_OfflineEINV2_JEPAConsistency_seed2027,configs/einv2/E2.yaml,/work/zhanghc/Myllm/SELD/experiment_completion_20260904/configs/Completion_20260904_E2_OfflineEINV2_JEPAConsistency_seed2027_validation.yaml,/work/zhanghc/Myllm/SELD/EINV2/E2_OfflineEINV2_JEPAConsistency_seed2026/out_train/ein_seld/E2_OfflineEINV2_JEPAConsistency_seed2027/checkpoints/completion_20260904_E2_seed2027_epoch_90.pth,/work/zhanghc/Myllm/SELD/EINV2/E2_OfflineEINV2_JEPAConsistency_seed2026/out_infer/ein_seld/Completion_20260904_E2_OfflineEINV2_JEPAConsistency_seed2027_validation/submissions,/work/zhanghc/Myllm/SELD/EINV2/E2_OfflineEINV2_JEPAConsistency_seed2026/out_eval/ein_seld/Completion_20260904_E2_OfflineEINV2_JEPAConsistency_seed2027_validation/results.csv,528869774,100,0.43445804717826214,0.6805792796138136,10.378993192976107,0.7456845238095238,0.2664638292623091
EINV2,noncausal,E2,0.2,2028,evaluation,TAU2020 FOA,"2,3,4,5,6",1,SCORED_SAVED_PREDICTIONS,dcase2023_micro,E2_OfflineEINV2_JEPAConsistency_seed2028,configs/einv2/E2.yaml,/work/zhanghc/Myllm/SELD/experiment_completion_20260904/configs/Completion_20260904_E2_OfflineEINV2_JEPAConsistency_seed2028_evaluation.yaml,/work/zhanghc/Myllm/SELD/EINV2/E2_OfflineEINV2_JEPAConsistency_seed2026/out_train/ein_seld/E2_OfflineEINV2_JEPAConsistency_seed2028/checkpoints/completion_20260904_E2_seed2028_epoch_85.pth,/work/zhanghc/Myllm/SELD/EINV2/E2_OfflineEINV2_JEPAConsistency_seed2026/out_infer/ein_seld/Completion_20260904_E2_OfflineEINV2_JEPAConsistency_seed2028_evaluation/submissions,/work/zhanghc/Myllm/SELD/EINV2/E2_OfflineEINV2_JEPAConsistency_seed2026/out_eval/ein_seld/Completion_20260904_E2_OfflineEINV2_JEPAConsistency_seed2028_evaluation/results.csv,528869710,200,0.39863003499367133,0.6941634824305087,13.097819448354686,0.7878585723815877,0.24734341094588633
EINV2,noncausal,E2,0.2,2028,validation,TAU2020 FOA,"2,3,4,5,6",1,SCORED_SAVED_PREDICTIONS,dcase2023_micro,E2_OfflineEINV2_JEPAConsistency_seed2028,configs/einv2/E2.yaml,/work/zhanghc/Myllm/SELD/experiment_completion_20260904/configs/Completion_20260904_E2_OfflineEINV2_JEPAConsistency_seed2028_validation.yaml,/work/zhanghc/Myllm/SELD/EINV2/E2_OfflineEINV2_JEPAConsistency_seed2026/out_train/ein_seld/E2_OfflineEINV2_JEPAConsistency_seed2028/checkpoints/completion_20260904_E2_seed2028_epoch_85.pth,/work/zhanghc/Myllm/SELD/EINV2/E2_OfflineEINV2_JEPAConsistency_seed2026/out_infer/ein_seld/Completion_20260904_E2_OfflineEINV2_JEPAConsistency_seed2028_validation/submissions,/work/zhanghc/Myllm/SELD/EINV2/E2_OfflineEINV2_JEPAConsistency_seed2026/out_eval/ein_seld/Completion_20260904_E2_OfflineEINV2_JEPAConsistency_seed2028_validation/results.csv,528869710,100,0.4674529710361302,0.6447796509908311,12.787835602162112,0.7484014869888476,0.2863288410448936
EINV2,noncausal,E3,0.2,2026,evaluation,TAU2020 FOA,"2,3,4,5,6",1,SCORED_SAVED_PREDICTIONS,dcase2023_micro,E3_OfflineEINV2_Velocity_JEPAConsistency_seed2026,configs/einv2/E3.yaml,/work/zhanghc/Myllm/SELD/experiment_completion_20260904/configs/Completion_20260904_E3_OfflineEINV2_Velocity_JEPAConsistency_seed2026_evaluation.yaml,/work/zhanghc/Myllm/SELD/EINV2/E3_OfflineEINV2_Velocity_JEPAConsistency_seed2026/out_train/ein_seld/E3_OfflineEINV2_Velocity_JEPAConsistency_seed2026/checkpoints/rabbit02_gpu4_e3_epoch_88.pth,/work/zhanghc/Myllm/SELD/EINV2/E3_OfflineEINV2_Velocity_JEPAConsistency_seed2026/out_infer/ein_seld/Completion_20260904_E3_OfflineEINV2_Velocity_JEPAConsistency_seed2026_evaluation/submissions,/work/zhanghc/Myllm/SELD/EINV2/E3_OfflineEINV2_Velocity_JEPAConsistency_seed2026/out_eval/ein_seld/Completion_20260904_E3_OfflineEINV2_Velocity_JEPAConsistency_seed2026_evaluation/results.csv,528922328,200,0.37569801206164843,0.7219555753990401,9.970757343046328,0.7769442174849588,0.23304782888197673
EINV2,noncausal,E3,0.2,2026,validation,TAU2020 FOA,"2,3,4,5,6",1,SCORED_SAVED_PREDICTIONS,dcase2023_micro,E3_OfflineEINV2_Velocity_JEPAConsistency_seed2026,configs/einv2/E3.yaml,/work/zhanghc/Myllm/SELD/experiment_completion_20260904/configs/Completion_20260904_E3_OfflineEINV2_Velocity_JEPAConsistency_seed2026_validation.yaml,/work/zhanghc/Myllm/SELD/EINV2/E3_OfflineEINV2_Velocity_JEPAConsistency_seed2026/out_train/ein_seld/E3_OfflineEINV2_Velocity_JEPAConsistency_seed2026/checkpoints/rabbit02_gpu4_e3_epoch_88.pth,/work/zhanghc/Myllm/SELD/EINV2/E3_OfflineEINV2_Velocity_JEPAConsistency_seed2026/out_infer/ein_seld/Completion_20260904_E3_OfflineEINV2_Velocity_JEPAConsistency_seed2026_validation/submissions,/work/zhanghc/Myllm/SELD/EINV2/E3_OfflineEINV2_Velocity_JEPAConsistency_seed2026/out_eval/ein_seld/Completion_20260904_E3_OfflineEINV2_Velocity_JEPAConsistency_seed2026_validation/results.csv,528922328,100,0.43684681994625263,0.6769413159454654,9.06343423120656,0.7295204051236223,0.27018437781818927
EINV2,noncausal,E3,0.2,2027,evaluation,TAU2020 FOA,"2,3,4,5,6",1,SCORED_SAVED_PREDICTIONS,dcase2023_micro,E3_OfflineEINV2_Velocity_JEPAConsistency_seed2027,configs/einv2/E3.yaml,/work/zhanghc/Myllm/SELD/experiment_completion_20260904/configs/Completion_20260904_E3_OfflineEINV2_Velocity_JEPAConsistency_seed2027_evaluation.yaml,/work/zhanghc/Myllm/SELD/EINV2/E3_OfflineEINV2_Velocity_JEPAConsistency_seed2026/out_train/ein_seld/E3_OfflineEINV2_Velocity_JEPAConsistency_seed2027/checkpoints/completion_20260904_E3_seed2027_epoch_68.pth,/work/zhanghc/Myllm/SELD/EINV2/E3_OfflineEINV2_Velocity_JEPAConsistency_seed2026/out_infer/ein_seld/Completion_20260904_E3_OfflineEINV2_Velocity_JEPAConsistency_seed2027_evaluation/submissions,/work/zhanghc/Myllm/SELD/EINV2/E3_OfflineEINV2_Velocity_JEPAConsistency_seed2026/out_eval/ein_seld/Completion_20260904_E3_OfflineEINV2_Velocity_JEPAConsistency_seed2027_evaluation/results.csv,528939214,200,0.40883031792122704,0.6882060551287844,13.10332014600781,0.7680847909872517,0.2563339237096419
EINV2,noncausal,E3,0.2,2027,validation,TAU2020 FOA,"2,3,4,5,6",1,SCORED_SAVED_PREDICTIONS,dcase2023_micro,E3_OfflineEINV2_Velocity_JEPAConsistency_seed2027,configs/einv2/E3.yaml,/work/zhanghc/Myllm/SELD/experiment_completion_20260904/configs/Completion_20260904_E3_OfflineEINV2_Velocity_JEPAConsistency_seed2027_validation.yaml,/work/zhanghc/Myllm/SELD/EINV2/E3_OfflineEINV2_Velocity_JEPAConsistency_seed2026/out_train/ein_seld/E3_OfflineEINV2_Velocity_JEPAConsistency_seed2027/checkpoints/completion_20260904_E3_seed2027_epoch_68.pth,/work/zhanghc/Myllm/SELD/EINV2/E3_OfflineEINV2_Velocity_JEPAConsistency_seed2026/out_infer/ein_seld/Completion_20260904_E3_OfflineEINV2_Velocity_JEPAConsistency_seed2027_validation/submissions,/work/zhanghc/Myllm/SELD/EINV2/E3_OfflineEINV2_Velocity_JEPAConsistency_seed2026/out_eval/ein_seld/Completion_20260904_E3_OfflineEINV2_Velocity_JEPAConsistency_seed2027_validation/results.csv,528939214,100,0.46909525231412363,0.6457405758385277,12.131406353759209,0.7404318689501117,0.2875798773727033
EINV2,noncausal,E3,0.2,2028,evaluation,TAU2020 FOA,"2,3,4,5,6",1,SCORED_SAVED_PREDICTIONS,dcase2023_micro,E3_OfflineEINV2_Velocity_JEPAConsistency_seed2028,configs/einv2/E3.yaml,/work/zhanghc/Myllm/SELD/experiment_completion_20260904/configs/Completion_20260904_E3_OfflineEINV2_Velocity_JEPAConsistency_seed2028_evaluation.yaml,/work/zhanghc/Myllm/SELD/EINV2/E3_OfflineEINV2_Velocity_JEPAConsistency_seed2026/out_train/ein_seld/E3_OfflineEINV2_Velocity_JEPAConsistency_seed2028/checkpoints/completion_20260904_E3_seed2028_epoch_85.pth,/work/zhanghc/Myllm/SELD/EINV2/E3_OfflineEINV2_Velocity_JEPAConsistency_seed2026/out_infer/ein_seld/Completion_20260904_E3_OfflineEINV2_Velocity_JEPAConsistency_seed2028_evaluation/submissions,/work/zhanghc/Myllm/SELD/EINV2/E3_OfflineEINV2_Velocity_JEPAConsistency_seed2026/out_eval/ein_seld/Completion_20260904_E3_OfflineEINV2_Velocity_JEPAConsistency_seed2028_evaluation/results.csv,528939214,200,0.410617228799047,0.6879276180506225,13.152559405863107,0.7823028507960015,0.25336413360736004
EINV2,noncausal,E3,0.2,2028,validation,TAU2020 FOA,"2,3,4,5,6",1,SCORED_SAVED_PREDICTIONS,dcase2023_micro,E3_OfflineEINV2_Velocity_JEPAConsistency_seed2028,configs/einv2/E3.yaml,/work/zhanghc/Myllm/SELD/experiment_completion_20260904/configs/Completion_20260904_E3_OfflineEINV2_Velocity_JEPAConsistency_seed2028_validation.yaml,/work/zhanghc/Myllm/SELD/EINV2/E3_OfflineEINV2_Velocity_JEPAConsistency_seed2026/out_train/ein_seld/E3_OfflineEINV2_Velocity_JEPAConsistency_seed2028/checkpoints/completion_20260904_E3_seed2028_epoch_85.pth,/work/zhanghc/Myllm/SELD/EINV2/E3_OfflineEINV2_Velocity_JEPAConsistency_seed2026/out_infer/ein_seld/Completion_20260904_E3_OfflineEINV2_Velocity_JEPAConsistency_seed2028_validation/submissions,/work/zhanghc/Myllm/SELD/EINV2/E3_OfflineEINV2_Velocity_JEPAConsistency_seed2026/out_eval/ein_seld/Completion_20260904_E3_OfflineEINV2_Velocity_JEPAConsistency_seed2028_validation/results.csv,528939214,100,0.4720812182741117,0.6414476133740412,12.218511578326018,0.7392793329362716,0.2898087229608469
Multi-ACCDOA,causal,C0,0,2026,evaluation,TAU2020 FOA,"2,3,4,5,6",1,SCORED_SAVED_PREDICTIONS,dcase2023_micro,paper_v1_C0_seed2026,configs/multi_accdoa/C0.json,/work/zhanghc/Myllm/SELD/DynamicCausalMultiACCDOA_TAU2020/runs/manifests/35_paper_v1_C0_seed2026_eval_split0_multiaccdoa_foa.json#params,/work/zhanghc/Myllm/SELD/DynamicCausalMultiACCDOA_TAU2020/runs/models/35_paper_v1_C0_seed2026_eval_split0_multiaccdoa_foa_model.h5,/work/zhanghc/Myllm/SELD/DynamicCausalMultiACCDOA_TAU2020/runs/results/35_paper_v1_C0_seed2026_eval_split0_multiaccdoa_foa_20260902095315_test,/work/zhanghc/Myllm/SELD/DynamicCausalMultiACCDOA_TAU2020/runs/manifests/35_paper_v1_C0_seed2026_eval_split0_multiaccdoa_foa.json,4888475,200,0.6035291489836945,0.4965840482999682,15.355293128001897,0.5734281270828705,0.4047060394113277
Multi-ACCDOA,causal,C0,0,2026,validation,TAU2020 FOA,"2,3,4,5,6",1,SCORED_SAVED_PREDICTIONS,dcase2023_micro,paper_v1_C0_seed2026,configs/multi_accdoa/C0.json,/work/zhanghc/Myllm/SELD/DynamicCausalMultiACCDOA_TAU2020/runs/manifests/35_paper_v1_C0_seed2026_eval_split0_multiaccdoa_foa.json#params,/work/zhanghc/Myllm/SELD/DynamicCausalMultiACCDOA_TAU2020/runs/models/35_paper_v1_C0_seed2026_eval_split0_multiaccdoa_foa_model.h5,/work/zhanghc/Myllm/SELD/DynamicCausalMultiACCDOA_TAU2020/runs/analysis/threshold_predictions/Completion_20260904_paper_v1_C0_seed2026_validation_seed2026_validation_t050,/work/zhanghc/Myllm/SELD/experiment_completion_20260904/results/Completion_20260904_paper_v1_C0_seed2026_validation.csv,4888475,100,0.6458644371454165,0.4630620557463461,16.31397259477845,0.5449806374739351,0.4321137312518094
Multi-ACCDOA,causal,C0,0,2027,evaluation,TAU2020 FOA,"2,3,4,5,6",1,SCORED_SAVED_PREDICTIONS,dcase2023_micro,paper_v1_C0_seed2027,configs/multi_accdoa/C0.json,/work/zhanghc/Myllm/SELD/DynamicCausalMultiACCDOA_TAU2020/runs/manifests/35_paper_v1_C0_seed2027_eval_split0_multiaccdoa_foa.json#params,/work/zhanghc/Myllm/SELD/DynamicCausalMultiACCDOA_TAU2020/runs/models/35_paper_v1_C0_seed2027_eval_split0_multiaccdoa_foa_model.h5,/work/zhanghc/Myllm/SELD/DynamicCausalMultiACCDOA_TAU2020/runs/results/35_paper_v1_C0_seed2027_eval_split0_multiaccdoa_foa_20260902122653_test,/work/zhanghc/Myllm/SELD/DynamicCausalMultiACCDOA_TAU2020/runs/manifests/35_paper_v1_C0_seed2027_eval_split0_multiaccdoa_foa.json,4888475,200,0.6120914302732484,0.49002217294900224,15.444784744303728,0.5725083364208966,0.4088413201484814
Multi-ACCDOA,causal,C0,0,2027,validation,TAU2020 FOA,"2,3,4,5,6",1,SCORED_SAVED_PREDICTIONS,dcase2023_micro,paper_v1_C0_seed2027,configs/multi_accdoa/C0.json,/work/zhanghc/Myllm/SELD/DynamicCausalMultiACCDOA_TAU2020/runs/manifests/35_paper_v1_C0_seed2027_eval_split0_multiaccdoa_foa.json#params,/work/zhanghc/Myllm/SELD/DynamicCausalMultiACCDOA_TAU2020/runs/models/35_paper_v1_C0_seed2027_eval_split0_multiaccdoa_foa_model.h5,/work/zhanghc/Myllm/SELD/DynamicCausalMultiACCDOA_TAU2020/runs/analysis/threshold_predictions/Completion_20260904_paper_v1_C0_seed2027_validation_seed2027_validation_t050,/work/zhanghc/Myllm/SELD/experiment_completion_20260904/results/Completion_20260904_paper_v1_C0_seed2027_validation.csv,4888475,100,0.6313825022394745,0.4727041222346013,15.510696159236765,0.5470938897168406,0.4244387561265036
Multi-ACCDOA,causal,C0,0,2028,evaluation,TAU2020 FOA,"2,3,4,5,6",1,SCORED_SAVED_PREDICTIONS,dcase2023_micro,paper_v1_C0_seed2028,configs/multi_accdoa/C0.json,/work/zhanghc/Myllm/SELD/DynamicCausalMultiACCDOA_TAU2020/runs/manifests/35_paper_v1_C0_seed2028_eval_split0_multiaccdoa_foa.json#params,/work/zhanghc/Myllm/SELD/DynamicCausalMultiACCDOA_TAU2020/runs/models/35_paper_v1_C0_seed2028_eval_split0_multiaccdoa_foa_model.h5,/work/zhanghc/Myllm/SELD/DynamicCausalMultiACCDOA_TAU2020/runs/results/35_paper_v1_C0_seed2028_eval_split0_multiaccdoa_foa_20260902131803_test,/work/zhanghc/Myllm/SELD/DynamicCausalMultiACCDOA_TAU2020/runs/manifests/35_paper_v1_C0_seed2028_eval_split0_multiaccdoa_foa.json,4888475,200,0.6159630705085251,0.48278051102999525,15.23286959351985,0.557770695916401,0.41500972921486534
Multi-ACCDOA,causal,C0,0,2028,validation,TAU2020 FOA,"2,3,4,5,6",1,SCORED_SAVED_PREDICTIONS,dcase2023_micro,paper_v1_C0_seed2028,configs/multi_accdoa/C0.json,/work/zhanghc/Myllm/SELD/DynamicCausalMultiACCDOA_TAU2020/runs/manifests/35_paper_v1_C0_seed2028_eval_split0_multiaccdoa_foa.json#params,/work/zhanghc/Myllm/SELD/DynamicCausalMultiACCDOA_TAU2020/runs/models/35_paper_v1_C0_seed2028_eval_split0_multiaccdoa_foa_model.h5,/work/zhanghc/Myllm/SELD/DynamicCausalMultiACCDOA_TAU2020/runs/analysis/threshold_predictions/Completion_20260904_paper_v1_C0_seed2028_validation_seed2028_validation_t050,/work/zhanghc/Myllm/SELD/experiment_completion_20260904/results/Completion_20260904_paper_v1_C0_seed2028_validation.csv,4888475,100,0.6307853090474769,0.46859903381642515,15.33700057666614,0.5471079308288611,0.42507097579036174
Multi-ACCDOA,causal,C1_lambda005,0.05,2026,evaluation,TAU2020 FOA,"2,3,4,5,6",1,SCORED_SAVED_PREDICTIONS,dcase2023_micro,pilot_v2_C1_lambda005_seed2026,configs/multi_accdoa/C1.json,/work/zhanghc/Myllm/SELD/DynamicCausalMultiACCDOA_TAU2020/runs/manifests/40_pilot_v2_C1_lambda005_seed2026_eval_split0_multiaccdoa_foa.json#params,/work/zhanghc/Myllm/SELD/DynamicCausalMultiACCDOA_TAU2020/runs/models/40_pilot_v2_C1_lambda005_seed2026_eval_split0_multiaccdoa_foa_model.h5,/work/zhanghc/Myllm/SELD/DynamicCausalMultiACCDOA_TAU2020/runs/analysis/threshold_predictions/Completion_20260904_pilot_v2_C1_lambda005_seed2026_evaluation_seed2026_evaluation_t050,/work/zhanghc/Myllm/SELD/experiment_completion_20260904/results/Completion_20260904_pilot_v2_C1_lambda005_seed2026_evaluation.csv,4888475,200,0.5973494155312337,0.5001399272378363,15.044067236540993,0.566807626678537,0.4034950032322443
Multi-ACCDOA,causal,C1_lambda005,0.05,2026,validation,TAU2020 FOA,"2,3,4,5,6",1,SCORED_SAVED_PREDICTIONS,dcase2023_micro,pilot_v2_C1_lambda005_seed2026,configs/multi_accdoa/C1.json,/work/zhanghc/Myllm/SELD/DynamicCausalMultiACCDOA_TAU2020/runs/manifests/40_pilot_v2_C1_lambda005_seed2026_eval_split0_multiaccdoa_foa.json#params,/work/zhanghc/Myllm/SELD/DynamicCausalMultiACCDOA_TAU2020/runs/models/40_pilot_v2_C1_lambda005_seed2026_eval_split0_multiaccdoa_foa_model.h5,/work/zhanghc/Myllm/SELD/DynamicCausalMultiACCDOA_TAU2020/runs/analysis/threshold_predictions/Completion_20260904_pilot_v2_C1_lambda005_seed2026_validation_seed2026_validation_t050,/work/zhanghc/Myllm/SELD/experiment_completion_20260904/results/Completion_20260904_pilot_v2_C1_lambda005_seed2026_validation.csv,4888475,100,0.6231710958495074,0.4764292067599256,15.170026950311188,0.543057210965435,0.4219906514064689
Multi-ACCDOA,causal,C1_lambda005,0.05,2027,evaluation,TAU2020 FOA,"2,3,4,5,6",1,SCORED_SAVED_PREDICTIONS,dcase2023_micro,promoted_v2_C1_lambda005_seed2027,configs/multi_accdoa/C1.json,/work/zhanghc/Myllm/SELD/DynamicCausalMultiACCDOA_TAU2020/runs/manifests/40_promoted_v2_C1_lambda005_seed2027_eval_split0_multiaccdoa_foa.json#params,/work/zhanghc/Myllm/SELD/DynamicCausalMultiACCDOA_TAU2020/runs/models/40_promoted_v2_C1_lambda005_seed2027_eval_split0_multiaccdoa_foa_model.h5,/work/zhanghc/Myllm/SELD/DynamicCausalMultiACCDOA_TAU2020/runs/analysis/threshold_predictions/Completion_20260904_promoted_v2_C1_lambda005_seed2027_evaluation_seed2027_evaluation_t050,/work/zhanghc/Myllm/SELD/experiment_completion_20260904/results/Completion_20260904_promoted_v2_C1_lambda005_seed2027_evaluation.csv,4888475,200,0.6146228873501601,0.48052837179332286,15.42352840392656,0.5490545050055617,0.4176815698654947
Multi-ACCDOA,causal,C1_lambda005,0.05,2027,validation,TAU2020 FOA,"2,3,4,5,6",1,SCORED_SAVED_PREDICTIONS,dcase2023_micro,promoted_v2_C1_lambda005_seed2027,configs/multi_accdoa/C1.json,/work/zhanghc/Myllm/SELD/DynamicCausalMultiACCDOA_TAU2020/runs/manifests/40_promoted_v2_C1_lambda005_seed2027_eval_split0_multiaccdoa_foa.json#params,/work/zhanghc/Myllm/SELD/DynamicCausalMultiACCDOA_TAU2020/runs/models/40_promoted_v2_C1_lambda005_seed2027_eval_split0_multiaccdoa_foa_model.h5,/work/zhanghc/Myllm/SELD/DynamicCausalMultiACCDOA_TAU2020/runs/analysis/threshold_predictions/Completion_20260904_promoted_v2_C1_lambda005_seed2027_validation_seed2027_validation_t050,/work/zhanghc/Myllm/SELD/experiment_completion_20260904/results/Completion_20260904_promoted_v2_C1_lambda005_seed2027_validation.csv,4888475,100,0.6239175873395043,0.4788166251306375,15.416628509781864,0.5569129916567342,0.4184589766793968
Multi-ACCDOA,causal,C1_lambda005,0.05,2028,evaluation,TAU2020 FOA,"2,3,4,5,6",1,SCORED_SAVED_PREDICTIONS,dcase2023_micro,promoted_v2_C1_lambda005_seed2028,configs/multi_accdoa/C1.json,/work/zhanghc/Myllm/SELD/DynamicCausalMultiACCDOA_TAU2020/runs/manifests/40_promoted_v2_C1_lambda005_seed2028_eval_split0_multiaccdoa_foa.json#params,/work/zhanghc/Myllm/SELD/DynamicCausalMultiACCDOA_TAU2020/runs/models/40_promoted_v2_C1_lambda005_seed2028_eval_split0_multiaccdoa_foa_model.h5,/work/zhanghc/Myllm/SELD/DynamicCausalMultiACCDOA_TAU2020/runs/analysis/threshold_predictions/Completion_20260904_promoted_v2_C1_lambda005_seed2028_evaluation_seed2028_evaluation_t050,/work/zhanghc/Myllm/SELD/experiment_completion_20260904/results/Completion_20260904_promoted_v2_C1_lambda005_seed2028_evaluation.csv,4888475,200,0.606507333780061,0.48577733199598794,15.197679036797952,0.5582981246757097,0.4117158568281991
Multi-ACCDOA,causal,C1_lambda005,0.05,2028,validation,TAU2020 FOA,"2,3,4,5,6",1,SCORED_SAVED_PREDICTIONS,dcase2023_micro,promoted_v2_C1_lambda005_seed2028,configs/multi_accdoa/C1.json,/work/zhanghc/Myllm/SELD/DynamicCausalMultiACCDOA_TAU2020/runs/manifests/40_promoted_v2_C1_lambda005_seed2028_eval_split0_multiaccdoa_foa.json#params,/work/zhanghc/Myllm/SELD/DynamicCausalMultiACCDOA_TAU2020/runs/models/40_promoted_v2_C1_lambda005_seed2028_eval_split0_multiaccdoa_foa_model.h5,/work/zhanghc/Myllm/SELD/DynamicCausalMultiACCDOA_TAU2020/runs/analysis/threshold_predictions/Completion_20260904_promoted_v2_C1_lambda005_seed2028_validation_seed2028_validation_t050,/work/zhanghc/Myllm/SELD/experiment_completion_20260904/results/Completion_20260904_promoted_v2_C1_lambda005_seed2028_validation.csv,4888475,100,0.6279486413854882,0.470286721127663,15.898796253004948,0.5559033989266547,0.4225212917952995
Multi-ACCDOA,causal,C2_lambda005,0.05,2026,evaluation,TAU2020 FOA,"2,3,4,5,6",1,SCORED_SAVED_PREDICTIONS,dcase2023_micro,pilot_v2_C2_lambda005_seed2026,configs/multi_accdoa/C2.json,/work/zhanghc/Myllm/SELD/DynamicCausalMultiACCDOA_TAU2020/runs/manifests/41_pilot_v2_C2_lambda005_seed2026_eval_split0_multiaccdoa_foa.json#params,/work/zhanghc/Myllm/SELD/DynamicCausalMultiACCDOA_TAU2020/runs/models/41_pilot_v2_C2_lambda005_seed2026_eval_split0_multiaccdoa_foa_model.h5,/work/zhanghc/Myllm/SELD/DynamicCausalMultiACCDOA_TAU2020/runs/analysis/threshold_predictions/Completion_20260904_pilot_v2_C2_lambda005_seed2026_evaluation_seed2026_evaluation_t050,/work/zhanghc/Myllm/SELD/experiment_completion_20260904/results/Completion_20260904_pilot_v2_C2_lambda005_seed2026_evaluation.csv,4888475,200,0.599731963368327,0.4971038229537011,15.098127594918646,0.5650304018982649,0.40536905628869946
Multi-ACCDOA,causal,C2_lambda005,0.05,2026,validation,TAU2020 FOA,"2,3,4,5,6",1,SCORED_SAVED_PREDICTIONS,dcase2023_micro,pilot_v2_C2_lambda005_seed2026,configs/multi_accdoa/C2.json,/work/zhanghc/Myllm/SELD/DynamicCausalMultiACCDOA_TAU2020/runs/manifests/41_pilot_v2_C2_lambda005_seed2026_eval_split0_multiaccdoa_foa.json#params,/work/zhanghc/Myllm/SELD/DynamicCausalMultiACCDOA_TAU2020/runs/models/41_pilot_v2_C2_lambda005_seed2026_eval_split0_multiaccdoa_foa_model.h5,/work/zhanghc/Myllm/SELD/DynamicCausalMultiACCDOA_TAU2020/runs/analysis/threshold_predictions/Completion_20260904_pilot_v2_C2_lambda005_seed2026_validation_seed2026_validation_t050,/work/zhanghc/Myllm/SELD/experiment_completion_20260904/results/Completion_20260904_pilot_v2_C2_lambda005_seed2026_validation.csv,4888475,100,0.6295909226634816,0.4754909787641705,15.65810839239295,0.5597081596188207,0.42034531883733506
Multi-ACCDOA,causal,C2_lambda005,0.05,2027,evaluation,TAU2020 FOA,"2,3,4,5,6",1,SCORED_SAVED_PREDICTIONS,dcase2023_micro,promoted_v2_C2_lambda005_seed2027,configs/multi_accdoa/C2.json,/work/zhanghc/Myllm/SELD/DynamicCausalMultiACCDOA_TAU2020/runs/manifests/41_promoted_v2_C2_lambda005_seed2027_eval_split0_multiaccdoa_foa.json#params,/work/zhanghc/Myllm/SELD/DynamicCausalMultiACCDOA_TAU2020/runs/models/41_promoted_v2_C2_lambda005_seed2027_eval_split0_multiaccdoa_foa_model.h5,/work/zhanghc/Myllm/SELD/DynamicCausalMultiACCDOA_TAU2020/runs/analysis/threshold_predictions/Completion_20260904_promoted_v2_C2_lambda005_seed2027_evaluation_seed2027_evaluation_t050,/work/zhanghc/Myllm/SELD/experiment_completion_20260904/results/Completion_20260904_promoted_v2_C2_lambda005_seed2027_evaluation.csv,4888475,200,0.6256421710967166,0.4802799732609807,15.366973457924912,0.5675936225435669,0.41578516251460457
Multi-ACCDOA,causal,C2_lambda005,0.05,2027,validation,TAU2020 FOA,"2,3,4,5,6",1,SCORED_SAVED_PREDICTIONS,dcase2023_micro,promoted_v2_C2_lambda005_seed2027,configs/multi_accdoa/C2.json,/work/zhanghc/Myllm/SELD/DynamicCausalMultiACCDOA_TAU2020/runs/manifests/41_promoted_v2_C2_lambda005_seed2027_eval_split0_multiaccdoa_foa.json#params,/work/zhanghc/Myllm/SELD/DynamicCausalMultiACCDOA_TAU2020/runs/models/41_promoted_v2_C2_lambda005_seed2027_eval_split0_multiaccdoa_foa_model.h5,/work/zhanghc/Myllm/SELD/DynamicCausalMultiACCDOA_TAU2020/runs/analysis/threshold_predictions/Completion_20260904_promoted_v2_C2_lambda005_seed2027_validation_seed2027_validation_t050,/work/zhanghc/Myllm/SELD/experiment_completion_20260904/results/Completion_20260904_promoted_v2_C2_lambda005_seed2027_validation.csv,4888475,100,0.6398925052254404,0.4661749543976525,16.12732859402608,0.5499925495455222,0.42833031781226927
Multi-ACCDOA,causal,C2_lambda005,0.05,2028,evaluation,TAU2020 FOA,"2,3,4,5,6",1,SCORED_SAVED_PREDICTIONS,dcase2023_micro,promoted_v2_C2_lambda005_seed2028,configs/multi_accdoa/C2.json,/work/zhanghc/Myllm/SELD/DynamicCausalMultiACCDOA_TAU2020/runs/manifests/41_promoted_v2_C2_lambda005_seed2028_eval_split0_multiaccdoa_foa.json#params,/work/zhanghc/Myllm/SELD/DynamicCausalMultiACCDOA_TAU2020/runs/models/41_promoted_v2_C2_lambda005_seed2028_eval_split0_multiaccdoa_foa_model.h5,/work/zhanghc/Myllm/SELD/DynamicCausalMultiACCDOA_TAU2020/runs/analysis/threshold_predictions/Completion_20260904_promoted_v2_C2_lambda005_seed2028_evaluation_seed2028_evaluation_t050,/work/zhanghc/Myllm/SELD/experiment_completion_20260904/results/Completion_20260904_promoted_v2_C2_lambda005_seed2028_evaluation.csv,4888475,200,0.6218449854813491,0.48632027122920446,14.816300325904669,0.5591158581812787,0.41468040891480634
Multi-ACCDOA,causal,C2_lambda005,0.05,2028,validation,TAU2020 FOA,"2,3,4,5,6",1,SCORED_SAVED_PREDICTIONS,dcase2023_micro,promoted_v2_C2_lambda005_seed2028,configs/multi_accdoa/C2.json,/work/zhanghc/Myllm/SELD/DynamicCausalMultiACCDOA_TAU2020/runs/manifests/41_promoted_v2_C2_lambda005_seed2028_eval_split0_multiaccdoa_foa.json#params,/work/zhanghc/Myllm/SELD/DynamicCausalMultiACCDOA_TAU2020/runs/models/41_promoted_v2_C2_lambda005_seed2028_eval_split0_multiaccdoa_foa_model.h5,/work/zhanghc/Myllm/SELD/DynamicCausalMultiACCDOA_TAU2020/runs/analysis/threshold_predictions/Completion_20260904_promoted_v2_C2_lambda005_seed2028_validation_seed2028_validation_t050,/work/zhanghc/Myllm/SELD/experiment_completion_20260904/results/Completion_20260904_promoted_v2_C2_lambda005_seed2028_validation.csv,4888475,100,0.6298895192594804,0.47968960329400584,15.010989848364549,0.5469448584202683,0.421662361397919
Multi-ACCDOA,causal,C3_lambda005,0.05,2026,evaluation,TAU2020 FOA,"2,3,4,5,6",1,SCORED_SAVED_PREDICTIONS,dcase2023_micro,supplemental_v2_C3_lambda005_seed2026,configs/multi_accdoa/C3.json,/work/zhanghc/Myllm/SELD/DynamicCausalMultiACCDOA_TAU2020/runs/manifests/42_supplemental_v2_C3_lambda005_seed2026_eval_split0_multiaccdoa_foa.json#params,/work/zhanghc/Myllm/SELD/DynamicCausalMultiACCDOA_TAU2020/runs/models/42_supplemental_v2_C3_lambda005_seed2026_eval_split0_multiaccdoa_foa_model.h5,/work/zhanghc/Myllm/SELD/DynamicCausalMultiACCDOA_TAU2020/runs/analysis/threshold_predictions/Completion_20260904_supplemental_v2_C3_lambda005_seed2026_evaluation_seed2026_evaluation_t050,/work/zhanghc/Myllm/SELD/experiment_completion_20260904/results/Completion_20260904_supplemental_v2_C3_lambda005_seed2026_evaluation.csv,4888475,200,0.5995085995085995,0.505813027552158,14.695570389818604,0.5682812847711594,0.4017640862266242
Multi-ACCDOA,causal,C3_lambda005,0.05,2026,validation,TAU2020 FOA,"2,3,4,5,6",1,SCORED_SAVED_PREDICTIONS,dcase2023_micro,supplemental_v2_C3_lambda005_seed2026,configs/multi_accdoa/C3.json,/work/zhanghc/Myllm/SELD/DynamicCausalMultiACCDOA_TAU2020/runs/manifests/42_supplemental_v2_C3_lambda005_seed2026_eval_split0_multiaccdoa_foa.json#params,/work/zhanghc/Myllm/SELD/DynamicCausalMultiACCDOA_TAU2020/runs/models/42_supplemental_v2_C3_lambda005_seed2026_eval_split0_multiaccdoa_foa_model.h5,/work/zhanghc/Myllm/SELD/DynamicCausalMultiACCDOA_TAU2020/runs/analysis/threshold_predictions/Completion_20260904_supplemental_v2_C3_lambda005_seed2026_validation_seed2026_validation_t050,/work/zhanghc/Myllm/SELD/experiment_completion_20260904/results/Completion_20260904_supplemental_v2_C3_lambda005_seed2026_validation.csv,4888475,100,0.6401911018214392,0.46541383446621354,15.46289308332425,0.5468633586648786,0.4284547175660927
Multi-ACCDOA,causal,C3_lambda005,0.05,2027,evaluation,TAU2020 FOA,"2,3,4,5,6",1,SCORED_SAVED_PREDICTIONS,dcase2023_micro,supplemental_v2_C3_lambda005_seed2027,configs/multi_accdoa/C3.json,/work/zhanghc/Myllm/SELD/DynamicCausalMultiACCDOA_TAU2020/runs/manifests/42_supplemental_v2_C3_lambda005_seed2027_eval_split0_multiaccdoa_foa.json#params,/work/zhanghc/Myllm/SELD/DynamicCausalMultiACCDOA_TAU2020/runs/models/42_supplemental_v2_C3_lambda005_seed2027_eval_split0_multiaccdoa_foa_model.h5,/work/zhanghc/Myllm/SELD/DynamicCausalMultiACCDOA_TAU2020/runs/analysis/threshold_predictions/Completion_20260904_supplemental_v2_C3_lambda005_seed2027_evaluation_seed2027_evaluation_t050,/work/zhanghc/Myllm/SELD/experiment_completion_20260904/results/Completion_20260904_supplemental_v2_C3_lambda005_seed2027_evaluation.csv,4888475,200,0.6183456183456183,0.4835544833132288,14.544430510927643,0.5387180437198963,0.4192188707599672
Multi-ACCDOA,causal,C3_lambda005,0.05,2027,validation,TAU2020 FOA,"2,3,4,5,6",1,SCORED_SAVED_PREDICTIONS,dcase2023_micro,supplemental_v2_C3_lambda005_seed2027,configs/multi_accdoa/C3.json,/work/zhanghc/Myllm/SELD/DynamicCausalMultiACCDOA_TAU2020/runs/manifests/42_supplemental_v2_C3_lambda005_seed2027_eval_split0_multiaccdoa_foa.json#params,/work/zhanghc/Myllm/SELD/DynamicCausalMultiACCDOA_TAU2020/runs/models/42_supplemental_v2_C3_lambda005_seed2027_eval_split0_multiaccdoa_foa_model.h5,/work/zhanghc/Myllm/SELD/DynamicCausalMultiACCDOA_TAU2020/runs/analysis/threshold_predictions/Completion_20260904_supplemental_v2_C3_lambda005_seed2027_validation_seed2027_validation_t050,/work/zhanghc/Myllm/SELD/experiment_completion_20260904/results/Completion_20260904_supplemental_v2_C3_lambda005_seed2027_validation.csv,4888475,100,0.6236189907435056,0.47498581042730886,14.775350354805433,0.5352511551647041,0.42386682622510297
Multi-ACCDOA,causal,C3_lambda005,0.05,2028,evaluation,TAU2020 FOA,"2,3,4,5,6",1,SCORED_SAVED_PREDICTIONS,dcase2023_micro,supplemental_v2_C3_lambda005_seed2028,configs/multi_accdoa/C3.json,/work/zhanghc/Myllm/SELD/DynamicCausalMultiACCDOA_TAU2020/runs/manifests/42_supplemental_v2_C3_lambda005_seed2028_eval_split0_multiaccdoa_foa.json#params,/work/zhanghc/Myllm/SELD/DynamicCausalMultiACCDOA_TAU2020/runs/models/42_supplemental_v2_C3_lambda005_seed2028_eval_split0_multiaccdoa_foa_model.h5,/work/zhanghc/Myllm/SELD/DynamicCausalMultiACCDOA_TAU2020/runs/analysis/threshold_predictions/Completion_20260904_supplemental_v2_C3_lambda005_seed2028_evaluation_seed2028_evaluation_t050,/work/zhanghc/Myllm/SELD/experiment_completion_20260904/results/Completion_20260904_supplemental_v2_C3_lambda005_seed2028_evaluation.csv,4888475,200,0.6158141612687067,0.48185033128734606,14.385304294907527,0.531379821958457,0.4206255913042086
Multi-ACCDOA,causal,C3_lambda005,0.05,2028,validation,TAU2020 FOA,"2,3,4,5,6",1,SCORED_SAVED_PREDICTIONS,dcase2023_micro,supplemental_v2_C3_lambda005_seed2028,configs/multi_accdoa/C3.json,/work/zhanghc/Myllm/SELD/DynamicCausalMultiACCDOA_TAU2020/runs/manifests/42_supplemental_v2_C3_lambda005_seed2028_eval_split0_multiaccdoa_foa.json#params,/work/zhanghc/Myllm/SELD/DynamicCausalMultiACCDOA_TAU2020/runs/models/42_supplemental_v2_C3_lambda005_seed2028_eval_split0_multiaccdoa_foa_model.h5,/work/zhanghc/Myllm/SELD/DynamicCausalMultiACCDOA_TAU2020/runs/analysis/threshold_predictions/Completion_20260904_supplemental_v2_C3_lambda005_seed2028_validation_seed2028_validation_t050,/work/zhanghc/Myllm/SELD/experiment_completion_20260904/results/Completion_20260904_supplemental_v2_C3_lambda005_seed2028_validation.csv,4888475,100,0.6358614511794566,0.46641669383762635,15.219231791701988,0.528166915052161,0.43145728250533666
Multi-ACCDOA,noncausal,A0,0,2026,evaluation,TAU2020 FOA,"2,3,4,5,6",1,SCORED_SAVED_PREDICTIONS,dcase2023_micro,paper_v1_A0_seed2026,configs/multi_accdoa/A0.json,/work/zhanghc/Myllm/SELD/DynamicCausalMultiACCDOA_TAU2020/runs/manifests/32_paper_v1_A0_seed2026_eval_split0_multiaccdoa_foa.json#params,/work/zhanghc/Myllm/SELD/DynamicCausalMultiACCDOA_TAU2020/runs/models/32_paper_v1_A0_seed2026_eval_split0_multiaccdoa_foa_model.h5,/work/zhanghc/Myllm/SELD/DynamicCausalMultiACCDOA_TAU2020/runs/results/32_paper_v1_A0_seed2026_eval_split0_multiaccdoa_foa_20260902094006_test,/work/zhanghc/Myllm/SELD/DynamicCausalMultiACCDOA_TAU2020/runs/manifests/32_paper_v1_A0_seed2026_eval_split0_multiaccdoa_foa.json,6075227,200,0.5091951455587819,0.5552567139014893,14.801729221092675,0.6367068927222922,0.3498658419852677
Multi-ACCDOA,noncausal,A0,0,2026,validation,TAU2020 FOA,"2,3,4,5,6",1,SCORED_SAVED_PREDICTIONS,dcase2023_micro,paper_v1_A0_seed2026,configs/multi_accdoa/A0.json,/work/zhanghc/Myllm/SELD/DynamicCausalMultiACCDOA_TAU2020/runs/manifests/32_paper_v1_A0_seed2026_eval_split0_multiaccdoa_foa.json#params,/work/zhanghc/Myllm/SELD/DynamicCausalMultiACCDOA_TAU2020/runs/models/32_paper_v1_A0_seed2026_eval_split0_multiaccdoa_foa_model.h5,/work/zhanghc/Myllm/SELD/DynamicCausalMultiACCDOA_TAU2020/runs/analysis/threshold_predictions/Completion_20260904_paper_v1_A0_seed2026_validation_seed2026_validation_t050,/work/zhanghc/Myllm/SELD/experiment_completion_20260904/results/Completion_20260904_paper_v1_A0_seed2026_validation.csv,6075227,100,0.5323977306658704,0.5438110749185667,14.128356171880524,0.5954437164979154,0.3679084517177367
Multi-ACCDOA,noncausal,A0,0,2027,evaluation,TAU2020 FOA,"2,3,4,5,6",1,SCORED_SAVED_PREDICTIONS,dcase2023_micro,paper_v1_A0_seed2027,configs/multi_accdoa/A0.json,/work/zhanghc/Myllm/SELD/DynamicCausalMultiACCDOA_TAU2020/runs/manifests/32_paper_v1_A0_seed2027_eval_split0_multiaccdoa_foa.json#params,/work/zhanghc/Myllm/SELD/DynamicCausalMultiACCDOA_TAU2020/runs/models/32_paper_v1_A0_seed2027_eval_split0_multiaccdoa_foa_model.h5,/work/zhanghc/Myllm/SELD/DynamicCausalMultiACCDOA_TAU2020/runs/results/32_paper_v1_A0_seed2027_eval_split0_multiaccdoa_foa_20260902103752_test,/work/zhanghc/Myllm/SELD/DynamicCausalMultiACCDOA_TAU2020/runs/manifests/32_paper_v1_A0_seed2027_eval_split0_multiaccdoa_foa.json,6075227,200,0.5306380760926216,0.5383597353118107,15.366948323202687,0.6233054300318542,0.3635862114694651
Multi-ACCDOA,noncausal,A0,0,2027,validation,TAU2020 FOA,"2,3,4,5,6",1,SCORED_SAVED_PREDICTIONS,dcase2023_micro,paper_v1_A0_seed2027,configs/multi_accdoa/A0.json,/work/zhanghc/Myllm/SELD/DynamicCausalMultiACCDOA_TAU2020/runs/manifests/32_paper_v1_A0_seed2027_eval_split0_multiaccdoa_foa.json#params,/work/zhanghc/Myllm/SELD/DynamicCausalMultiACCDOA_TAU2020/runs/models/32_paper_v1_A0_seed2027_eval_split0_multiaccdoa_foa_model.h5,/work/zhanghc/Myllm/SELD/DynamicCausalMultiACCDOA_TAU2020/runs/analysis/threshold_predictions/Completion_20260904_paper_v1_A0_seed2027_validation_seed2027_validation_t050,/work/zhanghc/Myllm/SELD/experiment_completion_20260904/results/Completion_20260904_paper_v1_A0_seed2027_validation.csv,6075227,100,0.5509107196177964,0.5259571706683971,14.810587426539655,0.6054786362959654,0.3754389884779969
Multi-ACCDOA,noncausal,A0,0,2028,evaluation,TAU2020 FOA,"2,3,4,5,6",1,SCORED_SAVED_PREDICTIONS,dcase2023_micro,paper_v1_A0_seed2028,configs/multi_accdoa/A0.json,/work/zhanghc/Myllm/SELD/DynamicCausalMultiACCDOA_TAU2020/runs/manifests/32_paper_v1_A0_seed2028_eval_split0_multiaccdoa_foa.json#params,/work/zhanghc/Myllm/SELD/DynamicCausalMultiACCDOA_TAU2020/runs/models/32_paper_v1_A0_seed2028_eval_split0_multiaccdoa_foa_model.h5,/work/zhanghc/Myllm/SELD/DynamicCausalMultiACCDOA_TAU2020/runs/results/32_paper_v1_A0_seed2028_eval_split0_multiaccdoa_foa_20260902113350_test,/work/zhanghc/Myllm/SELD/DynamicCausalMultiACCDOA_TAU2020/runs/manifests/32_paper_v1_A0_seed2028_eval_split0_multiaccdoa_foa.json,6075227,200,0.522299158662795,0.5502963318917187,14.684526689514902,0.6221201570486703,0.3578658433882611
Multi-ACCDOA,noncausal,A0,0,2028,validation,TAU2020 FOA,"2,3,4,5,6",1,SCORED_SAVED_PREDICTIONS,dcase2023_micro,paper_v1_A0_seed2028,configs/multi_accdoa/A0.json,/work/zhanghc/Myllm/SELD/DynamicCausalMultiACCDOA_TAU2020/runs/manifests/32_paper_v1_A0_seed2028_eval_split0_multiaccdoa_foa.json#params,/work/zhanghc/Myllm/SELD/DynamicCausalMultiACCDOA_TAU2020/runs/models/32_paper_v1_A0_seed2028_eval_split0_multiaccdoa_foa_model.h5,/work/zhanghc/Myllm/SELD/DynamicCausalMultiACCDOA_TAU2020/runs/analysis/threshold_predictions/Completion_20260904_paper_v1_A0_seed2028_validation_seed2028_validation_t050,/work/zhanghc/Myllm/SELD/experiment_completion_20260904/results/Completion_20260904_paper_v1_A0_seed2028_validation.csv,6075227,100,0.5606151089877576,0.5127998061859,15.047335648173217,0.5952948183442526,0.3840291984035307
Multi-ACCDOA,noncausal,A3_lambda005,0.05,2026,evaluation,TAU2020 FOA,"2,3,4,5,6",1,SCORED_SAVED_PREDICTIONS,dcase2023_micro,supplemental_v2_A3_lambda005_seed2026,configs/multi_accdoa/A3.json,/work/zhanghc/Myllm/SELD/DynamicCausalMultiACCDOA_TAU2020/runs/manifests/52_supplemental_v2_A3_lambda005_seed2026_eval_split0_multiaccdoa_foa.json#params,/work/zhanghc/Myllm/SELD/DynamicCausalMultiACCDOA_TAU2020/runs/models/52_supplemental_v2_A3_lambda005_seed2026_eval_split0_multiaccdoa_foa_model.h5,/work/zhanghc/Myllm/SELD/DynamicCausalMultiACCDOA_TAU2020/runs/analysis/threshold_predictions/Completion_20260904_supplemental_v2_A3_lambda005_seed2026_evaluation_seed2026_evaluation_t050,/work/zhanghc/Myllm/SELD/experiment_completion_20260904/results/Completion_20260904_supplemental_v2_A3_lambda005_seed2026_evaluation.csv,6075227,200,0.5467202739930013,0.523922080039123,14.780483646764603,0.5863730723606169,0.37963472990771063
Multi-ACCDOA,noncausal,A3_lambda005,0.05,2026,validation,TAU2020 FOA,"2,3,4,5,6",1,SCORED_SAVED_PREDICTIONS,dcase2023_micro,supplemental_v2_A3_lambda005_seed2026,configs/multi_accdoa/A3.json,/work/zhanghc/Myllm/SELD/DynamicCausalMultiACCDOA_TAU2020/runs/manifests/52_supplemental_v2_A3_lambda005_seed2026_eval_split0_multiaccdoa_foa.json#params,/work/zhanghc/Myllm/SELD/DynamicCausalMultiACCDOA_TAU2020/runs/models/52_supplemental_v2_A3_lambda005_seed2026_eval_split0_multiaccdoa_foa_model.h5,/work/zhanghc/Myllm/SELD/DynamicCausalMultiACCDOA_TAU2020/runs/analysis/threshold_predictions/Completion_20260904_supplemental_v2_A3_lambda005_seed2026_validation_seed2026_validation_t050,/work/zhanghc/Myllm/SELD/experiment_completion_20260904/results/Completion_20260904_supplemental_v2_A3_lambda005_seed2026_validation.csv,6075227,100,0.5638996715437444,0.514848209115725,14.633801583355172,0.5680464562239428,0.3905759759723457
Multi-ACCDOA,noncausal,A3_lambda005,0.05,2027,evaluation,TAU2020 FOA,"2,3,4,5,6",1,SCORED_SAVED_PREDICTIONS,dcase2023_micro,supplemental_v2_A3_lambda005_seed2027,configs/multi_accdoa/A3.json,/work/zhanghc/Myllm/SELD/DynamicCausalMultiACCDOA_TAU2020/runs/manifests/52_supplemental_v2_A3_lambda005_seed2027_eval_split0_multiaccdoa_foa.json#params,/work/zhanghc/Myllm/SELD/DynamicCausalMultiACCDOA_TAU2020/runs/models/52_supplemental_v2_A3_lambda005_seed2027_eval_split0_multiaccdoa_foa_model.h5,/work/zhanghc/Myllm/SELD/DynamicCausalMultiACCDOA_TAU2020/runs/analysis/threshold_predictions/Completion_20260904_supplemental_v2_A3_lambda005_seed2027_evaluation_seed2027_evaluation_t050,/work/zhanghc/Myllm/SELD/experiment_completion_20260904/results/Completion_20260904_supplemental_v2_A3_lambda005_seed2027_evaluation.csv,6075227,200,0.5418062690789963,0.5308091161220306,15.309344388779671,0.6103202846975089,0.37143219538261374
Multi-ACCDOA,noncausal,A3_lambda005,0.05,2027,validation,TAU2020 FOA,"2,3,4,5,6",1,SCORED_SAVED_PREDICTIONS,dcase2023_micro,supplemental_v2_A3_lambda005_seed2027,configs/multi_accdoa/A3.json,/work/zhanghc/Myllm/SELD/DynamicCausalMultiACCDOA_TAU2020/runs/manifests/52_supplemental_v2_A3_lambda005_seed2027_eval_split0_multiaccdoa_foa.json#params,/work/zhanghc/Myllm/SELD/DynamicCausalMultiACCDOA_TAU2020/runs/models/52_supplemental_v2_A3_lambda005_seed2027_eval_split0_multiaccdoa_foa_model.h5,/work/zhanghc/Myllm/SELD/DynamicCausalMultiACCDOA_TAU2020/runs/analysis/threshold_predictions/Completion_20260904_supplemental_v2_A3_lambda005_seed2027_validation_seed2027_validation_t050,/work/zhanghc/Myllm/SELD/experiment_completion_20260904/results/Completion_20260904_supplemental_v2_A3_lambda005_seed2027_validation.csv,6075227,100,0.5546431770677814,0.530065730747383,14.662562536755507,0.5990762812872468,0.37673996144822613
Multi-ACCDOA,noncausal,A3_lambda005,0.05,2028,evaluation,TAU2020 FOA,"2,3,4,5,6",1,SCORED_SAVED_PREDICTIONS,dcase2023_micro,supplemental_v2_A3_lambda005_seed2028,configs/multi_accdoa/A3.json,/work/zhanghc/Myllm/SELD/DynamicCausalMultiACCDOA_TAU2020/runs/manifests/52_supplemental_v2_A3_lambda005_seed2028_eval_split0_multiaccdoa_foa.json#params,/work/zhanghc/Myllm/SELD/DynamicCausalMultiACCDOA_TAU2020/runs/models/52_supplemental_v2_A3_lambda005_seed2028_eval_split0_multiaccdoa_foa_model.h5,/work/zhanghc/Myllm/SELD/DynamicCausalMultiACCDOA_TAU2020/runs/analysis/threshold_predictions/Completion_20260904_supplemental_v2_A3_lambda005_seed2028_evaluation_seed2028_evaluation_t050,/work/zhanghc/Myllm/SELD/experiment_completion_20260904/results/Completion_20260904_supplemental_v2_A3_lambda005_seed2028_evaluation.csv,6075227,200,0.5319038046310773,0.5371096942945889,14.649255348230628,0.6013939349002744,0.36869623184270717
Multi-ACCDOA,noncausal,A3_lambda005,0.05,2028,validation,TAU2020 FOA,"2,3,4,5,6",1,SCORED_SAVED_PREDICTIONS,dcase2023_micro,supplemental_v2_A3_lambda005_seed2028,configs/multi_accdoa/A3.json,/work/zhanghc/Myllm/SELD/DynamicCausalMultiACCDOA_TAU2020/runs/manifests/52_supplemental_v2_A3_lambda005_seed2028_eval_split0_multiaccdoa_foa.json#params,/work/zhanghc/Myllm/SELD/DynamicCausalMultiACCDOA_TAU2020/runs/models/52_supplemental_v2_A3_lambda005_seed2028_eval_split0_multiaccdoa_foa_model.h5,/work/zhanghc/Myllm/SELD/DynamicCausalMultiACCDOA_TAU2020/runs/analysis/threshold_predictions/Completion_20260904_supplemental_v2_A3_lambda005_seed2028_validation_seed2028_validation_t050,/work/zhanghc/Myllm/SELD/experiment_completion_20260904/results/Completion_20260904_supplemental_v2_A3_lambda005_seed2028_validation.csv,6075227,100,0.5655419528217378,0.5158110882956879,14.71716929248099,0.5781948168007149,0.38832452483755736
